outbreak,date,naive_frequentist,naive_frequentist_lower,naive_frequentist_upper,naive_bayes_own_data,naive_bayes_own_data_lower,naive_bayes_own_data_upper,naive_bayes_historical,naive_bayes_historical_lower,naive_bayes_historical_upper,resolved_frequentist,resolved_frequentist_lower,resolved_frequentist_upper,resolved_bayes_own_data,resolved_bayes_own_data_lower,resolved_bayes_own_data_upper,resolved_bayes_historical,resolved_bayes_historical_lower,resolved_bayes_historical_upper,delay_adjusted_bayes_historical,delay_adjusted_bayes_historical_lower,delay_adjusted_bayes_historical_upper,delay_adjusted_bayes_own_data,delay_adjusted_bayes_own_data_lower,delay_adjusted_bayes_own_data_upper,delay_adjusted_frequentist,delay_adjusted_frequentist_lower,delay_adjusted_frequentist_upper
Uganda2022,2022-09-11,0.0,0.0,0.975,0.2928932188134526,0.01257911709342505,0.841886116991581,0.5470611149641993,0.18342320028187659,0.8293115488901215,,,,,,,,,,0.49168206235958173,0.023174505799027755,0.977183901138962,,,,,,
Uganda2022,2022-09-12,0.0,0.0,0.975,0.2928932188134526,0.01257911709342505,0.841886116991581,0.5470611149641993,0.18342320028187659,0.8293115488901215,,,,,,,,,,0.44688605122965364,0.021765002503271413,0.9610670212206793,,,,,,
Uganda2022,2022-09-13,0.0,0.0,0.975,0.2928932188134526,0.01257911709342505,0.841886116991581,0.5470611149641993,0.18342320028187659,0.8293115488901215,,,,,,,,,,0.42451374995573626,0.021295903348950734,0.9531556156441612,,,,,,
Uganda2022,2022-09-14,0.0,0.0,0.975,0.2928932188134526,0.01257911709342505,0.841886116991581,0.5470611149641993,0.18342320028187659,0.8293115488901215,,,,,,,,,,0.4073662036049544,0.02011322309868798,0.9425274514553256,,,,,,
Uganda2022,2022-09-15,0.0,0.0,0.975,0.2928932188134526,0.01257911709342505,0.841886116991581,0.5470611149641993,0.18342320028187659,0.8293115488901215,,,,,,,,,,0.39229871452470844,0.01929209467494711,0.9403515681752503,,,,,,
Uganda2022,2022-09-16,0.0,0.0,0.975,0.2928932188134526,0.01257911709342505,0.841886116991581,0.5470611149641993,0.18342320028187659,0.8293115488901215,,,,,,,,,,0.3795476081803245,0.019522236966627995,0.9267539118710094,,,,,,
Uganda2022,2022-09-17,0.0,0.0,0.975,0.2928932188134526,0.01257911709342505,0.841886116991581,0.5470611149641993,0.18342320028187659,0.8293115488901215,,,,,,,,,,0.36626708062304564,0.018498002495268624,0.9161149261230528,,,,,,
Uganda2022,2022-09-18,0.0,0.0,0.841886116991581,0.20629947401590035,0.008403758659612636,0.7075982261787133,0.49292463646315615,0.14080471365456632,0.7670205245333679,,,,,,,,,,0.36130677387719395,0.01736222147743428,0.9072269649415219,,,,,,
Uganda2022,2022-09-19,0.5,0.01257911709342505,0.9874208829065749,0.5,0.09429932405024609,0.9057006759497539,0.5908620705325782,0.2665169796912456,0.8486856265257505,1.0,0.025,1.0,0.7071067811865475,0.15811388300841897,0.9874208829065749,0.801048989465803,0.2722702809980995,0.998819700469444,0.7081615361773854,0.16210946862355674,0.9845643247522031,0.68026223268038,0.15132298167822023,0.9825496621684274,,,
Uganda2022,2022-09-20,0.5,0.01257911709342505,0.9874208829065749,0.5,0.09429932405024609,0.9057006759497539,0.5908620705325782,0.2665169796912456,0.8486856265257505,1.0,0.025,1.0,0.7071067811865475,0.15811388300841897,0.9874208829065749,0.801048989465803,0.2722702809980995,0.998819700469444,0.7018515295734307,0.1591168134865987,0.9849025621088873,0.6714509708685832,0.14716167966830598,0.9813158588458639,,,
Uganda2022,2022-09-21,0.5,0.01257911709342505,0.9874208829065749,0.5,0.09429932405024609,0.9057006759497539,0.5908620705325782,0.2665169796912456,0.8486856265257505,1.0,0.025,1.0,0.7071067811865475,0.15811388300841897,0.9874208829065749,0.801048989465803,0.2722702809980995,0.998819700469444,0.700113022858064,0.1551014233324431,0.984422658787498,0.6637167523653297,0.14034893191146727,0.9812313440173384,,,
Uganda2022,2022-09-22,0.14285714285714285,0.0036102968619005833,0.5787231970431952,0.20113119260500997,0.031854026249944226,0.5265096708752065,0.4006487385720181,0.1281972640920601,0.6459435793556663,1.0,0.025,1.0,0.7071067811865475,0.15811388300841897,0.9874208829065749,0.801048989465803,0.2722702809980995,0.998819700469444,0.6899122102676414,0.15062324586268075,0.9831531153535307,0.662309942895368,0.14083113468681144,0.9815690528929937,,,
Uganda2022,2022-09-23,0.36363636363636365,0.10926344381909811,0.6920952849883228,0.37852862424520206,0.15165222980843013,0.6511244935811844,0.47510840979472974,0.2431750515654745,0.6866084122677469,1.0,0.3976353643835253,1.0,0.8705505632961241,0.4781762498950185,0.9949492366205319,0.8897194351068404,0.5294572987848957,0.999523713097858,0.6869396325309285,0.3315712097620114,0.9434941067474906,0.7089759316629413,0.32347430825949214,0.9771626370929326,0.6667000000000001,0.28090000000000004,0.9351
Uganda2022,2022-09-24,0.26666666666666666,0.07787154629104358,0.5510032410369705,0.285885924234422,0.11016995471711757,0.5237708198961273,0.39671433006864754,0.18509708385230297,0.5989925854434452,1.0,0.3976353643835253,1.0,0.8705505632961241,0.4781762498950185,0.9949492366205319,0.8897194351068404,0.5294572987848957,0.999523713097858,0.4667520233011756,0.20371511878681903,0.7610566461313182,0.49088577619107165,0.19165176753161384,0.8862571998387003,0.4,0.1457,0.6999000000000001
Uganda2022,2022-09-25,0.2777777777777778,0.09694921252555934,0.5348019655830561,0.29322017994366456,0.1257606358729833,0.5120293453458726,0.38965622562189706,0.19047558797250713,0.5823233502818614,1.0,0.4781762498950185,1.0,0.8908987181403393,0.5407418735600995,0.9957892554855106,0.9020317853581981,0.5863664625417921,0.9995403418695957,0.43540135594125395,0.19444367965765655,0.711471312148609,0.4457600597784018,0.19082379026450516,0.8224649572569268,0.3846,0.159,0.6519
Uganda2022,2022-09-26,0.2631578947368421,0.09146578490766653,0.5120293453458726,0.278804554030665,0.11893159040572766,0.49104587170795744,0.37509780906542695,0.18260039091650773,0.5658936565475795,1.0,0.4781762498950185,1.0,0.8908987181403393,0.5407418735600995,0.9957892554855106,0.9020317853581981,0.5863664625417921,0.9995403418695957,0.3668842101368085,0.16132866107836466,0.619122291827292,0.3693355924012356,0.15325779833290268,0.7149013872904691,0.3125,0.1254,0.5554
Uganda2022,2022-09-27,0.25,0.08657146910143461,0.49104587170795744,0.2657397269914126,0.11280940392194076,0.4716598276546214,0.3617038490027221,0.1755980744304721,0.5533418341406661,1.0,0.4781762498950185,1.0,0.8908987181403393,0.5407418735600995,0.9957892554855106,0.9020317853581981,0.5863664625417921,0.9995403418695957,0.3422684306292043,0.1500481128917194,0.5825210382768609,0.34640594284596793,0.14233117459801214,0.6759800516971853,0.29410000000000003,0.11710000000000001,0.5289
Uganda2022,2022-09-28,0.19230769230769232,0.06554810873678249,0.3935055279393219,0.20741922665997647,0.08621693994756671,0.38082987909399446,0.2992593889473111,0.14020986351253206,0.48499335678504407,0.7142857142857143,0.2904208637373427,0.9633074338239145,0.6794810327025238,0.3491442055871758,0.9147665858627464,0.7162686856406577,0.40022418134306054,0.9245237592601524,0.32211874703456905,0.14084546239977397,0.5514800640819569,0.3264564316850914,0.13325954676981133,0.6426419522940474,0.2778,0.10990000000000001,0.5048
Uganda2022,2022-09-29,0.19444444444444445,0.08194363976520887,0.36024801617502533,0.20541263067495286,0.09826563583544924,0.35155237836925407,0.2776861977136291,0.14447217577369054,0.44041491427219354,0.7777777777777778,0.39990642628368783,0.9718550265221018,0.7414252767150369,0.4439045376923585,0.9332604888222655,0.7641411510541969,0.49062457350843186,0.9429040094185734,0.3314988188599837,0.16767077322915133,0.5315310869273641,0.3303718495728181,0.16051654925724307,0.5756196061312878,0.2917,0.1374,0.4882
Uganda2022,2022-09-30,0.2222222222222222,0.10115053034491275,0.39151764915738135,0.23218935501233565,0.11772517430710795,0.3821364917715494,0.30216972915084095,0.16731257718302373,0.4623954997832365,0.8,0.4439045376923585,0.9747892736731666,0.7642144733641716,0.4822441476398273,0.9397822658270933,0.7818058320137906,0.5218653649981716,0.9487110637545493,0.27973923320451033,0.14140095831729899,0.4600312140968624,0.2805943445778584,0.13609211104848815,0.48876358243831397,0.25,0.12300000000000001,0.41550000000000004
Uganda2022,2022-10-01,0.21951219512195122,0.10560803322606103,0.3761374654340026,0.22838351983644914,0.12051618649217988,0.3681156339319763,0.2910772304700525,0.1662162367984593,0.4411286487472939,0.6923076923076923,0.3857383382492956,0.9090796054279033,0.6742488447137873,0.4189647428163391,0.8724015701408404,0.697970711982046,0.4504799364039464,0.8820936571263688,0.3105809637262029,0.16154147240197128,0.4853261047574119,0.3054798703002135,0.15482161440071704,0.5031224158012297,0.2813,0.14650000000000002,0.44970000000000004
Uganda2022,2022-10-02,0.20930232558139536,0.10044114667792947,0.3604247520941668,0.21808126690981042,0.11473351393859559,0.35304505677824954,0.2800662364477873,0.1588949381573439,0.4266740964004744,0.6923076923076923,0.3857383382492956,0.9090796054279033,0.6742488447137873,0.4189647428163391,0.8724015701408404,0.697970711982046,0.4504799364039464,0.8820936571263688,0.2737383150432568,0.14078592073515545,0.4348747722932852,0.26962079022088353,0.13621987550545436,0.448936137348082,0.25,0.129,0.40540000000000004
Uganda2022,2022-10-03,0.20930232558139536,0.10044114667792947,0.3604247520941668,0.21808126690981042,0.11473351393859559,0.35304505677824954,0.2800662364477873,0.1588949381573439,0.4266740964004744,0.6923076923076923,0.3857383382492956,0.9090796054279033,0.6742488447137873,0.4189647428163391,0.8724015701408404,0.697970711982046,0.4504799364039464,0.8820936571263688,0.25782582865262915,0.13234759729977602,0.41337385506430124,0.25515521651853723,0.12850004054993197,0.42477354835981007,0.2368,0.1217,0.38630000000000003
Uganda2022,2022-10-04,0.23255813953488372,0.11755357110870183,0.38630821183958336,0.24063271436089817,0.1319274379336468,0.3784429475655193,0.29911304436997094,0.17679533295776684,0.44554286463396925,0.5882352941176471,0.32924715394675735,0.8155630382160532,0.5817737444400044,0.3574512058930626,0.7846984926127001,0.6089041121573718,0.3922541643061249,0.7996111661145335,0.28351954952011416,0.1519848225205829,0.43746352369326996,0.2858695580141147,0.14984313298387053,0.4654869765148161,0.2632,0.14170000000000002,0.41550000000000004
Uganda2022,2022-10-05,0.23255813953488372,0.11755357110870183,0.38630821183958336,0.24063271436089817,0.1319274379336468,0.3784429475655193,0.29911304436997094,0.17679533295776684,0.44554286463396925,0.5882352941176471,0.32924715394675735,0.8155630382160532,0.5817737444400044,0.3574512058930626,0.7846984926127001,0.6089041121573718,0.3922541643061249,0.7996111661145335,0.27967520825289427,0.14971799672555264,0.43231358955470633,0.28307398099262066,0.14823877782816922,0.4608174200547557,0.2632,0.14170000000000002,0.41550000000000004
Uganda2022,2022-10-06,0.22727272727272727,0.11473351393859559,0.3784429475655193,0.23532500859410022,0.12882281460350803,0.37088755259948797,0.2935257449339541,0.17294104855603548,0.43824335626597394,0.5555555555555556,0.30757165899875616,0.7846984926127001,0.5516992414927309,0.3349978440117354,0.7555253105338039,0.579486393755162,0.3633239232519708,0.7697408821673817,0.27685331459154433,0.14845436849402752,0.42934381463276655,0.2805035398427326,0.14587585757168564,0.45714967583782884,0.2564,0.1378,0.406
Uganda2022,2022-10-07,0.22727272727272727,0.11473351393859559,0.3784429475655193,0.23532500859410022,0.12882281460350803,0.37088755259948797,0.2935257449339541,0.17294104855603548,0.43824335626597394,0.5555555555555556,0.30757165899875616,0.7846984926127001,0.5516992414927309,0.3349978440117354,0.7555253105338039,0.579486393755162,0.3633239232519708,0.7697408821673817,0.2695966211465445,0.14432585412014304,0.41853677036845977,0.27318177439483576,0.1414387339524916,0.44754373549259857,0.25,0.1341,0.397
Uganda2022,2022-10-08,0.22727272727272727,0.11473351393859559,0.3784429475655193,0.23532500859410022,0.12882281460350803,0.37088755259948797,0.2935257449339541,0.17294104855603548,0.43824335626597394,0.5555555555555556,0.30757165899875616,0.7846984926127001,0.5516992414927309,0.3349978440117354,0.7555253105338039,0.579486393755162,0.3633239232519708,0.7697408821673817,0.26697883220819263,0.14266343019445493,0.4152107030679268,0.2710239394938829,0.1404427213243632,0.44371715725527683,0.25,0.1341,0.397
Uganda2022,2022-10-09,0.3541666666666667,0.22160593291183364,0.5054317445633696,0.3581192983431254,0.23422415553661113,0.49638719771946427,0.39694582967823777,0.26710543063088255,0.5290238708384677,0.5483870967741935,0.36034232716081716,0.7268350139962649,0.5463837865282273,0.37662573159009394,0.7090601770939847,0.5672172442820773,0.3995507304213773,0.7248482931842206,0.4382204057389073,0.28520980941330615,0.5888246195833019,0.441653172804387,0.2905833314476518,0.6203025760088701,0.42500000000000004,0.2801,0.5792
Uganda2022,2022-10-10,0.35185185185185186,0.22681188409847144,0.493762138240782,0.35543077630334696,0.23813837921348288,0.48581495093931865,0.3907206249721026,0.26821335432187543,0.5154754317313888,0.5757575757575758,0.39215301618788523,0.7452381772653041,0.5728043184253931,0.4069694329708481,0.728149803585133,0.5912287498203426,0.429639868709936,0.7409566233131442,0.45076734500798976,0.3058237914748538,0.5930596366491834,0.4518223026386833,0.30075796366849783,0.6271228812459725,0.4318,0.29250000000000004,0.5789000000000001
Uganda2022,2022-10-11,0.35185185185185186,0.22681188409847144,0.493762138240782,0.35543077630334696,0.23813837921348288,0.48581495093931865,0.3907206249721026,0.26821335432187543,0.5154754317313888,0.5757575757575758,0.39215301618788523,0.7452381772653041,0.5728043184253931,0.4069694329708481,0.728149803585133,0.5912287498203426,0.429639868709936,0.7409566233131442,0.40619154906297295,0.27166436032597946,0.5417868677233839,0.4065389180351591,0.26715867076409283,0.5736927133905055,0.38780000000000003,0.2597,0.5273
Uganda2022,2022-10-12,0.35185185185185186,0.22681188409847144,0.493762138240782,0.35543077630334696,0.23813837921348288,0.48581495093931865,0.3907206249721026,0.26821335432187543,0.5154754317313888,0.5757575757575758,0.39215301618788523,0.7452381772653041,0.5728043184253931,0.4069694329708481,0.728149803585133,0.5912287498203426,0.429639868709936,0.7409566233131442,0.4018716345877539,0.26871611253646405,0.5364624416551609,0.40205239107640445,0.2643101551533714,0.5685443630509651,0.38780000000000003,0.2597,0.5273
Uganda2022,2022-10-13,0.3448275862068966,0.22490093436633676,0.4811973151235634,0.3483229691339795,0.23554466501853066,0.47392911445192437,0.38355436753761224,0.2675301814562539,0.5099524376467444,0.5128205128205128,0.34780220935734085,0.6758192190343923,0.5123953363322076,0.3612801352640621,0.6619821862627655,0.531006377937185,0.38172204083012,0.6772341251604006,0.4159351191267367,0.2777953556596721,0.5524944342069117,0.41770834764387554,0.28099814812671414,0.5779625988131417,0.4,0.2718,0.5382
Uganda2022,2022-10-14,0.3620689655172414,0.2399208194063017,0.4988210204910023,0.3651758332794635,0.2504395692613039,0.49131585970166125,0.39847715733643346,0.28139063271986214,0.5247418287907111,0.4883720930232558,0.3330513538648937,0.6453532269489863,0.4887228268012248,0.3456115734972565,0.6331024834071655,0.5058129554599632,0.36207451254545814,0.6478356425583639,0.41144787778534264,0.2775569340900798,0.5448695939267704,0.41394050401837634,0.2819276175505865,0.5675704069474485,0.3962,0.2718,0.5304
Uganda2022,2022-10-15,0.3620689655172414,0.2399208194063017,0.4988210204910023,0.3651758332794635,0.2504395692613039,0.49131585970166125,0.39847715733643346,0.28139063271986214,0.5247418287907111,0.4883720930232558,0.3330513538648937,0.6453532269489863,0.4887228268012248,0.3456115734972565,0.6331024834071655,0.5058129554599632,0.36207451254545814,0.6478356425583639,0.407995935458652,0.2757116629295309,0.5401375645891224,0.4108302352602156,0.2793894924784723,0.5640516462317817,0.3962,0.2718,0.5304
Uganda2022,2022-10-16,0.38333333333333336,0.2607070580159992,0.5178850485688385,0.38587523022051295,0.2707289210698165,0.5103669412052783,0.4156225614473537,0.29970691611598504,0.5381168693052114,0.46938775510204084,0.3253387251165537,0.6172692650662402,0.4702007765422628,0.3366050916034599,0.6067580238830776,0.4862645566488245,0.3521057612159334,0.6213212838580018,0.44160484300671676,0.30990023116790183,0.5703600301925359,0.442139706690894,0.3080043500381644,0.5914774004790224,0.4259,0.2998,0.5589000000000001
Uganda2022,2022-10-17,0.4,0.2756215787355349,0.5345945626885723,0.40217870626020674,0.28550438240732373,0.526863929605698,0.4299213475503155,0.313421913776582,0.552335610248754,0.48,0.3366050916034599,0.6258480549209057,0.48052079851588475,0.3475279629951143,0.6154127369372966,0.49584525042424177,0.36232828318618615,0.6297980501034305,0.44599124065833773,0.3143226314429936,0.5734818573202761,0.44696987551684714,0.3157010907614021,0.5990281224019615,0.4364,0.3105,0.5680000000000001
Uganda2022,2022-10-18,0.4098360655737705,0.28550438240732373,0.5432236267384243,0.41176886392943934,0.2951464281554935,0.5355033898577284,0.4381140533475885,0.32251419367587175,0.5597032958838448,0.49019607843137253,0.3475279629951143,0.634042860329036,0.49044648115886486,0.3581204745925295,0.6236865105630132,0.5050042178424927,0.37228291889332926,0.6365476564388883,0.4607895060461571,0.33082312141551257,0.5833159104503023,0.4606517035933094,0.32804514130178464,0.6087632249892331,0.4464,0.3209,0.5768
Uganda2022,2022-10-19,0.390625,0.27103552155972727,0.520684570999115,0.39286180223438366,0.2803996418671456,0.5135702672227331,0.4203437527907218,0.30760683441095926,0.5395756065683699,0.4807692307692308,0.34011915112056673,0.6236865105630132,0.48125117504522896,0.35061843971063966,0.6136447928059006,0.49604821544311006,0.3647445650955735,0.6275302957539296,0.45266474085198904,0.3236603208702801,0.5740963519390637,0.4525707598198485,0.3217279671157652,0.5994943906137248,0.43860000000000005,0.31470000000000004,0.5679000000000001
Uganda2022,2022-10-20,0.4153846153846154,0.2943819982497673,0.5443553139924302,0.41708886565311715,0.30340193303833823,0.5370634364414116,0.4412972353882587,0.32880910064945273,0.5599328319480305,0.5,0.36080996838500734,0.6391900316149925,0.5,0.37070534510532216,0.6292946548946778,0.5130468977482388,0.3808305820102253,0.6380194860017327,0.4672038102536752,0.3401421877089518,0.5875105338048968,0.46826387554162047,0.339672813547725,0.6137818533603159,0.4576,0.33440000000000003,0.5844
Uganda2022,2022-10-21,0.38028169014084506,0.26760355949375375,0.5032792999655201,0.3824926846735835,0.2761546858474555,0.4970140706287165,0.4084297312543006,0.301466574936503,0.5217094290054177,0.5,0.36080996838500734,0.6391900316149925,0.5,0.37070534510532216,0.6292946548946778,0.5130468977482388,0.3808305820102253,0.6380194860017327,0.4585876513355903,0.33358741206942805,0.5771991618119631,0.4599258909249725,0.3330485524069693,0.603813810223475,0.45,0.32830000000000004,0.5759000000000001
Uganda2022,2022-10-22,0.37333333333333335,0.26430191165650824,0.49269536998870556,0.3755498762928113,0.2724630145688029,0.486856423457652,0.4009508258028259,0.2970060548447924,0.512130044557958,0.509090909090909,0.37070534510532216,0.6464637968420599,0.5088752415915059,0.3803158020650812,0.636644569175189,0.5211607237685977,0.3898430071753079,0.6446603399263973,0.43960040460788363,0.316717275768281,0.5590672448781355,0.43865671886000257,0.31864021291555006,0.5712263739238658,0.4308,0.3149,0.552
Uganda2022,2022-10-23,0.3111111111111111,0.2176695328513913,0.41739152280775293,0.3138731521538688,0.22487385245478456,0.41317055690628024,0.340484990443339,0.24783302714665828,0.44294817331794073,0.509090909090909,0.37070534510532216,0.6464637968420599,0.5088752415915059,0.3803158020650812,0.636644569175189,0.5211607237685977,0.3898430071753079,0.6446603399263973,0.4173351283534982,0.29957871830428334,0.5337606198000725,0.4162405342353247,0.2998346037804946,0.5457417478982912,0.4058,0.29500000000000004,0.5235000000000001
Uganda2022,2022-10-24,0.3157894736842105,0.22421979057887015,0.41920736370136785,0.3183430549491346,0.23104056063452938,0.4151815974671896,0.34334127633984074,0.25259555535029166,0.44351150990921323,0.46875,0.3427965289396206,0.5976901554016487,0.4693890359301294,0.3514596807608302,0.5896749259833874,0.48093914823439254,0.3592449080845646,0.5994107386529123,0.3846685614833715,0.28004523492365335,0.4920271380907594,0.38591359974493933,0.27770181924579224,0.5041330470323548,0.375,0.2741,0.4837
Uganda2022,2022-10-25,0.28440366972477066,0.20210690415239624,0.37878063865060235,0.28701279052700707,0.20823098506435542,0.3755707520885587,0.31138949783224845,0.22901697699511708,0.4037773887703814,0.47692307692307695,0.3514596807608302,0.6045575385715867,0.47738785109193094,0.3599107557499767,0.596579946558275,0.488695250415205,0.366908198303941,0.6061306321251311,0.37463591409599306,0.2713881249705698,0.48128172768845306,0.37677683067874485,0.27267054014442643,0.48862322630033966,0.3647,0.2676,0.46990000000000004
Uganda2022,2022-10-26,0.2782608695652174,0.19874540513576475,0.36954619180609055,0.2808057839694372,0.20459148591600124,0.3665674411403307,0.30444369465125765,0.22478069598885725,0.3943125528901099,0.47761194029850745,0.354014877932207,0.6032515951296267,0.4780496186595225,0.36220809229760104,0.595508077633579,0.49016192511244594,0.3765424267930244,0.6067427155040972,0.34253714337586066,0.24740326744000643,0.44097991794983504,0.34102178111795195,0.2473252387262672,0.4493671522022161,0.33330000000000004,0.2444,0.43110000000000004
Uganda2022,2022-10-27,0.2644628099173554,0.18844779577390405,0.35236077857766146,0.2670334256934767,0.19407105238104988,0.3496495958750796,0.2901856007206847,0.21335890476617614,0.37472368399635897,0.47761194029850745,0.354014877932207,0.6032515951296267,0.4780496186595225,0.36220809229760104,0.595508077633579,0.49016192511244594,0.3765424267930244,0.6067427155040972,0.32325310133602625,0.2332496670173804,0.416852550058914,0.32191276152411474,0.23268196616257786,0.4263624039652915,0.31370000000000003,0.2291,0.40750000000000003
Uganda2022,2022-10-28,0.2644628099173554,0.18844779577390405,0.35236077857766146,0.2670334256934767,0.19407105238104988,0.3496495958750796,0.2901856007206847,0.21335890476617614,0.37472368399635897,0.47761194029850745,0.354014877932207,0.6032515951296267,0.4780496186595225,0.36220809229760104,0.595508077633579,0.49016192511244594,0.3765424267930244,0.6067427155040972,0.3063691663247814,0.2209347388181556,0.3966912568396483,0.30542747330330106,0.21980590273742848,0.405783909965284,0.29910000000000003,0.21780000000000002,0.38980000000000004
Uganda2022,2022-10-29,0.265625,0.19148743088694378,0.35092799492978966,0.2680443061274481,0.19681584659265552,0.3483695903437654,0.28977073886433147,0.21490598892331336,0.3723667320789356,0.4594594594594595,0.3429195917062333,0.5793443273251749,0.460178247104736,0.35050049030628755,0.5725210907779152,0.470180344354064,0.3591932510386799,0.5789291927262681,0.31888090115885537,0.23469362188824522,0.4140632842263215,0.32014738553009264,0.23356356516214766,0.4204077849658324,0.3119,0.2301,0.4025
Uganda2022,2022-10-30,0.2868217054263566,0.21065737693215944,0.3730476980078262,0.2890051932914269,0.21586712925163393,0.37035616766304214,0.3092350443607786,0.23353664032439952,0.39290740784007666,0.4625,0.35027642653839824,0.577582471995165,0.4631157512212541,0.3572668264759348,0.5712537426278557,0.4723919414112864,0.3654594071667279,0.5771053253735331,0.33153283955041585,0.2504447252251234,0.42533260002639556,0.33107050085009826,0.24432819397723507,0.4250838808605481,0.3246,0.24330000000000002,0.4137
Uganda2022,2022-10-31,0.33076923076923076,0.2507812186577202,0.41866460060593363,0.3324892316999193,0.2557660887584262,0.41568473416730806,0.35038214287156066,0.27139217267143934,0.436756336425217,0.48863636363636365,0.3805151881811668,0.5975439211958256,0.4888062198624459,0.3866645025693345,0.5915812601758519,0.49739595317072827,0.3976019653157948,0.6017033298618113,0.3800576527735139,0.29100643790437436,0.4725009666925316,0.3790960973745591,0.29153529145092205,0.47876284151498605,0.3739,0.28900000000000003,0.46430000000000005
Uganda2022,2022-11-01,0.3511450381679389,0.26983252577361355,0.4393534333247327,0.35264645985698945,0.2746859823564785,0.4362581952278755,0.36889845764511375,0.2898232578006143,0.45212942284809954,0.4842105263157895,0.3803858816966195,0.5890462061271584,0.4844293645562716,0.38611237817750527,0.583564083301576,0.49249348080278993,0.39420623833872587,0.5866779489577989,0.3997247730214676,0.31063624318107985,0.4944029461061116,0.398014627341331,0.31195448086947697,0.4958096884162701,0.3932,0.30770000000000003,0.4832
Uganda2022,2022-11-02,0.366412213740458,0.2839895157147441,0.4550203842214736,0.3677596196708585,0.28876911510870495,0.45182197737267576,0.3829952568183946,0.30341033801168443,0.46629110617513586,0.47058823529411764,0.37097329328526296,0.571955518249299,0.4709682271615764,0.37640073707297855,0.5669582910812294,0.47861898819168447,0.3841582242032064,0.5706271105361034,0.41232830601937875,0.322067521965203,0.5054424777664475,0.411809683524074,0.3242777484183226,0.5104727006973663,0.4068,0.3209,0.49660000000000004
Uganda2022,2022-11-03,0.37404580152671757,0.29110115300585376,0.46282113325886237,0.37531620279764955,0.2958429278216176,0.45957159992877294,0.3901103095001996,0.3102834607920972,0.4732607801567194,0.44545454545454544,0.35066069023407054,0.5432591716138946,0.44610856607660976,0.35585567062508805,0.5388143984057558,0.45322293180762807,0.3649999598613564,0.5474198301285198,0.41776658871351086,0.332102334567723,0.512145870428855,0.4172323238511534,0.3303079725669435,0.5154178289589069,0.4118,0.326,0.5013000000000001
Uganda2022,2022-11-04,0.37404580152671757,0.29110115300585376,0.46282113325886237,0.37531620279764955,0.2958429278216176,0.45957159992877294,0.3901103095001996,0.3102834607920972,0.4732607801567194,0.44545454545454544,0.35066069023407054,0.5432591716138946,0.44610856607660976,0.35585567062508805,0.5388143984057558,0.45322293180762807,0.3649999598613564,0.5474198301285198,0.4151966007613238,0.3298411428563825,0.5095417143686284,0.4147620225125017,0.32811273293403004,0.512064185555052,0.4118,0.326,0.5013000000000001
Uganda2022,2022-11-05,0.38636363636363635,0.3029378796511055,0.4750076323156323,0.38750117915393145,0.3075825184109909,0.4717026665295035,0.4013985872717508,0.32156550375022697,0.4837032559184361,0.45535714285714285,0.3609720354480913,0.5521614914345423,0.4558829683004933,0.3660113913185953,0.5477275431896467,0.4627039875127841,0.37449370853655867,0.555930882953064,0.42883015234803734,0.3396013139161694,0.520423768564045,0.4295113019956256,0.34050487558613723,0.5272223131234546,0.42500000000000004,0.33890000000000003,0.5143
Uganda2022,2022-11-06,0.3925925925925926,0.3097184992025063,0.4802868510542249,0.3936440926418765,0.31423014887805006,0.47701873904635916,0.4069754649112452,0.32777758831267945,0.4877865499651276,0.4608695652173913,0.36750754478126485,0.5562958548780594,0.46131856281363254,0.37238052548411443,0.5519423609231913,0.46799443412625724,0.3804076450760151,0.5594113999466334,0.43865949475716903,0.35011688667110463,0.531909376643253,0.43987256456027474,0.35144875178013046,0.5355684336092391,0.4344,0.3486,0.523
Uganda2022,2022-11-07,0.3897058823529412,0.3073061187168133,0.47701873904635916,0.39077777515537304,0.3117994929760652,0.47379412150497013,0.4042171086019647,0.3253282682788002,0.485054338916788,0.4608695652173913,0.36750754478126485,0.5562958548780594,0.46131856281363254,0.37238052548411443,0.5519423609231913,0.46799443412625724,0.3804076450760151,0.5594113999466334,0.42935868325221516,0.3424887496927197,0.521719534615661,0.43042644374617817,0.34363386186247846,0.5249276290311218,0.4274,0.3426,0.5152
Uganda2022,2022-11-08,0.3897058823529412,0.3073061187168133,0.47701873904635916,0.39077777515537304,0.3117994929760652,0.47379412150497013,0.4042171086019647,0.3253282682788002,0.485054338916788,0.4608695652173913,0.36750754478126485,0.5562958548780594,0.46131856281363254,0.37238052548411443,0.5519423609231913,0.46799443412625724,0.3804076450760151,0.5594113999466334,0.42460618513748793,0.33872629879169,0.5167523447174127,0.42601671807016916,0.3402339641588401,0.5194897098322868,0.42060000000000003,0.3367,0.5077
Uganda2022,2022-11-09,0.3897058823529412,0.3073061187168133,0.47701873904635916,0.39077777515537304,0.3117994929760652,0.47379412150497013,0.4042171086019647,0.3253282682788002,0.485054338916788,0.4608695652173913,0.36750754478126485,0.5562958548780594,0.46131856281363254,0.37238052548411443,0.5519423609231913,0.46799443412625724,0.3804076450760151,0.5594113999466334,0.42256388413102436,0.3372777868493816,0.514448017235092,0.42392484610486103,0.3387717733500481,0.5172474199267124,0.42060000000000003,0.3367,0.5077
Uganda2022,2022-11-10,0.39416058394160586,0.3117994929760652,0.48120088811061995,0.39518173715466615,0.3162382741445939,0.4779727064081762,0.40817341421775816,0.32947865452650066,0.48832867710510347,0.453781512605042,0.36230781071097673,0.5476103878018184,0.4542941945808887,0.3670599277953185,0.5434547802638481,0.46066495473379565,0.3749279988671839,0.5511575804810704,0.431470745990325,0.34516481066922056,0.5211193659224582,0.4313154837858645,0.3464053962660601,0.5234650050052229,0.42860000000000004,0.3443,0.5157
Uganda2022,2022-11-11,0.39416058394160586,0.3117994929760652,0.48120088811061995,0.39518173715466615,0.3162382741445939,0.4779727064081762,0.40817341421775816,0.32947865452650066,0.48832867710510347,0.453781512605042,0.36230781071097673,0.5476103878018184,0.4542941945808887,0.3670599277953185,0.5434547802638481,0.46066495473379565,0.3749279988671839,0.5511575804810704,0.42769184036853786,0.34157935588797406,0.5165199374056713,0.4274810097026822,0.34303313832358684,0.5191083933597704,0.4219,0.3386,0.5083
Uganda2022,2022-11-12,0.39568345323741005,0.3138276434661277,0.4820836079608009,0.39667555469899574,0.3181957693834336,0.4788944335899052,0.4093495862558921,0.3312487775499607,0.4890326532162593,0.4435483870967742,0.35438875120645247,0.5354672497796468,0.44414957580841746,0.3590089511894956,0.531551041404341,0.45054742857925334,0.3668612665644136,0.5392594438149458,0.43391540451057764,0.3478075747091686,0.5225386546545961,0.43360790273066774,0.3493357686838606,0.5250440442958618,0.4297,0.34600000000000003,0.5161
Uganda2022,2022-11-13,0.39285714285714285,0.31145376455252655,0.4788944335899052,0.3938689093669222,0.3158049842625432,0.4757465317410228,0.40662279321501843,0.32889734293003353,0.48614928183078965,0.4435483870967742,0.35438875120645247,0.5354672497796468,0.44414957580841746,0.3590089511894956,0.531551041404341,0.45054742857925334,0.3668612665644136,0.5392594438149458,0.42798261776226565,0.34263430995834376,0.5159254139525509,0.42775869211783,0.34419420219976765,0.5184964283550456,0.42310000000000003,0.3403,0.5088
Uganda2022,2022-11-14,0.3900709219858156,0.30911579569849146,0.4757465317410228,0.39110170116523324,0.3134501312005762,0.47263912430986177,0.4040671833598083,0.32658180631690364,0.4834739764462216,0.4296875,0.34257179022147427,0.5201315514779117,0.4304131242288706,0.34712570648250873,0.5164310791188598,0.43690142348959743,0.3552199244022722,0.5236950969613002,0.42417699452182256,0.3393478553406381,0.512212164858891,0.4238879046870915,0.3408724719322219,0.5143405043396431,0.4198,0.3376,0.5052
Uganda2022,2022-11-15,0.3900709219858156,0.30911579569849146,0.4757465317410228,0.39110170116523324,0.3134501312005762,0.47263912430986177,0.4040671833598083,0.32658180631690364,0.4834739764462216,0.4198473282442748,0.3342183622949073,0.5091828243563219,0.4206557363884521,0.3387218803062685,0.5056330191334575,0.4271013636836715,0.34689580498560024,0.5127697574134648,0.4205931055437138,0.3362790825209209,0.5084712905332219,0.42017059099264964,0.33767827582346727,0.5100768583161444,0.4167,0.33480000000000004,0.5017
Uganda2022,2022-11-16,0.3900709219858156,0.30911579569849146,0.4757465317410228,0.39110170116523324,0.3134501312005762,0.47263912430986177,0.4040671833598083,0.32658180631690364,0.4834739764462216,0.4198473282442748,0.3342183622949073,0.5091828243563219,0.4206557363884521,0.3387218803062685,0.5056330191334575,0.4271013636836715,0.34689580498560024,0.5127697574134648,0.4192104966078269,0.3351701112551851,0.5068086767414207,0.41872504202833005,0.3366282811306896,0.508096925527066,0.41350000000000003,0.3321,0.49820000000000003
Uganda2022,2022-11-17,0.3900709219858156,0.30911579569849146,0.4757465317410228,0.39110170116523324,0.3134501312005762,0.47263912430986177,0.4040671833598083,0.32658180631690364,0.4834739764462216,0.4166666666666667,0.33152450325021066,0.5056330191334575,0.41750084610157023,0.3360111415405245,0.5021314556217822,0.42397956910596574,0.34417597028929986,0.5091323578561391,0.41800475789181796,0.3342259686319257,0.5053326646704833,0.41745918203982296,0.33572665400351037,0.5063474682429994,0.41350000000000003,0.3321,0.49820000000000003
Uganda2022,2022-11-18,0.3900709219858156,0.30911579569849146,0.4757465317410228,0.39110170116523324,0.3134501312005762,0.47263912430986177,0.4040671833598083,0.32658180631690364,0.4834739764462216,0.41044776119402987,0.32626611085171214,0.4986771845701153,0.41133093538827187,0.33071891764069017,0.4952692803340847,0.4176793695643641,0.3387073765655376,0.5025647611048151,0.41686502549167553,0.33346025687000624,0.5039857393311467,0.416302034921955,0.334900606071975,0.5047497404558611,0.41350000000000003,0.3321,0.49820000000000003
Uganda2022,2022-11-19,0.3900709219858156,0.30911579569849146,0.4757465317410228,0.39110170116523324,0.3134501312005762,0.47263912430986177,0.4040671833598083,0.32658180631690364,0.4834739764462216,0.41044776119402987,0.32626611085171214,0.4986771845701153,0.41133093538827187,0.33071891764069017,0.4952692803340847,0.4176793695643641,0.3387073765655376,0.5025647611048151,0.4157753098988458,0.3326270050638879,0.502731676629708,0.415231813417557,0.33414382678352034,0.5033757297399386,0.41040000000000004,0.3295,0.4948
Uganda2022,2022-11-20,0.3900709219858156,0.30911579569849146,0.4757465317410228,0.39110170116523324,0.3134501312005762,0.47263912430986177,0.4040671833598083,0.32658180631690364,0.4834739764462216,0.41044776119402987,0.32626611085171214,0.4986771845701153,0.41133093538827187,0.33071891764069017,0.4952692803340847,0.4176793695643641,0.3387073765655376,0.5025647611048151,0.4147769336777669,0.33193164551914867,0.5015525175270713,0.41424771116768655,0.3334795553028268,0.5022419444701318,0.41040000000000004,0.3295,0.4948
Uganda2022,2022-11-21,0.3900709219858156,0.30911579569849146,0.4757465317410228,0.39110170116523324,0.3134501312005762,0.47263912430986177,0.4040671833598083,0.32658180631690364,0.4834739764462216,0.41044776119402987,0.32626611085171214,0.4986771845701153,0.41133093538827187,0.33071891764069017,0.4952692803340847,0.4176793695643641,0.3387073765655376,0.5025647611048151,0.41386082253657397,0.33128706272352776,0.5003945530392779,0.41331029673832853,0.3328780653993749,0.5011900241101408,0.41040000000000004,0.3295,0.4948
Uganda2022,2022-11-22,0.3900709219858156,0.30911579569849146,0.4757465317410228,0.39110170116523324,0.3134501312005762,0.47263912430986177,0.4040671833598083,0.32658180631690364,0.4834739764462216,0.4074074074074074,0.323699502820281,0.4952692803340847,0.40831386313293594,0.3281353723003884,0.4919068402073164,0.4146430875226433,0.3358946396822656,0.4991984890746228,0.4130846538051822,0.33068688982758027,0.49913088613798007,0.412582843928193,0.33231639959515485,0.5002142378437571,0.40740000000000004,0.3269,0.4914
Uganda2022,2022-11-23,0.3900709219858156,0.30911579569849146,0.4757465317410228,0.39110170116523324,0.3134501312005762,0.47263912430986177,0.4040671833598083,0.32658180631690364,0.4834739764462216,0.4074074074074074,0.323699502820281,0.4952692803340847,0.40831386313293594,0.3281353723003884,0.4919068402073164,0.4146430875226433,0.3358946396822656,0.4991984890746228,0.412282982762475,0.33013484350676753,0.4982941513183925,0.4119666841144056,0.3317897971015188,0.49930458797217586,0.40740000000000004,0.3269,0.4914
Uganda2022,2022-11-24,0.3900709219858156,0.30911579569849146,0.4757465317410228,0.39110170116523324,0.3134501312005762,0.47263912430986177,0.4040671833598083,0.32658180631690364,0.4834739764462216,0.4074074074074074,0.323699502820281,0.4952692803340847,0.40831386313293594,0.3281353723003884,0.4919068402073164,0.4146430875226433,0.3358946396822656,0.4991984890746228,0.41150814300473043,0.3296191289063332,0.49747157355888605,0.4111646163532539,0.3312944635278529,0.49845052470462486,0.40740000000000004,0.3269,0.4914
Uganda2022,2022-11-25,0.3900709219858156,0.30911579569849146,0.4757465317410228,0.39110170116523324,0.3134501312005762,0.47263912430986177,0.4040671833598083,0.32658180631690364,0.4834739764462216,0.4074074074074074,0.323699502820281,0.4952692803340847,0.40831386313293594,0.3281353723003884,0.4919068402073164,0.4146430875226433,0.3358946396822656,0.4991984890746228,0.41092278941286964,0.3291360010936506,0.49657685713891003,0.4105034852794933,0.3308272882989441,0.49764652952855776,0.40740000000000004,0.3269,0.4914
Uganda2022,2022-11-26,0.3900709219858156,0.30911579569849146,0.4757465317410228,0.39110170116523324,0.3134501312005762,0.47263912430986177,0.4040671833598083,0.32658180631690364,0.4834739764462216,0.4074074074074074,0.323699502820281,0.4952692803340847,0.40831386313293594,0.3281353723003884,0.4919068402073164,0.4146430875226433,0.3358946396822656,0.4991984890746228,0.41027403847006316,0.3286823246565209,0.4957214765113234,0.4098416912810744,0.3303856661689191,0.49688509358733424,0.40740000000000004,0.3269,0.4914
Uganda2022,2022-11-27,0.39436619718309857,0.3134501312005762,0.47978541190881824,0.3953497802842424,0.31773344574505685,0.4766745762337237,0.4078367274730819,0.33060541804523447,0.48678419519768673,0.4117647058823529,0.3281353723003884,0.4993226385416629,0.412622206479456,0.33251641145033184,0.4959585741309647,0.41890591525230997,0.3404705168506497,0.5031173548106213,0.4156158053889618,0.33596637233201804,0.501680528953326,0.4162254077179489,0.3364674024056507,0.5035277817208135,0.4118,0.33130000000000004,0.4955
Kenema2014,2014-05-31,0.0,0.0,0.975,0.2928932188134526,0.01257911709342505,0.841886116991581,0.5107559030239606,0.15488965391494333,0.7973154780558297,,,,,,,,,,0.49168206235958173,0.023174505799027755,0.977183901138962,,,,,,
Kenema2014,2014-06-01,0.0,0.0,0.975,0.2928932188134526,0.01257911709342505,0.841886116991581,0.5107559030239606,0.15488965391494333,0.7973154780558297,,,,,,,,,,0.42330073482360864,0.022504906712178707,0.9538822171047319,,,,,,
Kenema2014,2014-06-02,0.0,0.0,0.841886116991581,0.20629947401590035,0.008403758659612636,0.7075982261787133,0.4637907953654895,0.1422792905889165,0.7398814875637573,,,,,,,,,,0.40828982992581786,0.021292614984110784,0.9460323556134251,,,,,,
Kenema2014,2014-06-03,0.0,0.0,0.841886116991581,0.20629947401590035,0.008403758659612636,0.7075982261787133,0.4637907953654895,0.1422792905889165,0.7398814875637573,,,,,,,,,,0.35836194285106215,0.015562384658113972,0.9360352330396342,,,,,,
Kenema2014,2014-06-04,0.0,0.0,0.4096163972250034,0.0829959567953288,0.0031597235312519063,0.3694166475528192,0.31891538841555156,0.06404607820712682,0.5700726050840942,,,,,,,,,,0.3416238667353524,0.015734526008184802,0.9295357986496356,,,,,,
Kenema2014,2014-06-05,0.1111111111111111,0.002809136746599214,0.48249651491733697,0.16226272819524626,0.02521072632683336,0.4450161170281954,0.3363681434798227,0.10475671683348267,0.5833931250505368,1.0,0.025,1.0,0.7071067811865475,0.15811388300841897,0.9874208829065749,0.7679885773596851,0.21033999718407606,0.9989653842002876,0.4558822467522492,0.07235352664809583,0.9401965806174105,0.3144518752889709,0.05304365367337496,0.8849595770910567,,,
Kenema2014,2014-06-06,0.3333333333333333,0.07485463141969183,0.7007049437914596,0.35509996791248866,0.12155225811982719,0.6524528500599973,0.445924362615986,0.21409910108201807,0.6693227509141522,1.0,0.2924017738212866,1.0,0.8408964152537145,0.3976353643835253,0.9936905367902902,0.8585547610013429,0.42514780697604426,0.9995884963416132,0.7528112555079756,0.2942925520445805,0.9863398968264552,0.5729420522850349,0.19918289864371677,0.9605804751389552,0.6,0.19920000000000002,0.9192
Kenema2014,2014-06-07,0.5555555555555556,0.212008506778868,0.8630043377348335,0.5483058437763368,0.26237807660694507,0.8129139715526015,0.5589146185415077,0.32384260295423917,0.7753543630792171,1.0,0.4781762498950185,1.0,0.8908987181403393,0.5407418735600995,0.9957892554855106,0.895291031199055,0.5614152843864058,0.9996937411789295,0.8786807549544065,0.4867327384838375,0.9944802554727794,0.712187709345041,0.3581113819760412,0.9774501505294011,0.7143,0.3503,0.9457000000000001
Kenema2014,2014-06-08,0.5555555555555556,0.212008506778868,0.8630043377348335,0.5483058437763368,0.26237807660694507,0.8129139715526015,0.5589146185415077,0.32384260295423917,0.7753543630792171,1.0,0.4781762498950185,1.0,0.8908987181403393,0.5407418735600995,0.9957892554855106,0.895291031199055,0.5614152843864058,0.9996937411789295,0.856395655024397,0.4598882425914391,0.9943257452259873,0.6382911276877542,0.3057816577667269,0.9332194434076128,0.625,0.2904,0.8903000000000001
Kenema2014,2014-06-09,0.5555555555555556,0.212008506778868,0.8630043377348335,0.5483058437763368,0.26237807660694507,0.8129139715526015,0.5589146185415077,0.32384260295423917,0.7753543630792171,1.0,0.4781762498950185,1.0,0.8908987181403393,0.5407418735600995,0.9957892554855106,0.895291031199055,0.5614152843864058,0.9996937411789295,0.8319901188358609,0.41897871921633106,0.9927917027985623,0.5975192270302402,0.276781589755573,0.8988078435273539,0.5556,0.2487,0.8346
Kenema2014,2014-06-10,0.5555555555555556,0.212008506778868,0.8630043377348335,0.5483058437763368,0.26237807660694507,0.8129139715526015,0.5589146185415077,0.32384260295423917,0.7753543630792171,1.0,0.4781762498950185,1.0,0.8908987181403393,0.5407418735600995,0.9957892554855106,0.895291031199055,0.5614152843864058,0.9996937411789295,0.8003833064537418,0.3785991264544522,0.9894963788965457,0.5763085089105455,0.26275368548830424,0.8553710969624162,0.5556,0.2487,0.8346
Kenema2014,2014-06-11,0.5454545454545454,0.23379359765934515,0.8325119059362929,0.5404928142195594,0.2766696856821058,0.7890553617607033,0.5527890500109203,0.33192053793510873,0.7555106215858332,1.0,0.5407418735600995,1.0,0.9057236642639066,0.5903836027749966,0.9963897031380994,0.9064837411230352,0.6067204040639514,0.9997451153089888,0.8699380995197832,0.5115760995884894,0.9944805132502451,0.707403381077883,0.3712918415897436,0.9463894842579891,0.6667000000000001,0.34550000000000003,0.9045000000000001
Kenema2014,2014-06-12,0.6363636363636364,0.30790471501167715,0.8907365561809019,0.621471375754798,0.34887550641881554,0.8483477701915698,0.60321752663271,0.3834460339533136,0.8044817302742148,1.0,0.5903836027749966,1.0,0.9170040432046712,0.6305833524471807,0.9968402764687481,0.9165812789732725,0.641350027204418,0.9997759845866805,0.9012711801828344,0.5798233165080362,0.9949251985669003,0.7897475462644961,0.4829973293017558,0.9819706711743859,0.7778,0.45840000000000003,0.9591000000000001
Kenema2014,2014-06-13,0.4666666666666667,0.21266672951930787,0.7341386527226034,0.46940826867739666,0.24651011149057533,0.7012231009168222,0.502516307496963,0.30833436798172187,0.6943014472755552,1.0,0.5903836027749966,1.0,0.9170040432046712,0.6305833524471807,0.9968402764687481,0.9165812789732725,0.641350027204418,0.9997759845866805,0.884238299936935,0.5451786471239274,0.9949586133593803,0.7568032741705026,0.43155313739087753,0.9664578643800704,0.7778,0.45840000000000003,0.9591000000000001
Kenema2014,2014-06-14,0.30434782608695654,0.13210287969809986,0.5291916660085065,0.31513199152138666,0.15630228570913526,0.5109478138578332,0.37815671334853596,0.2160228890415355,0.5551662838931607,0.875,0.47349032912479344,0.9968402764687481,0.820380388019639,0.517503485082663,0.9718550265221018,0.8222586057700532,0.5353524548081475,0.9781095671207997,0.81758225787823,0.474654612580025,0.9914275708568734,0.6755939340178518,0.3757789553536838,0.9224012353246382,0.7000000000000001,0.3936,0.9154
Kenema2014,2014-06-15,0.3076923076923077,0.14325999792770355,0.5178964364457416,0.31712279496345563,0.16518817968731567,0.5018136663700014,0.3743246307001593,0.21436494580078083,0.5423701624713956,0.8,0.4439045376923585,0.9747892736731666,0.7642144733641716,0.4822441476398273,0.9397822658270933,0.7733285714669818,0.506333003628732,0.9457686368177001,0.7563591217556025,0.4159005839495077,0.9806670437114866,0.6266267605125655,0.33868058378214233,0.8863275066387385,0.6667000000000001,0.3866,0.8822000000000001
Kenema2014,2014-06-16,0.29411764705882354,0.15098366442302852,0.47478106034048584,0.3019197457362715,0.16851715074700244,0.46304464455442,0.35438537718818824,0.2119781198462505,0.5067537410352584,0.8333333333333334,0.5158622513140328,0.9791374745399076,0.7995514047020151,0.5455289443234422,0.9496189265088485,0.8035087877709787,0.5642905621503136,0.9545058993275412,0.605930279023601,0.363800129447187,0.8364957194956611,0.5177979936887287,0.30243192782731765,0.7848827901455736,0.5,0.2911,0.7089000000000001
Kenema2014,2014-06-17,0.34285714285714286,0.19132410218826576,0.5221099833935212,0.34864611289819536,0.2082229470865927,0.5097025466518912,0.3908452681147175,0.24786800404791873,0.5391435663367673,0.8,0.5191088661931469,0.9566879948941633,0.7752553082523368,0.5435434537683883,0.9273379617471178,0.7779293429981976,0.5560282762622705,0.9314438106684433,0.5797662676255374,0.3525307549345765,0.8016072430188431,0.4830136920144781,0.27696470596788,0.7146157569931937,0.4615,0.2805,0.6499
Kenema2014,2014-06-18,0.3157894736842105,0.1750253389011268,0.4865270544060217,0.32205703191775237,0.19088097904634604,0.4756913915416843,0.36677770164171664,0.23017294179633102,0.5113445791802935,0.8,0.5191088661931469,0.9566879948941633,0.7752553082523368,0.5435434537683883,0.9273379617471178,0.7779293429981976,0.5560282762622705,0.9314438106684433,0.5295476031010117,0.32168545991055114,0.7360602612224882,0.4416696120635468,0.2524525124358949,0.6574724870318829,0.42860000000000004,0.2577,0.612
Kenema2014,2014-06-19,0.35714285714285715,0.21550774142578752,0.5197394416145378,0.3615525636968191,0.22975169629928757,0.5092663604753611,0.3964885949711997,0.2635805376185116,0.5337257065119007,0.8333333333333334,0.5858225086052259,0.9642149168784253,0.8101148172408243,0.6042154487333258,0.9394754622907102,0.8114072976857005,0.6102868568917797,0.9415919675246439,0.5987785056840781,0.38232332362879606,0.8035782554431617,0.5030700911897212,0.32566264005651,0.7088838227693558,0.5,0.3267,0.6733
Kenema2014,2014-06-20,0.4186046511627907,0.27011412270455787,0.5787304034792482,0.42105994722866413,0.28349372808928663,0.5675035727478288,0.4449135383380395,0.30740678740123634,0.5780712875357141,0.8181818181818182,0.5971542169221287,0.9481327006875631,0.7998527753601049,0.6121881100452025,0.9253965923511963,0.8003698667016645,0.6165933569414308,0.9271888498531983,0.6457691436865922,0.4388414876376798,0.835556743418977,0.5581206658736946,0.37504602086085803,0.7489473495248956,0.5455,0.3771,0.7070000000000001
Kenema2014,2014-06-21,0.5348837209302325,0.3765472601100756,0.6882381209776504,0.5338315084281535,0.3884721224729164,0.6753857836029169,0.5391559974695652,0.40404825115643256,0.6643188401428807,0.8518518518518519,0.6626891359757556,0.9581126035262327,0.8351656720911862,0.6733473306842047,0.9393570911807925,0.8338896058647769,0.6758778469849165,0.9415821937992355,0.7775056166738703,0.5602783603441308,0.9483875362775332,0.6843956326338847,0.5031251701909423,0.8631891820518243,0.6765,0.5105000000000001,0.8167000000000001
Kenema2014,2014-06-22,0.6046511627906976,0.4440995244656957,0.7502322113524089,0.6014942109337409,0.4549553046634418,0.7366205749186963,0.5968984716103761,0.45982179522085936,0.7226531441272133,0.8387096774193549,0.6627284150268207,0.9454756737849165,0.8246510156573399,0.6721212343179582,0.9279238345415024,0.8246583571004569,0.6777259730050466,0.9284083042323438,0.8253524730839235,0.6219307233969801,0.9803420842171866,0.7385224744614705,0.5682530187382233,0.8988162795618114,0.7429,0.5843,0.8671000000000001
Kenema2014,2014-06-23,0.6976744186046512,0.5387466942659677,0.8281750075147865,0.691709285300601,0.5479781519159446,0.81390116282513,0.6723476513966562,0.5382887978198116,0.7896690823735385,0.8571428571428571,0.6974286483090485,0.9519392215963611,0.8439531370103949,0.7050250518893684,0.9362798663916143,0.8446053005278586,0.7090464560496295,0.9366781109249922,0.8979505003897241,0.7053453664189673,0.9958312229539632,0.8300355408937098,0.6708861793964932,0.9627819834987636,0.8333,0.6908000000000001,0.9301
Kenema2014,2014-06-24,0.7209302325581395,0.5633130385340941,0.8467107671058404,0.7142624091034491,0.5721035875444995,0.8323560187713236,0.6911881913024022,0.5568996641273004,0.8065219535164914,0.8157894736842105,0.6567380056890788,0.9225731481611512,0.8050310759738264,0.6646504388730692,0.9070360727170044,0.8057323803036406,0.669639065488625,0.9066958790514803,0.8992350468337946,0.7264155307465173,0.9942830696216259,0.8308514161654914,0.6728053402390126,0.96359447758072,0.8378,0.6984,0.9321
Kenema2014,2014-06-25,0.7209302325581395,0.5633130385340941,0.8467107671058404,0.7142624091034491,0.5721035875444995,0.8323560187713236,0.6911881913024022,0.5568996641273004,0.8065219535164914,0.8157894736842105,0.6567380056890788,0.9225731481611512,0.8050310759738264,0.6646504388730692,0.9070360727170044,0.8057323803036406,0.669639065488625,0.9066958790514803,0.874885973445404,0.7024740366781715,0.988781922664096,0.8086780692297728,0.6555429552051678,0.9396122363549521,0.8158000000000001,0.6742,0.9162
Kenema2014,2014-06-26,0.7441860465116279,0.5882842789151403,0.8648140497114691,0.7368151182322822,0.5966195922641409,0.8504231562346919,0.7099677876076056,0.5763452300721901,0.8236265319314491,0.8205128205128205,0.6646504388730692,0.924649522683347,0.8098645772244553,0.6722098666384142,0.9094775906000093,0.8103864604174316,0.6770112006776017,0.9092453281681836,0.8750164583278026,0.7174184940862383,0.9917871031907417,0.8186652898428581,0.6712092070613703,0.9427489054668967,0.8205,0.6818000000000001,0.9185000000000001
Kenema2014,2014-06-27,0.7674418604651163,0.6136917881604167,0.8824464288912982,0.7593672856391018,0.6215570524344805,0.8680725620663532,0.7284563802220854,0.5946071691508462,0.8403255201202752,0.8048780487804879,0.6513345325486204,0.9117938983371487,0.795232255170071,0.6588155863958433,0.8970403501027812,0.7954830387688179,0.662321325052006,0.8946226940001476,0.8867231503835751,0.7252682622147552,0.9894018780358841,0.8317129461948877,0.688316047827376,0.9476690839655478,0.8462000000000001,0.7126,0.9357000000000001
Yambuku,1976-08-25,0.0,0.0,0.975,0.2928932188134526,0.01257911709342505,0.841886116991581,0.5160158602021114,0.16225123431722302,0.8197619849355243,,,,,,,,,,0.49168206235958173,0.023174505799027755,0.977183901138962,,,,,,
Yambuku,1976-08-26,0.0,0.0,0.975,0.2928932188134526,0.01257911709342505,0.841886116991581,0.5160158602021114,0.16225123431722302,0.8197619849355243,,,,,,,,,,0.41725572209264944,0.021775991146767835,0.952807330778158,,,,,,
Yambuku,1976-08-27,0.0,0.0,0.975,0.2928932188134526,0.01257911709342505,0.841886116991581,0.5160158602021114,0.16225123431722302,0.8197619849355243,,,,,,,,,,0.4036344804569252,0.01979010068475942,0.9377908677481173,,,,,,
Yambuku,1976-08-28,0.0,0.0,0.975,0.2928932188134526,0.01257911709342505,0.841886116991581,0.5160158602021114,0.16225123431722302,0.8197619849355243,,,,,,,,,,0.3882341070309445,0.019413138637885817,0.9322797776537092,,,,,,
Yambuku,1976-08-29,0.0,0.0,0.975,0.2928932188134526,0.01257911709342505,0.841886116991581,0.5160158602021114,0.16225123431722302,0.8197619849355243,,,,,,,,,,0.37393936381259596,0.01742307193569852,0.941402766656063,,,,,,
Yambuku,1976-08-30,0.0,0.0,0.975,0.2928932188134526,0.01257911709342505,0.841886116991581,0.5160158602021114,0.16225123431722302,0.8197619849355243,,,,,,,,,,0.3626266458018492,0.0168746969381315,0.9331298616307727,,,,,,
Yambuku,1976-08-31,0.0,0.0,0.975,0.2928932188134526,0.01257911709342505,0.841886116991581,0.5160158602021114,0.16225123431722302,0.8197619849355243,,,,,,,,,,0.354700665007938,0.016477398796252322,0.920104860250358,,,,,,
Yambuku,1976-09-01,0.0,0.0,0.841886116991581,0.20629947401590035,0.008403758659612636,0.7075982261787133,0.4597927523901305,0.12652864345699538,0.7568771583291456,,,,,,,,,,0.346305875242486,0.016120384826616204,0.9083462250377696,,,,,,
Yambuku,1976-09-02,0.0,0.0,0.7075982261787133,0.15910358474628553,0.006309463209709866,0.6023646356164746,0.42263726694770576,0.10584282282628248,0.7108604991641495,,,,,,,,,,0.30011518425906614,0.012466611448590693,0.8893292492678173,,,,,,
Yambuku,1976-09-03,0.0,0.0,0.6023646356164746,0.12944943670387593,0.0050507633794680575,0.5218237501049814,0.3897763017751026,0.08958557779298394,0.6667664551209603,,,,,,,,,,0.26340674528156605,0.011165722255088915,0.8423567801627597,,,,,,
Yambuku,1976-09-04,0.0,0.0,0.3362671168799428,0.06696700846319262,0.0025285785444617848,0.3084971078187608,0.2772233933308516,0.05359098856743343,0.5326712209521849,,,,,,,,,,0.24060494922613201,0.00952167163159215,0.8259927853466754,,,,,,
Yambuku,1976-09-05,0.0,0.0,0.3084971078187608,0.06106908933829368,0.002298972213814267,0.28491415291815436,0.2622757379508678,0.049864365034148955,0.5138793036097277,,,,,,,,,,0.16702853954707403,0.005775819083436411,0.7832871573729774,,,,,,
Yambuku,1976-09-06,0.0,0.0,0.28491415291815436,0.05612568731830653,0.0021075932318602264,0.2646484693970512,0.24804171008342257,0.04603760235793285,0.4970714784176122,,,,,,,,,,0.14340537151371163,0.004497537233732541,0.7426710179087848,,,,,,
Yambuku,1976-09-07,0.07142857142857142,0.0018067806591253865,0.3386844899318212,0.10939610278567471,0.016575913440083623,0.3194845665783034,0.26103585679538366,0.07135507601183412,0.4906375929468517,1.0,0.025,1.0,0.7071067811865475,0.15811388300841897,0.9874208829065749,0.7641610869578722,0.2272360835901954,0.9969292107154945,0.29185057219405997,0.04156989354553057,0.8195349183951985,0.24767731478146593,0.03853342755926984,0.8668822364103776,,,
Yambuku,1976-09-08,0.125,0.015513603815413885,0.38347623684926346,0.1542175872467033,0.037985068070626,0.36440916210125024,0.28498522305091945,0.09710095287354314,0.4950702523023669,1.0,0.15811388300841897,1.0,0.7937005259840997,0.2924017738212866,0.9915962413403874,0.8138083052940015,0.36499980943643867,0.9982674199622444,0.43697331684162233,0.10424148168472372,0.917374453641329,0.3709779132450639,0.09180558596812247,0.9055727392332168,0.4,0.08080000000000001,0.8008000000000001
Yambuku,1976-09-09,0.18181818181818182,0.0518672993124369,0.40284578307787133,0.2001472246398952,0.0746034076488037,0.38781188995479754,0.2949759722894093,0.12795982881143714,0.48265988762337947,0.8,0.2835820638819105,0.9949492366205319,0.73555001670434,0.35876542100232517,0.9567281317072583,0.7576027974607967,0.4040274274219814,0.9585542473936706,0.7209538042103643,0.2971476477005865,0.9826069308728732,0.6359230604831376,0.25639495960888437,0.9749421417116175,0.8,0.3719,0.9873000000000001
Yambuku,1976-09-10,0.15625,0.05275056440213407,0.3278787656820417,0.1700892351423016,0.06978788366630997,0.3189898197104364,0.2468314821666549,0.11186039454329628,0.41162180476211113,0.8333333333333334,0.35876542100232517,0.9957892554855106,0.7715100364934043,0.4212768029568048,0.9633074338239145,0.7870403386040203,0.46025841242054366,0.9660128015713179,0.776078186435996,0.3271085118565363,0.9896651199045382,0.7292876663124821,0.2847848871589038,0.9894042517095005,0.9999,0.6811,0.9999
Yambuku,1976-09-11,0.2222222222222222,0.10115053034491275,0.39151764915738135,0.23218935501233565,0.11772517430710795,0.3821364917715494,0.2923405434311564,0.16192623382229449,0.44590277065011624,0.8888888888888888,0.517503485082663,0.9971908632534008,0.8377372718047538,0.5549838829718047,0.9747892736731666,0.8396303261231082,0.578212902604738,0.9750010371375155,0.888128322613299,0.535555998220472,0.9957601765555273,0.8504128345861472,0.4558721256426821,0.9937029685788904,,,
Yambuku,1976-09-12,0.2,0.09575726969114265,0.3459582977949477,0.20866832871268962,0.10948170016881918,0.33914759951099843,0.2612913704010609,0.14811963426076444,0.4035828400359895,0.9,0.5549838829718047,0.9974714214555382,0.8520365745693936,0.5872200830116173,0.9771688017000403,0.8522136705496686,0.6090115671622028,0.9771005747445666,0.8373361106978527,0.47216388556740074,0.9924911449833347,0.7633634041351072,0.3981974680372271,0.9886652195214524,0.8182,0.5371,0.9672000000000001
Yambuku,1976-09-13,0.2037037037037037,0.10631925249021464,0.33530491948924956,0.21086771168015248,0.11813578825876526,0.32972850628761424,0.2548309559862484,0.15262421891147382,0.3855301842039963,0.9166666666666666,0.6152038348490559,0.9978924067681397,0.8742092342092513,0.6397025647321225,0.9807933280174715,0.8715397469339561,0.6526513522696262,0.9821809010984296,0.795252674658194,0.4684015686834321,0.9870816411915379,0.7286208888354271,0.4019063096156549,0.9776218251921729,0.7857000000000001,0.5339,0.9418000000000001
Yambuku,1976-09-14,0.1935483870967742,0.1042096292621763,0.31368595169946273,0.20001998299402657,0.11470221331625963,0.3090884690855577,0.2396409201137164,0.14594622274876004,0.3600639150180436,0.9230769230769231,0.6397025647321225,0.9980543715026533,0.8829778588228274,0.6613155100681788,0.9822054845168084,0.8797415888580713,0.6704165325140531,0.9832898740895641,0.7040710598104406,0.4031359851522645,0.9700751285584684,0.6499123554928984,0.37032147747011673,0.9367268950109022,0.6667000000000001,0.4373,0.8516
Yambuku,1976-09-15,0.2777777777777778,0.1786428811522799,0.3959058182320361,0.2818269146021361,0.18769257480984883,0.39094136043787747,0.3114041351965815,0.2120876007375085,0.4259048900464605,0.9523809523809523,0.761840090063179,0.9987951165516364,0.924876015720942,0.7715556023323665,0.988794413975849,0.9206941714318858,0.766720814480129,0.9887501805257695,0.7781725314391166,0.5336977159545769,0.9826122960655128,0.7196596664818327,0.48947423426020875,0.9550148824397706,0.7407,0.5586,0.8792000000000001
Yambuku,1976-09-16,0.3076923076923077,0.20807963528258547,0.42242525085189425,0.3109305102545682,0.21634231060705547,0.41753711321210085,0.3360856929715675,0.23786931220595675,0.4465027281772311,0.96,0.796483086077586,0.9989878003006891,0.9362832158142345,0.803630353237461,0.9905446089962873,0.9317903047357867,0.7953859929006527,0.9905550286605201,0.7702283949344129,0.545385663521211,0.972104616320828,0.7273796475121437,0.5171736791946434,0.9307192384672789,0.75,0.5845,0.877
Yambuku,1976-09-17,0.32142857142857145,0.2236262203951337,0.4322424798003285,0.3242235850295169,0.23125983408636278,0.4275873750148522,0.3465267496357882,0.2510522630711417,0.4524377479915369,0.9642857142857143,0.8165224024553763,0.999096201244342,0.9427977398381737,0.822355704511277,0.9915360377469982,0.93840909354691,0.8135241222606263,0.991671587660672,0.7364786736018669,0.5301342782920826,0.9315970391854198,0.6916734705672127,0.5050871749659752,0.8878078768403705,0.7105,0.5559000000000001,0.8377
Yambuku,1976-09-18,0.3707865168539326,0.2707299336343144,0.47970188653242013,0.3726966743414917,0.277664538602261,0.47485120744970993,0.39084215551293844,0.2937957298391458,0.4927385705307795,0.9705882352941176,0.8467323304396823,0.9992556357653097,0.9525090147638321,0.8508279203435684,0.9930032363716905,0.9486732904661924,0.8414195541234758,0.9930569142518896,0.7361205093352647,0.5522344249467459,0.91166382703149,0.7121678653417057,0.5480919438532308,0.8812310985769393,0.7174,0.5779000000000001,0.8333
Yambuku,1976-09-19,0.422680412371134,0.3229983311257434,0.5272132268300947,0.4237302468211781,0.3290442664910545,0.5223409963834595,0.43487478356853004,0.3425096973686239,0.528427293438537,0.9761904761904762,0.8743414428250078,0.9993973766983965,0.9612749719962025,0.8771095172986603,0.9943167430212521,0.9576668674767189,0.8678245847271371,0.994306663537372,0.7979539633066328,0.6440875701260907,0.93918791421531,0.7758563123568698,0.6287937951378565,0.9179892452721563,0.7885000000000001,0.6652,0.884
Yambuku,1976-09-20,0.4351851851851852,0.3400282896421968,0.5339874729820567,0.435976576822177,0.3453854542786082,0.5295344956558863,0.445986953640487,0.35825984701503016,0.5348806162882371,0.9791666666666666,0.8893038394068478,0.9994726847465769,0.9659840458321095,0.891458236031593,0.9950181581650287,0.9628624630373646,0.8815879752125844,0.9951318934652296,0.791782817695506,0.6504950472579247,0.9203779083738541,0.7777193250089864,0.6407603980863139,0.9011752082332817,0.7833,0.6686000000000001,0.8744000000000001
Yambuku,1976-09-21,0.4649122807017544,0.3709753113645592,0.5607166719903375,0.4653183849449531,0.375865335250754,0.5562958548780594,0.47247469943164205,0.38698174544430336,0.5584367356985698,0.9814814814814815,0.9010848404921488,0.999531261596182,0.9696720292653958,0.9028089842507466,0.9955654526814093,0.966702289499437,0.8932214837010504,0.9956442898690708,0.8090213354556293,0.6822840052611056,0.9223211359476956,0.7973418232411627,0.671622082644832,0.908683220083731,0.803,0.6966,0.8864000000000001
Yambuku,1976-09-22,0.49230769230769234,0.4035805703686885,0.5813930674182196,0.4923858653496458,0.40770532626934336,0.5773606809733292,0.4969456690642644,0.4159154063145502,0.5785302318944839,0.9846153846153847,0.9172369122555336,0.9996105711089028,0.974700745813936,0.9184476789051759,0.9963088610385701,0.9721067436123858,0.9096122706418829,0.9963448021438681,0.8908259556984788,0.7624202292748985,0.9864253093269361,0.8645589938225907,0.7404318499316989,0.9736724426864277,0.8649,0.7751,0.9298000000000001
Yambuku,1976-09-23,0.4788732394366197,0.39440392402617075,0.564242178068888,0.47906994895294175,0.3982494254484681,0.560632227886741,0.4845203028541047,0.40670792408777967,0.5622561058110225,0.9855072463768116,0.9218764642598366,0.9996331425552591,0.9761394221923356,0.9229562376632335,0.9965209429289579,0.9736796412958817,0.9144823222501034,0.9965480902803308,0.8553266016795398,0.7298869377734397,0.9620186190639679,0.8355678538553868,0.7184461556695986,0.9484284673858874,0.8395,0.7497,0.9082
Yambuku,1976-09-24,0.487012987012987,0.4057558058941844,0.5687794561864683,0.4871245584963919,0.40925693725981505,0.5654135016650613,0.49168605479738825,0.4170616079013906,0.5665021812483283,0.974025974025974,0.9093028448946593,0.9968387996999841,0.9658648955849258,0.9104266728536723,0.9919969715825026,0.9635754822358783,0.9058946007904846,0.9919234129452331,0.8486988237606639,0.7351318458777844,0.9462205106310727,0.8298993637830343,0.7172453839230334,0.9315708238687141,0.8333,0.7476,0.9004000000000001
Yambuku,1976-09-25,0.503030303030303,0.424264131558195,0.5816856787156723,0.5030059926973707,0.42745068197913677,0.5784693971154301,0.5064822702792742,0.43445936965780435,0.5790730689239009,0.9764705882352941,0.9175762555504241,0.9971376680783514,0.9690278222984154,0.9185055504773876,0.9927475435716969,0.9669227020472302,0.9140956008647739,0.9926370019466934,0.863904879863719,0.7566346360598616,0.9571527284125311,0.8476240703802553,0.7399125688713077,0.9444572210406784,0.8557,0.7769,0.9159
Yambuku,1976-09-26,0.5465116279069767,0.4689576039470594,0.6224349525986621,0.5461535708239353,0.47180210288392266,0.619150538267078,0.5482326411508476,0.4756869433338576,0.6196120363289855,0.9791666666666666,0.9267631692050123,0.9974669532108152,0.9725279377935602,0.9274978500736089,0.9935759525468445,0.9705836726794708,0.9233907048993896,0.9935448504440197,0.9045596859852894,0.8100780455238789,0.9842607602075899,0.888281438086943,0.7936620513384283,0.9761664364322108,0.8952,0.8274,0.9441
Yambuku,1976-09-27,0.5642458100558659,0.4882600995112755,0.6380680326901167,0.5637704409041625,0.49090560433726615,0.6348359517027233,0.5650509709398515,0.49392025228019776,0.6350957475843659,0.9805825242718447,0.9316140680996191,0.9976397420628914,0.9743710317719237,0.9322551051082364,0.9940112610221382,0.9725087622636172,0.9282623147053602,0.9940175729278838,0.8930658307238238,0.8018055091371659,0.9759754417228464,0.8783223661413513,0.7839642268610888,0.9593948259895647,0.8783000000000001,0.8104,0.9294
Yambuku,1976-09-28,0.6229508196721312,0.5484636464370976,0.6933851800164561,0.6220608078616795,0.5507668885256931,0.6899851870695415,0.6211179345823724,0.5516875576229923,0.6879772712371905,0.9743589743589743,0.9268932096293925,0.9946806651020963,0.968969297259217,0.9274975679757507,0.9906880350504086,0.9672512604772632,0.9234939740147899,0.9907673810540125,0.9208158442837797,0.839266366841597,0.9865337218578256,0.9080484875848411,0.8292775288897097,0.9785914877917122,0.912,0.8541000000000001,0.9532
Yambuku,1976-09-29,0.6808510638297872,0.6090862483615838,0.7468048986590983,0.6795764563981591,0.6110429758922968,0.7432833292998816,0.6766063596046461,0.6097940849197636,0.7388057838682431,0.9770992366412213,0.9345334122372114,0.9952521819713963,0.9722520593700094,0.9350185046308276,0.9916829475228568,0.9706539840008857,0.9315041486925207,0.9917513786434752,0.9713430672252346,0.9013391946441276,0.9990801611056095,0.9603806828921793,0.8909955915646769,0.9986562731146258,0.9624,0.921,0.9863000000000001
Yambuku,1976-09-30,0.7172774869109948,0.6477476625779883,0.7799259327276112,0.7157699818524288,0.6494914719028673,0.7763396260255421,0.7116552518973386,0.6466932289262199,0.7709405169474395,0.9785714285714285,0.9386549897576132,0.9955589236243851,0.9740189861627618,0.9390811384603234,0.9922174812034296,0.9724827482151128,0.9356505936281996,0.9922593243591896,0.9853567517821024,0.9274383248899629,0.9995918918973757,0.9791359264466566,0.920126376476114,0.9994439237704212,0.9856,0.9563,0.9975
Yambuku,1976-10-01,0.7336683417085427,0.6665404287037675,0.7936917799247739,0.732111864733348,0.6681299077913818,0.7901966625338547,0.7274963101403507,0.6647941736926365,0.7847865700138478,0.9798657718120806,0.9422884495339634,0.9958284347497739,0.9755743568918029,0.9426657777117942,0.9926874536019917,0.974083891588428,0.9392419428356096,0.9927189511264881,0.9913435306029952,0.9465395702393432,0.9997060496548636,0.9883948645051207,0.941905321001903,0.9996070615688101,0.9999,0.9869,0.9999
Yambuku,1976-10-02,0.7623762376237624,0.6975849230348166,0.8192961243321637,0.7606542441437601,0.6990101759553531,0.81577396051182,0.7550664620045086,0.6941477670263426,0.8095497035194568,0.9746835443037974,0.936450595264573,0.993059981475368,0.9706851089880102,0.9368423937931272,0.9897120757505856,0.9693046051342828,0.9342108604009559,0.9894998114674031,0.9933343793496172,0.9558826742986389,0.9997700882411419,0.9912610868114587,0.9525768014283834,0.9997336709194392,,,
Yambuku,1976-10-03,0.7853658536585366,0.7227796108138038,0.8395031603654639,0.7835201255251175,0.7240707989067761,0.8359762308777073,0.7771336583217229,0.7185389414445812,0.828643881805466,0.9757575757575757,0.9390953743264281,0.9933561356198504,0.9719187823713772,0.9394553397171376,0.9901490665172291,0.9705834293922776,0.9368299818116381,0.9899217954694493,0.994139486637142,0.9623543153783143,0.9997785029734354,0.9924174600446323,0.9548802159039441,0.9997388032595591,,,
Yambuku,1976-10-04,0.7934272300469484,0.732784027502321,0.8457090735538922,0.7916002196167402,0.7339841969455414,0.8422908995848553,0.7852207457713648,0.7283372241155938,0.8348875433540156,0.976878612716763,0.9418607146767426,0.9936650860937843,0.9732073850195145,0.9421888288676697,0.990605130379652,0.9718938059075306,0.9396299715288944,0.9903727720545594,0.9955393370522132,0.974137542887141,0.99979301568543,0.9950893874971581,0.9712437029972512,0.9997765631640625,,,
Yambuku,1976-10-05,0.8027522935779816,0.7436525515208017,0.8534190772747235,0.8009101796078308,0.7447793205640325,0.850056975102092,0.7944192598163331,0.7386179545902365,0.8424116773462585,0.9776536312849162,0.9437753828646233,0.9938785777465395,0.9740988086370866,0.9440823029182238,0.9909203949889306,0.9728208993462633,0.941554948498905,0.9906976139689808,0.9958005740059741,0.976333647259122,0.9997958778085724,0.9954230772978825,0.9735963204223673,0.9997976974935855,,,
Yambuku,1976-10-06,0.7866666666666666,0.7272966387950613,0.8383160052195108,0.7849764958120822,0.7284570136264428,0.8350844043452685,0.7791301273359782,0.7229070447601759,0.8288183834207528,0.9725274725274725,0.9370557655166885,0.991020833112264,0.9690721798490916,0.9373934158711417,0.987874535153579,0.9678565359428676,0.9352401026736266,0.9873947545766337,0.9908745145909046,0.9520908481356651,0.9996902703490502,0.9885771165399405,0.952604993987113,0.9995867603579388,0.9944000000000001,0.9756,0.9996
Yambuku,1976-10-07,0.808695652173913,0.7518227321834589,0.8574221427381329,0.8069148579131304,0.7528587461186533,0.8542152023694961,0.8005571336869983,0.7467018473415563,0.8468404461425585,0.96875,0.9332259490276027,0.9884471376795851,0.9655021794133859,0.9335655486093788,0.9852956341931911,0.964054617934383,0.9313352993653535,0.9845444868447978,0.9954203336867925,0.9719267383089826,0.9998417972194887,0.9945987549414339,0.9723627601729082,0.9998066301629029,,,
Yambuku,1976-10-08,0.8189655172413793,0.7632773737352574,0.8663011276933178,0.8171412007718226,0.7642583089687481,0.8631032734819891,0.8104350422304682,0.7577608548138248,0.8557580041078674,0.9693877551020408,0.9345639382696653,0.9886846247737633,0.9662014528220871,0.9348901012546885,0.9855966666093904,0.9647815039839251,0.932669519614453,0.9848417805080818,0.9943969165853426,0.9657796678738454,0.9997773472404355,0.9929333440257405,0.9655730643574986,0.9997418533970109,0.9999,0.9899,0.9999
Yambuku,1976-10-09,0.8177966101694916,0.7625277082033066,0.8648883793967853,0.8160096477660843,0.7634953548470507,0.8617433064294941,0.8094532790127105,0.757078926273189,0.8544743327210239,0.9698492462311558,0.935532771370367,0.9888564296164516,0.9667075826869469,0.935849373294973,0.9858144741015807,0.9653107785015662,0.9336636142679051,0.9850572239239905,0.9850248798875932,0.9499246695886308,0.9994485782381054,0.9815125967030225,0.94723326980067,0.999187426899776,0.9847,0.9608000000000001,0.9961000000000001
Yambuku,1976-10-10,0.8125,0.7572748376535433,0.8598252657140935,0.8107720002482426,0.758247270190278,0.856738109277464,0.8045698940205691,0.7512713491258646,0.8506244762749484,0.9653465346534653,0.9299067978437674,0.985956055779341,0.9622826561565158,0.9302457089320914,0.9828350040723932,0.9607988231746578,0.9280540429749063,0.9819996674034316,0.9667870988898859,0.9289569779366622,0.9937437378081189,0.96434539625182,0.9261318536110287,0.9920379544651053,0.9653,0.9341,0.9849
Yambuku,1976-10-11,0.8271604938271605,0.77363925817473,0.8725021812304167,0.8253735678157427,0.7745365407084657,0.8694284644788172,0.8188209749338895,0.7678849611158334,0.8622780266480506,0.9663461538461539,0.9318922767616133,0.9863643359404474,0.9633637178122592,0.9322123083186262,0.9833320581655481,0.9619233577551941,0.93007257164007,0.9825256334471814,0.9701827898667303,0.9331332505825046,0.9946472280708063,0.9670478153278779,0.9310999952319813,0.992760332915196,0.9710000000000001,0.9422,0.9883000000000001
Yambuku,1976-10-12,0.8232931726907631,0.770134368658882,0.8685710875360433,0.8215697530605539,0.7710237388310266,0.8655724762673123,0.8151966133570386,0.7647041023996107,0.8585147035344597,0.9669811320754716,0.9331546127294184,0.986623584663778,0.9640506427042012,0.9334629207977942,0.9836477368253732,0.9626239168745258,0.9313567194237596,0.9828737217141953,0.9648344601379296,0.9281899385674649,0.989491544743685,0.96218685957373,0.925975001814496,0.9886515370553441,0.9624,0.9313,0.9826
Yambuku,1976-10-13,0.8406374501992032,0.7893786213626731,0.8836427462190193,0.8388358550415558,0.7901886115512511,0.8806438997539497,0.8317304631923487,0.7822018668198673,0.8736591290939042,0.9634703196347032,0.9292933836362834,0.9840994526912404,0.960655526333781,0.9296090435672136,0.9811258158281974,0.9593553334233327,0.927366219933314,0.9804872207531092,0.9682185942393291,0.9333725889704149,0.9903500018908772,0.9660898159595963,0.9322606256723329,0.9903896167810656,0.9679000000000001,0.9389000000000001,0.9860000000000001
Yambuku,1976-10-14,0.8650793650793651,0.816595253166735,0.9047211646401729,0.8631558886324381,0.8172996238825276,0.9017129651671373,0.8553462260238343,0.8076857455193754,0.894757955168247,0.9646017699115044,0.9314453746720596,0.98459589551664,0.9618670050297098,0.9317421575748889,0.9817129408491212,0.960614328641526,0.9295674224490983,0.9811387671609367,0.9810767654099013,0.9494140798315794,0.9981307108372092,0.9787161522127292,0.9476838835110398,0.9967163107802278,0.9820000000000001,0.9587,0.9943000000000001
Yambuku,1976-10-15,0.8928571428571429,0.8479496725374236,0.9281952451251057,0.8907868779713115,0.8485353959684774,0.925187683453012,0.8827023324200509,0.8361789563198451,0.9172238287464527,0.9656652360515021,0.9334702715020172,0.985062275760186,0.9630061057183698,0.9337498210266654,0.9822646378864627,0.9617982728809944,0.9316509158267774,0.9817462921364178,0.9916845646911683,0.9667036214687281,0.9996145126710035,0.9901707646138532,0.9659189954162266,0.9994884244175304,0.9912000000000001,0.9731000000000001,0.9985
Yambuku,1976-10-16,0.9007936507936508,0.8570399428364055,0.9347645440344813,0.8986813893210841,0.8575911471071547,0.9317638938971476,0.8902595741487485,0.8442248157977063,0.9239367974782777,0.961864406779661,0.9288435562038809,0.982416203369355,0.9592612389200101,0.929138610930246,0.9795837051312961,0.9580389793538169,0.9275264217594942,0.9789345141016351,0.9827659971308262,0.9562828072170323,0.997610477216779,0.9810845779306716,0.9524565782996967,0.9968863547295842,0.9827,0.9603,0.9945
Yambuku,1976-10-17,0.9166666666666666,0.875436799872717,0.9476756080269919,0.9144702902058359,0.8759179758688823,0.9447018274377996,0.9056657046439204,0.8619977335467967,0.937016713707393,0.9585062240663901,0.925017187480289,0.979925595938474,0.9559760349275069,0.9253215884887582,0.9770939595764132,0.9551743854171069,0.9240794588959711,0.9766593819832647,0.9842704106565763,0.9586541075318957,0.9977200226505406,0.9825293243699968,0.9581302707012305,0.9973082434755455,0.9830000000000001,0.9610000000000001,0.9946
Yambuku,1976-10-18,0.9169960474308301,0.8759179758688823,0.9478854314030611,0.914806578976442,0.8763954512151562,0.9449227929017057,0.9060290242673689,0.862532845338186,0.9372570039624889,0.9586776859504132,0.9253215884887582,0.9800092868165122,0.956156954391292,0.9256235286928756,0.9771891218214601,0.9553607093303553,0.9243905157201822,0.9767564980482366,0.9749815758432159,0.9476525762992053,0.9922213668010962,0.9736071659034675,0.9466502828299597,0.9916529512292941,0.9748,0.9496,0.9899
Yambuku,1976-10-19,0.9173228346456693,0.8763954512151562,0.9480935782593254,0.9151402336413474,0.8768692684089138,0.9451419989903685,0.9063895689012446,0.863063908411661,0.9374954473667036,0.9549180327868853,0.9207690707303099,0.9772834965755883,0.9524389336306005,0.921086643722951,0.9744387257703562,0.9516317269223664,0.9199204674159881,0.9739539090294597,0.968096483899832,0.9382765637895134,0.9875761797349347,0.9667120021502964,0.9380099390435438,0.98660832494598,0.9708,0.9444,0.9873000000000001
Yambuku,1976-10-20,0.92578125,0.8865230711884693,0.9547262489463787,0.923571418029758,0.8869551780800083,0.9518185302865801,0.9146068632192208,0.8725761457446556,0.9443672635802949,0.9556451612903226,0.9220242740923469,0.9776533130163066,0.9532019417788308,0.9223318871570506,0.9748534229550422,0.9524086203072021,0.9211871376254235,0.9743770516723484,0.97456990821369,0.9474891320863148,0.9907087878053122,0.9734802819361721,0.9480316051235791,0.9906199526468389,0.9753000000000001,0.9507000000000001,0.9901000000000001
Yambuku,1976-10-21,0.9296875,0.8911506533267348,0.9577987580697637,0.9274572162731641,0.8915653447495048,0.9549047619644738,0.9183408911350888,0.876989929448878,0.9474897187028928,0.9558232931726908,0.9223318871570506,0.9777438932012319,0.9533888838756491,0.9226370834304427,0.9749550030760539,0.9525978823754928,0.9215000368424688,0.9744806948687595,0.9699393137922623,0.9420087528318557,0.9882841457836068,0.9691544945359492,0.9423555619330386,0.987329949379628,0.9714,0.9455,0.9876
Yambuku,1976-10-22,0.93359375,0.8958044309384742,0.9608432005610229,0.9313429907776379,0.8962015935899258,0.9579650749786922,0.9221807174044481,0.8814260074877487,0.9506413273191628,0.956,0.9226370834304427,0.9778337419753069,0.9535743383775434,0.9229398912738519,0.9750557657519102,0.9527875425992316,0.9218104886346442,0.9745835018377125,0.9672227169816003,0.9386016597728006,0.9856908250420813,0.9662275985151069,0.9388444251932071,0.9847957985063809,0.9676,0.9406,0.9850000000000001
Yambuku,1976-10-23,0.9375,0.9004864688995705,0.9638572392101775,0.9352287372654993,0.900865981287193,0.9609974421017451,0.9260342985790628,0.8858459956610846,0.9538479725691976,0.9561752988047809,0.9229398912738519,0.9779228681625428,0.9537583229704761,0.9232403386067145,0.9751557208113295,0.9529770928647292,0.9221185214344458,0.974685482666079,0.9649357783727821,0.9361266733744675,0.983873348343191,0.9642182307568516,0.9355816360070698,0.9839117306047761,0.9677,0.9408000000000001,0.9851000000000001
Yambuku,1976-10-24,0.933852140077821,0.8962015935899258,0.9609974421017451,0.9316087589362196,0.896595741492973,0.958130085862138,0.9224748935308118,0.8818563979449447,0.9508320747434174,0.9561752988047809,0.9229398912738519,0.9779228681625428,0.9537583229704761,0.9232403386067145,0.9751557208113295,0.9529770928647292,0.9221185214344458,0.974685482666079,0.9590411490989135,0.9295244635957193,0.9795368414777516,0.9587827730279208,0.9289099514534411,0.9800230960355961,0.9600000000000001,0.931,0.9797
Yambuku,1976-10-25,0.933852140077821,0.8962015935899258,0.9609974421017451,0.9316087589362196,0.896595741492973,0.958130085862138,0.9224748935308118,0.8818563979449447,0.9508320747434174,0.9561752988047809,0.9229398912738519,0.9779228681625428,0.9537583229704761,0.9232403386067145,0.9751557208113295,0.9529770928647292,0.9221185214344458,0.974685482666079,0.9543437621990952,0.923804431514983,0.9757055514490206,0.9541819373373354,0.9235089551480858,0.9766872949246624,0.9562,0.9262,0.9769000000000001
Yambuku,1976-10-26,0.9416342412451362,0.9055608727652591,0.9669686595189976,0.9393501354954644,0.9059198551164369,0.9641407153367607,0.9300478931099603,0.8908267991470571,0.9573152366944966,0.9565217391304348,0.9235384529151434,0.9780989873684396,0.9541219517825461,0.9238342612603005,0.9753532466140709,0.9533513278882892,0.9227144825479523,0.9748870054435083,0.9583633148935243,0.9292005714654968,0.9788483135093026,0.9580769972961476,0.9285708343592394,0.9792925193654363,0.9603,0.9315,0.9799
Yambuku,1976-10-27,0.9416342412451362,0.9055608727652591,0.9669686595189976,0.9393501354954644,0.9059198551164369,0.9641407153367607,0.9300478931099603,0.8908267991470571,0.9573152366944966,0.9565217391304348,0.9235384529151434,0.9780989873684396,0.9541219517825461,0.9238342612603005,0.9753532466140709,0.9533513278882892,0.9227144825479523,0.9748870054435083,0.9549370960739989,0.9246608352012874,0.9756774296526421,0.9545727061132142,0.9240572765626968,0.9766163032373378,0.9565,0.9267000000000001,0.9771000000000001
Yambuku,1976-10-28,0.9494163424124513,0.915053604758898,0.9727948317651405,0.9470913497987997,0.9153768572908209,0.9700195737417335,0.9373990215049296,0.8979759894304469,0.963975254386476,0.9568627450980393,0.9241277902865744,0.9782723186336242,0.9544799063124738,0.9244190662295706,0.975547656030563,0.9537203956413804,0.923327016240529,0.9750829525695823,0.9598638440015663,0.9307786027092155,0.9787465660280016,0.9595779957835677,0.930425855577484,0.9800512408621259,0.9606,0.932,0.9800000000000001
Yambuku,1976-10-29,0.953307392996109,0.919858455317978,0.9756437150527988,0.9509618720709905,0.9201635980900138,0.9729013477831612,0.9411900708935963,0.9022033153040283,0.9668670593112118,0.95703125,0.9244190662295706,0.9783579593956968,0.9546567970657406,0.9247081149239187,0.9756437150527988,0.9539027607311255,0.9236233655606706,0.9751786858039099,0.9614492292679899,0.9340489484315257,0.9803985398934553,0.9612799556836373,0.932716138234592,0.9813717076574769,0.9646,0.9371,0.9828
Yambuku,1976-10-30,0.953307392996109,0.919858455317978,0.9756437150527988,0.9509618720709905,0.9201635980900138,0.9729013477831612,0.9411900708935963,0.9022033153040283,0.9668670593112118,0.95703125,0.9244190662295706,0.9783579593956968,0.9546567970657406,0.9247081149239187,0.9756437150527988,0.9539027607311255,0.9236233655606706,0.9751786858039099,0.9594030470717155,0.9312808629516477,0.9788448350225756,0.9591890546719288,0.9300847401294119,0.9797027213606478,0.9608000000000001,0.9323,0.9801000000000001
Yambuku,1976-10-31,0.953307392996109,0.919858455317978,0.9756437150527988,0.9509618720709905,0.9201635980900138,0.9729013477831612,0.9411900708935963,0.9022033153040283,0.9668670593112118,0.95703125,0.9244190662295706,0.9783579593956968,0.9546567970657406,0.9247081149239187,0.9756437150527988,0.9539027607311255,0.9236233655606706,0.9751786858039099,0.9576698788148442,0.9291281518121526,0.9774260282529376,0.957478211248794,0.9279535824142643,0.9784878185655783,0.9608000000000001,0.9323,0.9801000000000001
Yambuku,1976-11-01,0.953307392996109,0.919858455317978,0.9756437150527988,0.9509618720709905,0.9201635980900138,0.9729013477831612,0.9411900708935963,0.9022033153040283,0.9668670593112118,0.95703125,0.9244190662295706,0.9783579593956968,0.9546567970657406,0.9247081149239187,0.9756437150527988,0.9539027607311255,0.9236233655606706,0.9751786858039099,0.9562133572739957,0.9271862276128944,0.9763914437909949,0.9561212772253072,0.9262384185271801,0.9774800822867191,0.9570000000000001,0.9276000000000001,0.9774
Yambuku,1976-11-02,0.953307392996109,0.919858455317978,0.9756437150527988,0.9509618720709905,0.9201635980900138,0.9729013477831612,0.9411900708935963,0.9022033153040283,0.9668670593112118,0.95703125,0.9244190662295706,0.9783579593956968,0.9546567970657406,0.9247081149239187,0.9756437150527988,0.9539027607311255,0.9236233655606706,0.9751786858039099,0.9551228809994741,0.9256134890224388,0.9757169375334568,0.9549553681495622,0.924883150066886,0.9765543434332301,0.9570000000000001,0.9276000000000001,0.9774
Yambuku,1976-11-03,0.953307392996109,0.919858455317978,0.9756437150527988,0.9509618720709905,0.9201635980900138,0.9729013477831612,0.9411900708935963,0.9022033153040283,0.9668670593112118,0.95703125,0.9244190662295706,0.9783579593956968,0.9546567970657406,0.9247081149239187,0.9756437150527988,0.9539027607311255,0.9236233655606706,0.9751786858039099,0.9541621187404095,0.9243723145684816,0.9750927641449101,0.9540494735275173,0.9237655674551871,0.9758485191784041,0.9570000000000001,0.9276000000000001,0.9774
Yambuku,1976-11-04,0.953307392996109,0.919858455317978,0.9756437150527988,0.9509618720709905,0.9201635980900138,0.9729013477831612,0.9411900708935963,0.9022033153040283,0.9668670593112118,0.95703125,0.9244190662295706,0.9783579593956968,0.9546567970657406,0.9247081149239187,0.9756437150527988,0.9539027607311255,0.9236233655606706,0.9751786858039099,0.9534078296854234,0.9235342521970084,0.974476676807716,0.9533847434999615,0.9228956982309988,0.9753089906008773,0.9570000000000001,0.9276000000000001,0.9774
Yambuku,1976-11-05,0.9571984435797666,0.9247081149239187,0.97844292764233,0.9548323183492693,0.924994961810901,0.9757390222415088,0.9450310245282314,0.9063567314961685,0.9698423197294728,0.9571984435797666,0.9247081149239187,0.97844292764233,0.9548323183492693,0.924994961810901,0.9757390222415088,0.9540837024640063,0.9239174575928114,0.9752781877859459,0.9567821166790542,0.9276179671438091,0.9769310170810147,0.9567743642532414,0.9270074425982379,0.9777368026703829,0.9609000000000001,0.9326000000000001,0.9802000000000001
Kikwit,1995-01-06,0.0,0.0,0.975,0.2928932188134526,0.01257911709342505,0.841886116991581,0.4979388141168837,0.13997303535512406,0.7921108811261877,,,,,,,,,,0.49168206235958173,0.023174505799027755,0.977183901138962,,,,,,
Kikwit,1995-01-07,0.0,0.0,0.975,0.2928932188134526,0.01257911709342505,0.841886116991581,0.4979388141168837,0.13997303535512406,0.7921108811261877,,,,,,,,,,0.4127438722150414,0.02070858526494603,0.9533731091438836,,,,,,
Kikwit,1995-01-08,0.0,0.0,0.975,0.2928932188134526,0.01257911709342505,0.841886116991581,0.4979388141168837,0.13997303535512406,0.7921108811261877,,,,,,,,,,0.39985130266489155,0.019422808374030487,0.9411428827050441,,,,,,
Kikwit,1995-01-09,0.0,0.0,0.975,0.2928932188134526,0.01257911709342505,0.841886116991581,0.4979388141168837,0.13997303535512406,0.7921108811261877,,,,,,,,,,0.3804211304015975,0.01704275680261682,0.9335634983863774,,,,,,
Kikwit,1995-01-10,0.0,0.0,0.975,0.2928932188134526,0.01257911709342505,0.841886116991581,0.4979388141168837,0.13997303535512406,0.7921108811261877,,,,,,,,,,0.3688572951877087,0.01736996987997741,0.9201935767522006,,,,,,
Kikwit,1995-01-11,0.0,0.0,0.975,0.2928932188134526,0.01257911709342505,0.841886116991581,0.4979388141168837,0.13997303535512406,0.7921108811261877,,,,,,,,,,0.3554873016452467,0.01609348488907889,0.9157727284565422,,,,,,
Kikwit,1995-01-12,0.0,0.0,0.975,0.2928932188134526,0.01257911709342505,0.841886116991581,0.4979388141168837,0.13997303535512406,0.7921108811261877,,,,,,,,,,0.3452194403838158,0.015172212474089283,0.9031703310064274,,,,,,
Kikwit,1995-01-13,1.0,0.025,1.0,0.7071067811865475,0.15811388300841897,0.9874208829065749,0.6081721830345237,0.2896206606296262,0.9089464729789578,1.0,0.025,1.0,0.7071067811865475,0.15811388300841897,0.9874208829065749,0.7763969875517975,0.23003022142445834,0.9988225442066089,0.7142760153173738,0.16603125511182956,0.9851848872512085,0.702385119234215,0.15748787462775143,0.984145739352595,,,
Kikwit,1995-01-14,1.0,0.025,1.0,0.7071067811865475,0.15811388300841897,0.9874208829065749,0.6081721830345237,0.2896206606296262,0.9089464729789578,1.0,0.025,1.0,0.7071067811865475,0.15811388300841897,0.9874208829065749,0.7763969875517975,0.23003022142445834,0.9988225442066089,0.7142760153173738,0.16603125511182956,0.9851848872512085,0.702385119234215,0.15748787462775143,0.984145739352595,,,
Kikwit,1995-01-15,1.0,0.025,1.0,0.7071067811865475,0.15811388300841897,0.9874208829065749,0.6081721830345237,0.2896206606296262,0.9089464729789578,1.0,0.025,1.0,0.7071067811865475,0.15811388300841897,0.9874208829065749,0.7763969875517975,0.23003022142445834,0.9988225442066089,0.7142760153173738,0.16603125511182956,0.9851848872512085,0.702385119234215,0.15748787462775143,0.984145739352595,,,
Kikwit,1995-01-16,1.0,0.025,1.0,0.7071067811865475,0.15811388300841897,0.9874208829065749,0.6081721830345237,0.2896206606296262,0.9089464729789578,1.0,0.025,1.0,0.7071067811865475,0.15811388300841897,0.9874208829065749,0.7763969875517975,0.23003022142445834,0.9988225442066089,0.7142760153173738,0.16603125511182956,0.9851848872512085,0.702385119234215,0.15748787462775143,0.984145739352595,,,
Kikwit,1995-01-17,1.0,0.025,1.0,0.7071067811865475,0.15811388300841897,0.9874208829065749,0.6081721830345237,0.2896206606296262,0.9089464729789578,1.0,0.025,1.0,0.7071067811865475,0.15811388300841897,0.9874208829065749,0.7763969875517975,0.23003022142445834,0.9988225442066089,0.7142760153173738,0.16603125511182956,0.9851848872512085,0.702385119234215,0.15748787462775143,0.984145739352595,,,
Kikwit,1995-01-18,1.0,0.025,1.0,0.7071067811865475,0.15811388300841897,0.9874208829065749,0.6081721830345237,0.2896206606296262,0.9089464729789578,1.0,0.025,1.0,0.7071067811865475,0.15811388300841897,0.9874208829065749,0.7763969875517975,0.23003022142445834,0.9988225442066089,0.7142760153173738,0.16603125511182956,0.9851848872512085,0.702385119234215,0.15748787462775143,0.984145739352595,,,
Kikwit,1995-01-19,1.0,0.025,1.0,0.7071067811865475,0.15811388300841897,0.9874208829065749,0.6081721830345237,0.2896206606296262,0.9089464729789578,1.0,0.025,1.0,0.7071067811865475,0.15811388300841897,0.9874208829065749,0.7763969875517975,0.23003022142445834,0.9988225442066089,0.7142760153173738,0.16603125511182956,0.9851848872512085,0.702385119234215,0.15748787462775143,0.984145739352595,,,
Kikwit,1995-01-20,0.3333333333333333,0.008403758659612636,0.9057006759497539,0.3857275681323895,0.06758598648854294,0.8058795503167565,0.5039461056445553,0.2005978476243989,0.7685442258956475,1.0,0.025,1.0,0.7071067811865475,0.15811388300841897,0.9874208829065749,0.7763969875517975,0.23003022142445834,0.9988225442066089,0.7142760153173738,0.16603125511182956,0.9851848872512085,0.702385119234215,0.15748787462775143,0.984145739352595,,,
Kikwit,1995-01-21,0.25,0.006309463209709866,0.8058795503167565,0.3138101704556974,0.052744950526316906,0.7164179361180895,0.4632280303978229,0.16967978210754336,0.7179541002850337,1.0,0.025,1.0,0.7071067811865475,0.15811388300841897,0.9874208829065749,0.7763969875517975,0.23003022142445834,0.9988225442066089,0.6540288728285519,0.14617798005174298,0.9803056894799007,0.6448605583363951,0.13707752698040657,0.9820786413169154,,,
Kikwit,1995-01-22,0.25,0.006309463209709866,0.8058795503167565,0.3138101704556974,0.052744950526316906,0.7164179361180895,0.4632280303978229,0.16967978210754336,0.7179541002850337,1.0,0.025,1.0,0.7071067811865475,0.15811388300841897,0.9874208829065749,0.7763969875517975,0.23003022142445834,0.9988225442066089,0.6298361627890248,0.12795546262933383,0.9701413047488918,0.6073967584214301,0.10999255114265172,0.9774122451651893,,,
Kikwit,1995-01-23,0.2,0.0050507633794680575,0.7164179361180895,0.26444998329566005,0.043271868292741676,0.6412345789976748,0.4312535947444513,0.14574111967918096,0.6809959807959665,1.0,0.025,1.0,0.7071067811865475,0.15811388300841897,0.9874208829065749,0.7763969875517975,0.23003022142445834,0.9988225442066089,0.5916014880830709,0.1080032214569864,0.9656324754713242,0.5763210267167467,0.10102746129342782,0.9739884603971943,,,
Kikwit,1995-01-24,0.2,0.0050507633794680575,0.7164179361180895,0.26444998329566005,0.043271868292741676,0.6412345789976748,0.4312535947444513,0.14574111967918096,0.6809959807959665,1.0,0.025,1.0,0.7071067811865475,0.15811388300841897,0.9874208829065749,0.7763969875517975,0.23003022142445834,0.9988225442066089,0.5365739045029472,0.08635677164781044,0.9474233511140425,0.5352701056015801,0.09063366421225601,0.9669682551973575,,,
Kikwit,1995-01-25,0.2,0.0050507633794680575,0.7164179361180895,0.26444998329566005,0.043271868292741676,0.6412345789976748,0.4312535947444513,0.14574111967918096,0.6809959807959665,1.0,0.025,1.0,0.7071067811865475,0.15811388300841897,0.9874208829065749,0.7763969875517975,0.23003022142445834,0.9988225442066089,0.4834389336496946,0.0777620782626798,0.9303671828032666,0.501887759677041,0.08756662601644506,0.962223351491039,,,
Kikwit,1995-01-26,0.2,0.0050507633794680575,0.7164179361180895,0.26444998329566005,0.043271868292741676,0.6412345789976748,0.4312535947444513,0.14574111967918096,0.6809959807959665,1.0,0.025,1.0,0.7071067811865475,0.15811388300841897,0.9874208829065749,0.7763969875517975,0.23003022142445834,0.9988225442066089,0.4360498972687324,0.07434878959242787,0.9174501873538025,0.4760879895213992,0.08193029684746853,0.9537827425605035,,,
Kikwit,1995-01-27,0.2,0.0050507633794680575,0.7164179361180895,0.26444998329566005,0.043271868292741676,0.6412345789976748,0.4312535947444513,0.14574111967918096,0.6809959807959665,1.0,0.025,1.0,0.7071067811865475,0.15811388300841897,0.9874208829065749,0.7763969875517975,0.23003022142445834,0.9988225442066089,0.4105778399693225,0.0690559045738468,0.873554083564224,0.4539897621625001,0.07515830626701743,0.9439241471446901,,,
Kikwit,1995-01-28,0.2,0.0050507633794680575,0.7164179361180895,0.26444998329566005,0.043271868292741676,0.6412345789976748,0.4312535947444513,0.14574111967918096,0.6809959807959665,1.0,0.025,1.0,0.7071067811865475,0.15811388300841897,0.9874208829065749,0.7763969875517975,0.23003022142445834,0.9988225442066089,0.38630885697061557,0.06431919573840587,0.843593783447654,0.4356085523060196,0.06732330865922714,0.9431421864453242,,,
Kikwit,1995-01-29,0.4,0.052744950526316906,0.8533672003653268,0.4214071906907131,0.11811724875702521,0.7772219044964879,0.5030632976985658,0.22759518590033523,0.7500685603542848,1.0,0.15811388300841897,1.0,0.7937005259840997,0.2924017738212866,0.9915962413403874,0.8291133712656095,0.36693806649025584,0.9991330856375781,0.6018038284205937,0.17559312195694354,0.9477705074569275,0.6036818541031834,0.18188399571500113,0.9689818286234742,0.6667000000000001,0.16090000000000002,0.9772000000000001
Kikwit,1995-01-30,0.4,0.052744950526316906,0.8533672003653268,0.4214071906907131,0.11811724875702521,0.7772219044964879,0.5030632976985658,0.22759518590033523,0.7500685603542848,1.0,0.15811388300841897,1.0,0.7937005259840997,0.2924017738212866,0.9915962413403874,0.8291133712656095,0.36693806649025584,0.9991330856375781,0.5762941017160723,0.16558284497880216,0.9426534610869444,0.5762767630858143,0.1711118662076808,0.9586672617110492,0.5,0.1073,0.8927
Kikwit,1995-01-31,0.4,0.052744950526316906,0.8533672003653268,0.4214071906907131,0.11811724875702521,0.7772219044964879,0.5030632976985658,0.22759518590033523,0.7500685603542848,1.0,0.15811388300841897,1.0,0.7937005259840997,0.2924017738212866,0.9915962413403874,0.8291133712656095,0.36693806649025584,0.9991330856375781,0.5376975965434769,0.15410409986405368,0.915002098689794,0.5590483800578934,0.1608096143459809,0.9625214472091572,0.5,0.1073,0.8927
Kikwit,1995-02-01,0.4,0.052744950526316906,0.8533672003653268,0.4214071906907131,0.11811724875702521,0.7772219044964879,0.5030632976985658,0.22759518590033523,0.7500685603542848,1.0,0.15811388300841897,1.0,0.7937005259840997,0.2924017738212866,0.9915962413403874,0.8291133712656095,0.36693806649025584,0.9991330856375781,0.5133803655588667,0.1494645618800011,0.8996307073074455,0.5217556219534831,0.14961457138768988,0.930638389213961,0.4,0.08080000000000001,0.8008000000000001
Kikwit,1995-02-02,0.6,0.14663279963467313,0.9472550494736831,0.5785928093092869,0.22277809550351213,0.8818827512429748,0.576965448400981,0.30714881983833914,0.817961733242414,1.0,0.2924017738212866,1.0,0.8408964152537145,0.3976353643835253,0.9936905367902902,0.8599494578928586,0.4380673913301745,0.9995329630598194,0.7105167128203487,0.29841877362603514,0.9644844164273462,0.7019738797995627,0.2773834711769342,0.9743716121519019,0.75,0.2777,0.9837
Kikwit,1995-02-03,0.8,0.2835820638819105,0.9949492366205319,0.73555001670434,0.35876542100232517,0.9567281317072583,0.6469173666730463,0.37915290944794383,0.8862126873656339,1.0,0.3976353643835253,1.0,0.8705505632961241,0.4781762498950185,0.9949492366205319,0.8811459063125437,0.4974167172050884,0.9996053717237904,0.848571276559739,0.44827723845660716,0.9933607828456535,0.8405737882155511,0.4451298768123968,0.992310680556004,0.9999,0.6188,0.9999
Kikwit,1995-02-04,0.8,0.2835820638819105,0.9949492366205319,0.73555001670434,0.35876542100232517,0.9567281317072583,0.6469173666730463,0.37915290944794383,0.8862126873656339,1.0,0.3976353643835253,1.0,0.8705505632961241,0.4781762498950185,0.9949492366205319,0.8811459063125437,0.4974167172050884,0.9996053717237904,0.8353348170167092,0.4186622619289633,0.9912180694460025,0.8322232518490329,0.4156049945556464,0.9918958932114277,0.9999,0.6188,0.9999
Kikwit,1995-02-05,0.8,0.2835820638819105,0.9949492366205319,0.73555001670434,0.35876542100232517,0.9567281317072583,0.6469173666730463,0.37915290944794383,0.8862126873656339,1.0,0.3976353643835253,1.0,0.8705505632961241,0.4781762498950185,0.9949492366205319,0.8811459063125437,0.4974167172050884,0.9996053717237904,0.8172776404648101,0.42224565072383774,0.9888974222940325,0.8218865674594693,0.40964583341218563,0.9908295484157411,0.8,0.3719,0.9873000000000001
Kikwit,1995-02-06,0.8,0.2835820638819105,0.9949492366205319,0.73555001670434,0.35876542100232517,0.9567281317072583,0.6469173666730463,0.37915290944794383,0.8862126873656339,1.0,0.3976353643835253,1.0,0.8705505632961241,0.4781762498950185,0.9949492366205319,0.8811459063125437,0.4974167172050884,0.9996053717237904,0.7990966846154657,0.41795400295531754,0.9851286034584885,0.8073059505442453,0.40142735753218534,0.9904490297071951,0.8,0.3719,0.9873000000000001
Kikwit,1995-02-07,0.6666666666666666,0.22277809550351213,0.9567281317072583,0.6358839135519174,0.2904208637373427,0.9010117215574921,0.602508099199148,0.3465408226713981,0.8327476515610482,1.0,0.3976353643835253,1.0,0.8705505632961241,0.4781762498950185,0.9949492366205319,0.8811459063125437,0.4974167172050884,0.9996053717237904,0.7886772065662493,0.40856921348666625,0.9827903155335075,0.7942027222740138,0.39043870076268516,0.9888180629167286,0.8,0.3719,0.9873000000000001
Kikwit,1995-02-08,0.5714285714285714,0.184051567640083,0.9010117215574921,0.5598447953652341,0.2448632163665516,0.842987229512942,0.5655817894930018,0.3208416051564159,0.795347513662028,1.0,0.3976353643835253,1.0,0.8705505632961241,0.4781762498950185,0.9949492366205319,0.8811459063125437,0.4974167172050884,0.9996053717237904,0.7777276355620408,0.38891352742265206,0.9783711898051023,0.7856291271070166,0.38892697249830377,0.986533048344212,0.8,0.3719,0.9873000000000001
Kikwit,1995-02-09,0.5714285714285714,0.184051567640083,0.9010117215574921,0.5598447953652341,0.2448632163665516,0.842987229512942,0.5655817894930018,0.3208416051564159,0.795347513662028,1.0,0.3976353643835253,1.0,0.8705505632961241,0.4781762498950185,0.9949492366205319,0.8811459063125437,0.4974167172050884,0.9996053717237904,0.7693193164970934,0.39337117360175794,0.9738664454536727,0.7729312041058107,0.38178820617029546,0.9819037972717458,0.8,0.3719,0.9873000000000001
Kikwit,1995-02-10,0.5714285714285714,0.184051567640083,0.9010117215574921,0.5598447953652341,0.2448632163665516,0.842987229512942,0.5655817894930018,0.3208416051564159,0.795347513662028,1.0,0.3976353643835253,1.0,0.8705505632961241,0.4781762498950185,0.9949492366205319,0.8811459063125437,0.4974167172050884,0.9996053717237904,0.7561462769401786,0.3840094880013901,0.9653385589519334,0.76094335809512,0.370540077755966,0.9758976794902656,0.8,0.3719,0.9873000000000001
Kikwit,1995-02-11,0.8571428571428571,0.4212768029568048,0.9963897031380994,0.79886880739499,0.47349032912479344,0.9681459737500557,0.6899416748750999,0.4439575101212342,0.9109689205060229,1.0,0.5407418735600995,1.0,0.9057236642639066,0.5903836027749966,0.9963897031380994,0.9121476006543618,0.6036957723961965,0.9996955194303251,0.9072622942916816,0.5842322439924931,0.9957543707484005,0.9048203065579803,0.5705269439440522,0.9957196255835126,,,
Kikwit,1995-02-12,0.8571428571428571,0.4212768029568048,0.9963897031380994,0.79886880739499,0.47349032912479344,0.9681459737500557,0.6899416748750999,0.4439575101212342,0.9109689205060229,1.0,0.5407418735600995,1.0,0.9057236642639066,0.5903836027749966,0.9963897031380994,0.9121476006543618,0.6036957723961965,0.9996955194303251,0.9071589379984508,0.5842322439924931,0.9957543707484005,0.9043912801497971,0.5705269439440522,0.9957196255835126,,,
Kikwit,1995-02-13,0.75,0.3491442055871758,0.9681459737500557,0.7137633319772172,0.39990642628368783,0.9251453685803082,0.6506930216640052,0.410193581621214,0.8654921290139999,1.0,0.5407418735600995,1.0,0.9057236642639066,0.5903836027749966,0.9963897031380994,0.9121476006543618,0.6036957723961965,0.9996955194303251,0.9064679683891839,0.5842322439924931,0.9957543707484005,0.9037939319780475,0.5705269439440522,0.9957196255835126,,,
Kikwit,1995-02-14,0.875,0.47349032912479344,0.9968402764687481,0.820380388019639,0.517503485082663,0.9718550265221018,0.709732134042985,0.47671789155899846,0.9216998293617439,1.0,0.5903836027749966,1.0,0.9170040432046712,0.6305833524471807,0.9968402764687481,0.9217092719643556,0.6349699909870768,0.9997588053901488,0.9186209566206687,0.6256494994684808,0.9963737101864123,0.9157862801005102,0.6139154755923588,0.9963193774900406,,,
Kikwit,1995-02-15,0.875,0.47349032912479344,0.9968402764687481,0.820380388019639,0.517503485082663,0.9718550265221018,0.709732134042985,0.47671789155899846,0.9216998293617439,1.0,0.5903836027749966,1.0,0.9170040432046712,0.6305833524471807,0.9968402764687481,0.9217092719643556,0.6349699909870768,0.9997588053901488,0.9186209566206687,0.6256494994684808,0.9963737101864123,0.9157862801005102,0.6139154755923588,0.9963193774900406,,,
Kikwit,1995-02-16,0.8888888888888888,0.517503485082663,0.9971908632534008,0.8377372718047538,0.5549838829718047,0.9747892736731666,0.7257719020751366,0.4978395676910689,0.9277450732348859,1.0,0.6305833524471807,1.0,0.9258747122872903,0.6637328831200572,0.9971908632534008,0.9298580170466335,0.663618180080538,0.9997874444428796,0.9274893118546573,0.6609474423818015,0.9967783968745723,0.9252739678140792,0.6453200111354092,0.9967448722289207,,,
Kikwit,1995-02-17,0.8888888888888888,0.517503485082663,0.9971908632534008,0.8377372718047538,0.5549838829718047,0.9747892736731666,0.7257719020751366,0.4978395676910689,0.9277450732348859,1.0,0.6305833524471807,1.0,0.9258747122872903,0.6637328831200572,0.9971908632534008,0.9298580170466335,0.663618180080538,0.9997874444428796,0.9274893118546573,0.6609474423818015,0.9967783968745723,0.9252739678140792,0.6453200111354092,0.9967448722289207,,,
Kikwit,1995-02-18,0.8888888888888888,0.517503485082663,0.9971908632534008,0.8377372718047538,0.5549838829718047,0.9747892736731666,0.7257719020751366,0.4978395676910689,0.9277450732348859,1.0,0.6305833524471807,1.0,0.9258747122872903,0.6637328831200572,0.9971908632534008,0.9298580170466335,0.663618180080538,0.9997874444428796,0.9274893118546573,0.6609474423818015,0.9967783968745723,0.9252739678140792,0.6453200111354092,0.9967448722289207,,,
Kikwit,1995-02-19,0.8888888888888888,0.517503485082663,0.9971908632534008,0.8377372718047538,0.5549838829718047,0.9747892736731666,0.7257719020751366,0.4978395676910689,0.9277450732348859,1.0,0.6305833524471807,1.0,0.9258747122872903,0.6637328831200572,0.9971908632534008,0.9298580170466335,0.663618180080538,0.9997874444428796,0.9275651283111078,0.6510194705330912,0.9967727749954062,0.9250632407909396,0.6453200111354092,0.9967448722289207,,,
Kikwit,1995-02-20,0.9,0.5549838829718047,0.9974714214555382,0.8520365745693936,0.5872200830116173,0.9771688017000403,0.740092102438322,0.5128762712350484,0.9331886309937074,1.0,0.6637328831200572,1.0,0.9330329915368074,0.6915028921812392,0.9974714214555382,0.9361880906005571,0.6949918197293198,0.9998031179284871,0.9347023835336552,0.6845116614554708,0.9971334146371065,0.9328644976292945,0.6748716752030777,0.9970797652189752,,,
Kikwit,1995-02-21,0.75,0.4281415381218108,0.9451393554720072,0.7247241675138478,0.461868460765959,0.9090796054279033,0.6696690425641375,0.4596377990595666,0.8560117539916983,1.0,0.6637328831200572,1.0,0.9330329915368074,0.6915028921812392,0.9974714214555382,0.9361880906005571,0.6949918197293198,0.9998031179284871,0.9347023835336552,0.6845116614554708,0.9971334146371065,0.9328644976292945,0.6748716752030777,0.9970797652189752,,,
Kikwit,1995-02-22,0.75,0.4281415381218108,0.9451393554720072,0.7247241675138478,0.461868460765959,0.9090796054279033,0.6696690425641375,0.4596377990595666,0.8560117539916983,1.0,0.6637328831200572,1.0,0.9330329915368074,0.6915028921812392,0.9974714214555382,0.9361880906005571,0.6949918197293198,0.9998031179284871,0.9347023835336552,0.6845116614554708,0.9971334146371065,0.9326865510943894,0.6748716752030777,0.9970797652189752,,,
Kikwit,1995-02-23,0.8333333333333334,0.5158622513140328,0.9791374745399076,0.7995514047020151,0.5455289443234422,0.9496189265088485,0.7169384675655246,0.5037193001283362,0.903494408903903,1.0,0.6915028921812392,1.0,0.9389309106617063,0.7150858470818455,0.9977010277861857,0.9415952561310745,0.7175717882384983,0.9998635756317004,0.9403928774899026,0.7085426188555087,0.9974189124389301,0.9383997968517858,0.7014969318101463,0.9973469316546065,,,
Kikwit,1995-02-24,0.8333333333333334,0.5158622513140328,0.9791374745399076,0.7995514047020151,0.5455289443234422,0.9496189265088485,0.7169384675655246,0.5037193001283362,0.903494408903903,1.0,0.6915028921812392,1.0,0.9389309106617063,0.7150858470818455,0.9977010277861857,0.9415952561310745,0.7175717882384983,0.9998635756317004,0.9403928774899026,0.707969448014527,0.9974074362129123,0.9381891563968874,0.7014969318101463,0.9973469316546065,,,
Kikwit,1995-02-25,0.8333333333333334,0.5158622513140328,0.9791374745399076,0.7995514047020151,0.5455289443234422,0.9496189265088485,0.7169384675655246,0.5037193001283362,0.903494408903903,1.0,0.6915028921812392,1.0,0.9389309106617063,0.7150858470818455,0.9977010277861857,0.9415952561310745,0.7175717882384983,0.9998635756317004,0.9401802587412935,0.707969448014527,0.9973507298331409,0.938011347168519,0.6993663040230005,0.9973378885707468,,,
Kikwit,1995-02-26,0.7692307692307693,0.461868460765959,0.9496189265088485,0.7439158242191628,0.49202432295152815,0.9161106816928725,0.6843996841119417,0.4790795997260266,0.8648470323642622,1.0,0.6915028921812392,1.0,0.9389309106617063,0.7150858470818455,0.9977010277861857,0.9415952561310745,0.7175717882384983,0.9998635756317004,0.9375390473111334,0.7040859335394984,0.9969355753074783,0.9337157645470426,0.6957209610166849,0.9971138581935348,,,
Kikwit,1995-02-27,0.7692307692307693,0.461868460765959,0.9496189265088485,0.7439158242191628,0.49202432295152815,0.9161106816928725,0.6843996841119417,0.4790795997260266,0.8648470323642622,1.0,0.6915028921812392,1.0,0.9389309106617063,0.7150858470818455,0.9977010277861857,0.9415952561310745,0.7175717882384983,0.9998635756317004,0.931261636652966,0.697903049943775,0.9967683497902722,0.9255922597161976,0.6849467887028994,0.9967152811438319,,,
Kikwit,1995-02-28,0.7692307692307693,0.461868460765959,0.9496189265088485,0.7439158242191628,0.49202432295152815,0.9161106816928725,0.6843996841119417,0.4790795997260266,0.8648470323642622,1.0,0.6915028921812392,1.0,0.9389309106617063,0.7150858470818455,0.9977010277861857,0.9415952561310745,0.7175717882384983,0.9998635756317004,0.914405610184386,0.6655590586144402,0.9957242841316868,0.9099217504586652,0.6619737099521248,0.9960484415005323,0.9999,0.8253,0.9999
Kikwit,1995-03-01,0.7692307692307693,0.461868460765959,0.9496189265088485,0.7439158242191628,0.49202432295152815,0.9161106816928725,0.6843996841119417,0.4790795997260266,0.8648470323642622,1.0,0.6915028921812392,1.0,0.9389309106617063,0.7150858470818455,0.9977010277861857,0.9415952561310745,0.7175717882384983,0.9998635756317004,0.893947014622295,0.6338090167962038,0.9934810787893941,0.8940780044085175,0.620287337849773,0.9938694764569054,0.9091,0.657,0.9945
Kikwit,1995-03-02,0.8461538461538461,0.5455289443234422,0.9807933280174715,0.8135258974145957,0.5718708390903011,0.9534207121101327,0.7296556250581263,0.5208381164018699,0.9092072114787391,1.0,0.7150858470818455,1.0,0.9438743126816935,0.7353515306029488,0.9978924067681397,0.9460232890385027,0.7351101174705433,0.9998751852839471,0.9327016349454849,0.7049491527476388,0.9964550194751912,0.9268749548829787,0.6981263268325324,0.9962533055594416,0.9999,0.8398,0.9999
Kikwit,1995-03-03,0.8461538461538461,0.5455289443234422,0.9807933280174715,0.8135258974145957,0.5718708390903011,0.9534207121101327,0.7296556250581263,0.5208381164018699,0.9092072114787391,1.0,0.7150858470818455,1.0,0.9438743126816935,0.7353515306029488,0.9978924067681397,0.9460232890385027,0.7351101174705433,0.9998751852839471,0.9201993484023068,0.691460356694609,0.9965734376636559,0.914435638561032,0.6714308983326827,0.9959561746348884,0.9999,0.8398,0.9999
Kikwit,1995-03-04,0.8461538461538461,0.5455289443234422,0.9807933280174715,0.8135258974145957,0.5718708390903011,0.9534207121101327,0.7296556250581263,0.5208381164018699,0.9092072114787391,1.0,0.7150858470818455,1.0,0.9438743126816935,0.7353515306029488,0.9978924067681397,0.9460232890385027,0.7351101174705433,0.9998751852839471,0.9063129779620556,0.6728027231777107,0.9943844793601893,0.9028801857880857,0.6598998590550558,0.9942202950561643,0.9167000000000001,0.6816,0.995
Kikwit,1995-03-05,0.8461538461538461,0.5455289443234422,0.9807933280174715,0.8135258974145957,0.5718708390903011,0.9534207121101327,0.7296556250581263,0.5208381164018699,0.9092072114787391,1.0,0.7150858470818455,1.0,0.9438743126816935,0.7353515306029488,0.9978924067681397,0.9460232890385027,0.7351101174705433,0.9998751852839471,0.8924071275445893,0.6600255011926075,0.991429977196723,0.8865336330417624,0.6304091017339932,0.990791648767655,0.9167000000000001,0.6816,0.995
Kikwit,1995-03-06,0.8461538461538461,0.5455289443234422,0.9807933280174715,0.8135258974145957,0.5718708390903011,0.9534207121101327,0.7296556250581263,0.5208381164018699,0.9092072114787391,1.0,0.7150858470818455,1.0,0.9438743126816935,0.7353515306029488,0.9978924067681397,0.9460232890385027,0.7351101174705433,0.9998751852839471,0.8808978049806557,0.6337176355888192,0.9887585787320438,0.8769827036207547,0.6200873702409259,0.9885845781052174,0.9167000000000001,0.6816,0.995
Kikwit,1995-03-07,0.8461538461538461,0.5455289443234422,0.9807933280174715,0.8135258974145957,0.5718708390903011,0.9534207121101327,0.7296556250581263,0.5208381164018699,0.9092072114787391,1.0,0.7150858470818455,1.0,0.9438743126816935,0.7353515306029488,0.9978924067681397,0.9460232890385027,0.7351101174705433,0.9998751852839471,0.8712434099986943,0.638057168789418,0.9837706249743643,0.8677002898899359,0.6137253487938203,0.9837987338207917,0.9167000000000001,0.6816,0.995
Kikwit,1995-03-08,0.8571428571428571,0.5718708390903011,0.9822054845168084,0.8256793236246607,0.5953973033966279,0.9566879948941633,0.7420902380377234,0.5366257186615385,0.9152112700122158,1.0,0.7353515306029488,1.0,0.9480775143391714,0.752947361999529,0.9980543715026533,0.9499115810594714,0.7498882039580571,0.9998849371516754,0.9375131661395716,0.738986280385983,0.996820723002233,0.9301976395160656,0.7228141236433984,0.9961175306198125,0.9999,0.8521000000000001,0.9999
Kikwit,1995-03-09,0.9285714285714286,0.6613155100681788,0.9981932193408746,0.8906038972143253,0.6805154334216966,0.9834240865599164,0.7857763938766322,0.5779576719215009,0.94825811333193,1.0,0.752947361999529,1.0,0.9516951530106196,0.7683642383498834,0.9981932193408746,0.9532665416912574,0.7643521109887654,0.9998932635431877,0.9531097949649541,0.7638650679732605,0.9980013458014285,0.9514406094019662,0.7603418467560525,0.9979297615115167,,,
Kikwit,1995-03-10,0.9285714285714286,0.6613155100681788,0.9981932193408746,0.8906038972143253,0.6805154334216966,0.9834240865599164,0.7857763938766322,0.5779576719215009,0.94825811333193,1.0,0.752947361999529,1.0,0.9516951530106196,0.7683642383498834,0.9981932193408746,0.9532665416912574,0.7643521109887654,0.9998932635431877,0.9531097949649541,0.7638650679732605,0.9980013458014285,0.9514406094019662,0.7603418467560525,0.9979297615115167,,,
Kikwit,1995-03-11,0.9285714285714286,0.6613155100681788,0.9981932193408746,0.8906038972143253,0.6805154334216966,0.9834240865599164,0.7857763938766322,0.5779576719215009,0.94825811333193,1.0,0.752947361999529,1.0,0.9516951530106196,0.7683642383498834,0.9981932193408746,0.9532665416912574,0.7643521109887654,0.9998932635431877,0.9529941101698248,0.7627939494240656,0.9980013458014285,0.9508740143463195,0.7603418467560525,0.9979232248171519,,,
Kikwit,1995-03-12,0.9285714285714286,0.6613155100681788,0.9981932193408746,0.8906038972143253,0.6805154334216966,0.9834240865599164,0.7857763938766322,0.5779576719215009,0.94825811333193,1.0,0.752947361999529,1.0,0.9516951530106196,0.7683642383498834,0.9981932193408746,0.9532665416912574,0.7643521109887654,0.9998932635431877,0.9514594195484689,0.7637994362657001,0.9979798426597438,0.949089798647949,0.753475826648483,0.9981708695814009,,,
Kikwit,1995-03-13,0.7647058823529411,0.5010067267954198,0.9318922595626433,0.7452877820803969,0.5236272342635198,0.9030507874744406,0.6937108706017326,0.5072456843655372,0.8609273656016433,1.0,0.752947361999529,1.0,0.9516951530106196,0.7683642383498834,0.9981932193408746,0.9532665416912574,0.7643521109887654,0.9998932635431877,0.9493347452082451,0.7603321815626884,0.997548031639722,0.9473830449252567,0.7528866812473265,0.9976934640691282,,,
Kikwit,1995-03-14,0.7647058823529411,0.5010067267954198,0.9318922595626433,0.7452877820803969,0.5236272342635198,0.9030507874744406,0.6937108706017326,0.5072456843655372,0.8609273656016433,1.0,0.752947361999529,1.0,0.9516951530106196,0.7683642383498834,0.9981932193408746,0.9532665416912574,0.7643521109887654,0.9998932635431877,0.9417584503846634,0.7488260128838213,0.996668108466538,0.9414885232911688,0.7405077381080191,0.9975014107864293,0.9999,0.8627,0.9999
Kikwit,1995-03-15,0.7647058823529411,0.5010067267954198,0.9318922595626433,0.7452877820803969,0.5236272342635198,0.9030507874744406,0.6937108706017326,0.5072456843655372,0.8609273656016433,1.0,0.752947361999529,1.0,0.9516951530106196,0.7683642383498834,0.9981932193408746,0.9532665416912574,0.7643521109887654,0.9998932635431877,0.9296226110200914,0.7128561813146711,0.9953000242650519,0.9262352706009654,0.7143371788431945,0.9948409930750023,0.9999,0.8627,0.9999
Kikwit,1995-03-16,0.7647058823529411,0.5010067267954198,0.9318922595626433,0.7452877820803969,0.5236272342635198,0.9030507874744406,0.6937108706017326,0.5072456843655372,0.8609273656016433,1.0,0.752947361999529,1.0,0.9516951530106196,0.7683642383498834,0.9981932193408746,0.9532665416912574,0.7643521109887654,0.9998932635431877,0.9098211322358178,0.6869447289835175,0.9918911900785625,0.9123559839513471,0.6804616628351762,0.9934394078057954,0.9286000000000001,0.7215,0.9957
Kikwit,1995-03-17,0.7222222222222222,0.46519803441694385,0.9030507874744406,0.7067798200563354,0.48797065465412726,0.8742393641270166,0.6689806045658471,0.4788362216881547,0.8341875555799505,1.0,0.752947361999529,1.0,0.9516951530106196,0.7683642383498834,0.9981932193408746,0.9532665416912574,0.7643521109887654,0.9998932635431877,0.8931979332478792,0.6747369381110343,0.986326610658507,0.894218267202107,0.6614495767976019,0.9875352279076253,0.9286000000000001,0.7215,0.9957
Kikwit,1995-03-18,0.7222222222222222,0.46519803441694385,0.9030507874744406,0.7067798200563354,0.48797065465412726,0.8742393641270166,0.6689806045658471,0.4788362216881547,0.8341875555799505,1.0,0.752947361999529,1.0,0.9516951530106196,0.7683642383498834,0.9981932193408746,0.9532665416912574,0.7643521109887654,0.9998932635431877,0.8716449883622793,0.6509269562236178,0.9809407574139787,0.87511498699375,0.6475959969305859,0.9830890551112479,0.9286000000000001,0.7215,0.9957
Kikwit,1995-03-19,0.7777777777777778,0.5236272342635198,0.9359079522823335,0.7584574497236709,0.5443469181084943,0.9085342150923335,0.7052957494371633,0.5217291879037973,0.8673629292703471,1.0,0.7683642383498834,1.0,0.9548416039104165,0.7819806390894659,0.9983135697586473,0.9562820948853884,0.7748671168798325,0.9999009261428494,0.9160440581332863,0.710268027380607,0.9930292510298144,0.9193558179355303,0.6974317017577115,0.9946104843308848,0.9333,0.738,0.996
Kikwit,1995-03-20,0.7368421052631579,0.48797065465412726,0.9085342150923335,0.721195445969335,0.5089541282920426,0.8810684095942722,0.6795870086565858,0.4945514088577282,0.8406932936869567,0.9333333333333333,0.6805154334216966,0.9983135697586473,0.8972969736607744,0.697679261565468,0.9844863961845861,0.8980478960966685,0.6999788673374218,0.9875522716372528,0.8969209728848204,0.6889559842454117,0.987526744436399,0.8960824883364806,0.6815967083145243,0.9891337620669012,0.9333,0.738,0.996
Kikwit,1995-03-21,0.7368421052631579,0.48797065465412726,0.9085342150923335,0.721195445969335,0.5089541282920426,0.8810684095942722,0.6795870086565858,0.4945514088577282,0.8406932936869567,0.9333333333333333,0.6805154334216966,0.9983135697586473,0.8972969736607744,0.697679261565468,0.9844863961845861,0.8980478960966685,0.6999788673374218,0.9875522716372528,0.8770128642392074,0.6685299161014572,0.9810488412151546,0.8787265170104614,0.6664217279353836,0.9847412697629512,0.9333,0.738,0.996
Kikwit,1995-03-22,0.6666666666666666,0.4303245170958757,0.8541230576569032,0.656655004344889,0.4512755724262295,0.8280205623536676,0.6344130916946078,0.4552097698343026,0.7920888242313054,0.9333333333333333,0.6805154334216966,0.9983135697586473,0.8972969736607744,0.697679261565468,0.9844863961845861,0.8980478960966685,0.6999788673374218,0.9875522716372528,0.8560416173228611,0.6427658875167023,0.9719904879166594,0.8570830080543184,0.6385114261585735,0.9761314394898052,0.875,0.6618,0.9780000000000001
Kikwit,1995-03-23,0.6666666666666666,0.4303245170958757,0.8541230576569032,0.656655004344889,0.4512755724262295,0.8280205623536676,0.6344130916946078,0.4552097698343026,0.7920888242313054,0.9333333333333333,0.6805154334216966,0.9983135697586473,0.8972969736607744,0.697679261565468,0.9844863961845861,0.8980478960966685,0.6999788673374218,0.9875522716372528,0.8385219570554504,0.6262254660891068,0.9609784694792481,0.8370523476762686,0.6197818680686004,0.9676365160436736,0.875,0.6618,0.9780000000000001
Kikwit,1995-03-24,0.6666666666666666,0.4303245170958757,0.8541230576569032,0.656655004344889,0.4512755724262295,0.8280205623536676,0.6344130916946078,0.4552097698343026,0.7920888242313054,0.9333333333333333,0.6805154334216966,0.9983135697586473,0.8972969736607744,0.697679261565468,0.9844863961845861,0.8980478960966685,0.6999788673374218,0.9875522716372528,0.8193332235944817,0.59898560246975,0.952903081982719,0.8173430823973027,0.6008623787172208,0.9558595579539597,0.8235,0.6038,0.9529000000000001
Kikwit,1995-03-25,0.6666666666666666,0.4303245170958757,0.8541230576569032,0.656655004344889,0.4512755724262295,0.8280205623536676,0.6344130916946078,0.4552097698343026,0.7920888242313054,0.9333333333333333,0.6805154334216966,0.9983135697586473,0.8972969736607744,0.697679261565468,0.9844863961845861,0.8980478960966685,0.6999788673374218,0.9875522716372528,0.7980868895075897,0.5830659931725972,0.9341328212236525,0.7989331171514945,0.5815257840716886,0.9433348237976082,0.8235,0.6038,0.9529000000000001
Kikwit,1995-03-26,0.7142857142857143,0.47824888175288627,0.8871905960780592,0.701408142876664,0.49777879873365116,0.8613534784462021,0.6662790002088059,0.4882018402627938,0.8240515692188343,0.9375,0.697679261565468,0.9984188882772341,0.903218398318548,0.7131106033327794,0.9854206831596976,0.9035106617447226,0.7142377190944981,0.9881940477437609,0.8289547769053927,0.6136264599548947,0.9546119371376204,0.8270480306038366,0.616583269876407,0.9603448636964287,0.8333,0.6227,0.9557
Kikwit,1995-03-27,0.7619047619047619,0.5283401723453787,0.9178241244069774,0.7461556333234711,0.5462963763378781,0.892710751629603,0.7011002581274746,0.5230820558903618,0.85293496654427,0.9411764705882353,0.7131106033327794,0.9985118256087334,0.908494325858645,0.7270564003266315,0.9862487843356355,0.9089087507325211,0.7240728852674819,0.9887007876551945,0.8668487612581237,0.6692590193842639,0.9740013311269584,0.8695944278987606,0.6563754014776628,0.9755424079914142,0.8889,0.6949000000000001,0.9806
Kikwit,1995-03-28,0.7619047619047619,0.5283401723453787,0.9178241244069774,0.7461556333234711,0.5462963763378781,0.892710751629603,0.7011002581274746,0.5230820558903618,0.85293496654427,0.9411764705882353,0.7131106033327794,0.9985118256087334,0.908494325858645,0.7270564003266315,0.9862487843356355,0.9089087507325211,0.7240728852674819,0.9887007876551945,0.8509144895079803,0.6524493006802675,0.9640090787667334,0.8502776652443311,0.641902074669141,0.97053832606294,0.8889,0.6949000000000001,0.9806
Kikwit,1995-03-29,0.8095238095238095,0.5809339588164719,0.9455364318215932,0.790893495405943,0.5971542169221287,0.9217937396481075,0.7351693860721993,0.5573280017848262,0.8805989715516876,0.9444444444444444,0.7270564003266315,0.9985944438326306,0.9132248363443051,0.7397193458047858,0.9869878356282226,0.9128743118810851,0.733228275540613,0.9897038727459769,0.8841239754300976,0.694592858679418,0.9796659753543199,0.8824783117532143,0.6818945557335866,0.9790961879005209,0.8947,0.7092,0.9816
Kikwit,1995-03-30,0.8571428571428571,0.636576012983019,0.9695110323784845,0.8356135757774026,0.6508779027425919,0.9481327006875631,0.7689539209779588,0.5881415333514219,0.9087851980245503,0.9473684210526315,0.7397193458047858,0.9986683711958205,0.9174903399968379,0.7512672372279722,0.9876514728297052,0.9169824698261231,0.7442183493914236,0.9903239347841343,0.9188147076188704,0.7445027991318794,0.991121834638942,0.9200192140346695,0.7327766556197473,0.9927629620216277,0.9474,0.7882,0.9969
Kikwit,1995-03-31,0.8571428571428571,0.636576012983019,0.9695110323784845,0.8356135757774026,0.6508779027425919,0.9481327006875631,0.7689539209779588,0.5881415333514219,0.9087851980245503,0.9473684210526315,0.7397193458047858,0.9986683711958205,0.9174903399968379,0.7512672372279722,0.9876514728297052,0.9169824698261231,0.7442183493914236,0.9903239347841343,0.9074025950982028,0.736397559885954,0.9879342128328183,0.9081588835713823,0.7288005461839283,0.9881790069019591,0.9474,0.7882,0.9969
Kikwit,1995-04-01,0.8260869565217391,0.6121881100452025,0.9504923546942066,0.8080759402335007,0.6261582865113173,0.928681382801945,0.7525069914400633,0.5793808431928091,0.8887298918231802,0.95,0.7512672372279722,0.9987349105020502,0.9213561827347987,0.761840090063179,0.9882506821155542,0.9207828396424568,0.7533763513154317,0.9908755569548177,0.9385427735999228,0.7774329850387935,0.9953169454554024,0.9403709789344635,0.7753950424528714,0.996296765132465,0.9500000000000001,0.7979,0.997
Kikwit,1995-04-02,0.8260869565217391,0.6121881100452025,0.9504923546942066,0.8080759402335007,0.6261582865113173,0.928681382801945,0.7525069914400633,0.5793808431928091,0.8887298918231802,0.95,0.7512672372279722,0.9987349105020502,0.9213561827347987,0.761840090063179,0.9882506821155542,0.9207828396424568,0.7533763513154317,0.9908755569548177,0.9291863366725648,0.7632355707577132,0.99254734019063,0.9313137990875601,0.75870540784725,0.9942177614883734,0.9500000000000001,0.7979,0.997
Kikwit,1995-04-03,0.7916666666666666,0.5784871563627474,0.928681382801945,0.7762090861843572,0.5929625677213226,0.9064355606682571,0.7288272234643516,0.5614304756915327,0.8665266787620575,0.95,0.7512672372279722,0.9987349105020502,0.9213561827347987,0.761840090063179,0.9882506821155542,0.9207828396424568,0.7533763513154317,0.9908755569548177,0.9178422885149513,0.7538153927510955,0.9892843145089507,0.920087662029492,0.7510380408741064,0.9903638790363571,0.9500000000000001,0.7979,0.997
Kikwit,1995-04-04,0.76,0.5487119821833135,0.9064355606682571,0.7467538391748751,0.5635249030586136,0.884267786708496,0.7074907109124848,0.5404857130350198,0.8464636606633212,0.95,0.7512672372279722,0.9987349105020502,0.9213561827347987,0.761840090063179,0.9882506821155542,0.9207828396424568,0.7533763513154317,0.9908755569548177,0.9069176216343802,0.7393620556584406,0.9835384820593145,0.9088110926824196,0.7457130931637085,0.9865163473775465,0.9500000000000001,0.7979,0.997
Kikwit,1995-04-05,0.7037037037037037,0.4981863336299986,0.8624734460594208,0.6940677599108103,0.5133316845510592,0.8412239621138461,0.6672921260613071,0.5060919621411409,0.8081434183749878,0.95,0.7512672372279722,0.9987349105020502,0.9213561827347987,0.761840090063179,0.9882506821155542,0.9207828396424568,0.7533763513154317,0.9908755569548177,0.8954193272943185,0.7239083149087279,0.9781297784429042,0.8949004910132157,0.7119515668642511,0.9799664186489179,0.9048,0.734,0.9834
Kikwit,1995-04-06,0.6785714285714286,0.4764835932903815,0.8412239621138461,0.6704151205755297,0.4916766461900099,0.8206163507648881,0.6498723367739161,0.48650009105719183,0.7919292056729987,0.95,0.7512672372279722,0.9987349105020502,0.9213561827347987,0.761840090063179,0.9882506821155542,0.9207828396424568,0.7533763513154317,0.9908755569548177,0.8787386637755956,0.7019202652069991,0.9726767161443222,0.8799086873381516,0.7072925919620211,0.9739112791789982,0.9048,0.734,0.9834
Kikwit,1995-04-07,0.6785714285714286,0.4764835932903815,0.8412239621138461,0.6704151205755297,0.4916766461900099,0.8206163507648881,0.6498723367739161,0.48650009105719183,0.7919292056729987,0.95,0.7512672372279722,0.9987349105020502,0.9213561827347987,0.761840090063179,0.9882506821155542,0.9207828396424568,0.7533763513154317,0.9908755569548177,0.8621880662316432,0.686568924149449,0.9620996317671204,0.8619590545995258,0.6807111124861646,0.966016683858622,0.9048,0.734,0.9834
Kikwit,1995-04-08,0.6551724137931034,0.4566942723320567,0.8206163507648881,0.6483204559422625,0.47187995521011944,0.8007013749879655,0.6336094151534901,0.46948992079630936,0.7751511457836746,0.95,0.7512672372279722,0.9987349105020502,0.9213561827347987,0.761840090063179,0.9882506821155542,0.9207828396424568,0.7533763513154317,0.9908755569548177,0.8422024012989333,0.6575448332192825,0.9511959611399484,0.8434040445378284,0.66003189277222,0.9564001101376808,0.8636,0.6835,0.9642000000000001
Kikwit,1995-04-09,0.6333333333333333,0.43855984901195755,0.8007013749879655,0.6276349721807993,0.45369560195063835,0.7815004015014309,0.6160404802671408,0.4564844364550208,0.7617253236706167,0.95,0.7512672372279722,0.9987349105020502,0.9213561827347987,0.761840090063179,0.9882506821155542,0.9207828396424568,0.7533763513154317,0.9908755569548177,0.8221345718201685,0.6344189881710299,0.938563720613505,0.8226588579842378,0.63465630566218,0.9464779270503273,0.8261000000000001,0.6411,0.9424
Kikwit,1995-04-10,0.6451612903225806,0.45369560195063835,0.807732565574022,0.6391497694224452,0.4680689637197313,0.7889996835760071,0.625132454286059,0.4704710160759913,0.7655201903295964,0.9523809523809523,0.761840090063179,0.9987951165516364,0.924876015720942,0.7715556023323665,0.988794413975849,0.924271962119936,0.7637947046178921,0.9913685034653045,0.786191232525872,0.6055369395934426,0.9187144498632301,0.8016404375198181,0.6066551858433934,0.9457526806550288,0.8,0.6184000000000001,0.9231
Kikwit,1995-04-11,0.65625,0.4680689637197313,0.8142809082834338,0.6499738342218456,0.4817325275124178,0.79599692554488,0.6342396703326016,0.4801651537026133,0.7721292250172569,0.9545454545454546,0.7715556023323665,0.9988498524734264,0.9280942992957834,0.7805133925465195,0.9892900339621241,0.9272840156437228,0.7714231517213663,0.9918526362225276,0.8080569295842984,0.6247778920869168,0.9281522098484589,0.8140127753083084,0.6231235242439134,0.9514083693081716,0.8077000000000001,0.6313000000000001,0.9263
Kikwit,1995-04-12,0.6666666666666666,0.4817325275124178,0.8203948650674399,0.660167501749525,0.4947346991014954,0.8025413520876576,0.6426079675164988,0.49102909832707586,0.7781745992381842,0.9565217391304348,0.7805133925465195,0.9988998313695585,0.9310481900531362,0.7887983165430269,0.9897436587187498,0.9301881424693426,0.7801983671771086,0.9922209159072036,0.8207193279726918,0.6447866597737035,0.9365142659260367,0.8292227500660523,0.6454947354547633,0.9573940416382041,0.8462000000000001,0.678,0.9494
Kikwit,1995-04-13,0.7058823529411765,0.5252189396595142,0.8490163355769715,0.6980802542637283,0.5369553554455799,0.8314828492529975,0.674650728330973,0.5254469605072648,0.8011993434389746,0.96,0.796483086077586,0.9989878003006891,0.9362832158142345,0.803630353237461,0.9905446089962873,0.9351538367384225,0.7951597266009455,0.992798893258221,0.8692975716296553,0.7050598884979689,0.9685215282856251,0.8751034109153306,0.7040192480187794,0.9806288101790117,0.8889,0.7367,0.9711000000000001
Kikwit,1995-04-14,0.7297297297297297,0.5588063664242644,0.862097415586498,0.7217063947958813,0.5689917562977604,0.8457537132120901,0.6955210945651058,0.5507129905780173,0.8164868530500495,0.9642857142857143,0.8165224024553763,0.999096201244342,0.9427977398381737,0.822355704511277,0.9915360377469982,0.9416300500262328,0.8136122383502887,0.9935573031424875,0.949329754280472,0.8220661437512785,0.9975214795416331,0.9537092158073686,0.8171205430672609,0.9978914457643716,0.9643,0.8521000000000001,0.9979
Kikwit,1995-04-15,0.7368421052631579,0.5689917562977604,0.8659662769750264,0.7287810050205612,0.5787261156214303,0.8499858695294792,0.7019401258752146,0.5583023572780316,0.8208446985739489,0.9655172413793104,0.822355704511277,0.9991273531164201,0.9446829922599791,0.8278305443665873,0.9918218655393437,0.9435002577439047,0.8191460670466482,0.9937500833468892,0.947937527332454,0.8116130967296274,0.9971743388584713,0.9526847583499688,0.8120884271135498,0.9976154766701951,0.9655,0.8569,0.9979
Kikwit,1995-04-16,0.7073170731707317,0.5446260168346366,0.8387014302856923,0.7007640327290718,0.554161196692031,0.8237789173580449,0.6789315090770836,0.5416722922975971,0.8004732978671558,0.9666666666666667,0.8278305443665873,0.9991564290733695,0.9464479478829972,0.8329788837697722,0.9920890165381453,0.945246378136517,0.8243295197709841,0.99396655117398,0.948549584789635,0.8110432251948074,0.9975978425150311,0.9524423498652503,0.8120286147552301,0.9979499078017684,0.9667,0.8614,0.998
Kikwit,1995-04-17,0.6444444444444445,0.48780100514814595,0.7813159892644141,0.640275248179192,0.4975099493270364,0.7679342812000558,0.6293304061128647,0.4959390976939881,0.7510586504283498,0.9666666666666667,0.8278305443665873,0.9991564290733695,0.9464479478829972,0.8329788837697722,0.9920890165381453,0.945246378136517,0.8243295197709841,0.99396655117398,0.9114386854307537,0.7633424865379009,0.9886072955969891,0.9167348202180154,0.7702178814519606,0.9933989776643946,0.9355,0.8139000000000001,0.9889
Kikwit,1995-04-18,0.6444444444444445,0.48780100514814595,0.7813159892644141,0.640275248179192,0.4975099493270364,0.7679342812000558,0.6293304061128647,0.4959390976939881,0.7510586504283498,0.9666666666666667,0.8278305443665873,0.9991564290733695,0.9464479478829972,0.8329788837697722,0.9920890165381453,0.945246378136517,0.8243295197709841,0.99396655117398,0.8655785032816943,0.7012054450484156,0.9673670305552973,0.8748868332546416,0.7104399353445479,0.976514270823869,0.8788,0.7406,0.9606
Kikwit,1995-04-19,0.6170212765957447,0.46379938289163836,0.7549318309870803,0.6137840083937431,0.473505760646776,0.7423010271535913,0.6069184218338728,0.47509078964339574,0.7289504549422968,0.9666666666666667,0.8278305443665873,0.9991564290733695,0.9464479478829972,0.8329788837697722,0.9920890165381453,0.945246378136517,0.8243295197709841,0.99396655117398,0.8324042275064032,0.6740830036366634,0.9425446075400804,0.8394531912393056,0.6819228000782611,0.9603830660373956,0.8529,0.7102,0.9445
Kikwit,1995-04-20,0.58,0.43206043506556574,0.7181177588763025,0.5779166963671676,0.44169282776746116,0.7065451261594053,0.5758223622247701,0.4491701844304908,0.6911904913980217,0.9666666666666667,0.8278305443665873,0.9991564290733695,0.9464479478829972,0.8329788837697722,0.9920890165381453,0.945246378136517,0.8243295197709841,0.99396655117398,0.8005216075165582,0.6455222315749118,0.9160450325392474,0.8057727252554556,0.6456095934445002,0.937879058865187,0.8056000000000001,0.6578,0.9113
Kikwit,1995-04-21,0.5686274509803921,0.4224532258071154,0.7065451261594053,0.5668745627788262,0.43204720400354196,0.6953043752882531,0.5663456701010875,0.4409448270037015,0.6806396413666628,0.9666666666666667,0.8278305443665873,0.9991564290733695,0.9464479478829972,0.8329788837697722,0.9920890165381453,0.945246378136517,0.8243295197709841,0.99396655117398,0.7655242088645196,0.6088794990665127,0.8857768257267642,0.7736017604975295,0.6177348509841478,0.9056861461845673,0.7838,0.6349,0.8947
Kikwit,1995-04-22,0.5961538461538461,0.45101577030155116,0.7299402604083106,0.5937439417477943,0.4600430534654708,0.7186420429821911,0.5893472811245779,0.4647137025013386,0.7020412442411931,0.96875,0.8378290058184884,0.9992091314020475,0.9496602608260688,0.8424060277275032,0.9925741622577402,0.9482923277420359,0.8337934899089214,0.9943571483131545,0.7864735750733788,0.6298664721755454,0.9019219465215388,0.7888476614288733,0.6381508959661273,0.9189030382430003,0.7949,0.6518,0.9005000000000001
Kikwit,1995-04-23,0.5423728813559322,0.40754402078777124,0.672803988382421,0.5414344252518997,0.41611914563321595,0.6633008637495477,0.5439473659938407,0.4259543023461479,0.6539167515949899,0.9696969696969697,0.8424060277275032,0.9992330879249519,0.9511261130215618,0.8467323304396823,0.9927950825609503,0.9496078064093509,0.8383789345717636,0.9945124034402785,0.7827760181130052,0.6370660298479497,0.8974173902678999,0.7871876891657521,0.6360851507408187,0.9110733966016925,0.8,0.6597000000000001,0.9031
Kikwit,1995-04-24,0.5238095238095238,0.39408375507846266,0.6512232887337102,0.5233150574570652,0.4023098445983511,0.6424980032802374,0.5277546471253685,0.41374423359573137,0.6357661699269388,0.9705882352941176,0.8467323304396823,0.9992556357653097,0.9525090147638321,0.8508279203435684,0.9930032363716905,0.950978677161136,0.8425112637386725,0.9946494280385114,0.763152333443371,0.6177087180037022,0.8810568202506831,0.7674145001389905,0.6175197073942471,0.8931385827163073,0.7674000000000001,0.628,0.8759
Kikwit,1995-04-25,0.5074626865671642,0.3824010800605265,0.6318434707131206,0.5073167942064658,0.3902981879797207,0.6237964191091254,0.5154908673452319,0.404256416295325,0.6267122039884488,0.9714285714285714,0.8508279203435684,0.999276895623662,0.9538158131528833,0.8547107352531467,0.9931996993459772,0.9522598220557148,0.846773523870659,0.9948184787850618,0.7445075574130796,0.6012795650945396,0.8665566347820786,0.7517669408328065,0.6015360404896429,0.876331855146156,0.7556,0.6181,0.8647
Kikwit,1995-04-26,0.5507246376811594,0.42618578940479196,0.6707701523210674,0.5497612267643188,0.4334071696434523,0.6625523019270192,0.5527347199012618,0.44121386481694697,0.6609937093724862,0.9743589743589743,0.865236078440502,0.999351036104518,0.9583951553577648,0.8684141415172343,0.9938863534006491,0.9571507377637921,0.8606313750930249,0.9952323657890542,0.8015917031363338,0.6588114233727308,0.9168360772442957,0.806839811672518,0.6675883219862769,0.9268449215890217,0.8085,0.6814,0.9029
Kikwit,1995-04-27,0.5416666666666666,0.42004440907454305,0.6597541604629669,0.5409077289042102,0.4270499515869927,0.6519542900157116,0.5446079932433561,0.4351974165791276,0.6510420236943164,0.975,0.8684141415172343,0.9993672550679505,0.9594015329699366,0.8714459796158537,0.9940368817589572,0.9581033261307023,0.8635722522906075,0.9953467568662153,0.7857115627290587,0.6492865253132184,0.8990367158400892,0.7901303653782757,0.6534296812740306,0.9111555902087368,0.7959,0.6697000000000001,0.892
Kikwit,1995-04-28,0.5324675324675324,0.41521324612862087,0.6471488950644864,0.5319139646155806,0.4218420419702276,0.6399305701519719,0.5372509274115234,0.4300724947849521,0.6398532541259184,0.9761904761904762,0.8743414428250078,0.9993973766983965,0.9612749719962025,0.8771095172986603,0.9943167430212521,0.9599420718958496,0.8698458777862553,0.9955590255497707,0.7903380571457093,0.6517995675327688,0.9077995509218351,0.7958679114368445,0.6624648037021414,0.9147464356411085,0.8039000000000001,0.6816,0.8964000000000001
Kikwit,1995-04-29,0.5375,0.42241752800483495,0.6497235734616018,0.5368842487787461,0.42874625737214433,0.6427331735240651,0.5414873089977912,0.43616629717423056,0.6424764892097079,0.9772727272727273,0.8797584177936526,0.9994247607866369,0.9629831393460594,0.8822956685817058,0.9945715112997491,0.9616731862771448,0.874854755071715,0.9957524908057108,0.7872304399894816,0.6564217031755768,0.8968046462392154,0.7902765069641251,0.6609691848449276,0.9077271245268592,0.7963,0.6766,0.8885000000000001
Kikwit,1995-04-30,0.5333333333333333,0.42512734474491604,0.6392843213872084,0.5328460119552283,0.43077303909148623,0.633100804675045,0.5356641545973628,0.43879752799098215,0.6289943889194022,0.9795918367346939,0.891458236031593,0.9994834435024067,0.9666597590758191,0.8935304542885001,0.9951185665738356,0.965217563125893,0.885121063191546,0.9961857172147508,0.839551588162228,0.7122829194043526,0.9434253674090195,0.8439659463168376,0.7200245783844195,0.9468657086961245,0.8571000000000001,0.7504000000000001,0.932
Kikwit,1995-05-01,0.47058823529411764,0.37097329328526296,0.571955518249299,0.4709682271615764,0.37640073707297855,0.5669582910812294,0.4777757993810978,0.38783005435593787,0.5674259175268542,0.9795918367346939,0.891458236031593,0.9994834435024067,0.9666597590758191,0.8935304542885001,0.9951185665738356,0.965217563125893,0.885121063191546,0.9961857172147508,0.7905047188195611,0.6642945357864042,0.901674906344906,0.7964781466306656,0.6699704729681407,0.9069959129722961,0.8,0.6875,0.8874000000000001
Kikwit,1995-05-02,0.41025641025641024,0.32018668593347177,0.5049817089915458,0.4112687656207831,0.3252808927439347,0.5010586651714486,0.42081941889321717,0.3374218994502456,0.5066246921319351,0.9795918367346939,0.891458236031593,0.9994834435024067,0.9666597590758191,0.8935304542885001,0.9951185665738356,0.965217563125893,0.885121063191546,0.9961857172147508,0.7378856279853292,0.612376779339139,0.8553028710483102,0.743066362792582,0.6152077475449123,0.8590278019089885,0.75,0.6355000000000001,0.8449000000000001
Kikwit,1995-05-03,0.3902439024390244,0.3035939522623037,0.4823081415410375,0.39142221610628897,0.30855196501372095,0.47872237592013195,0.4021508849367611,0.32005522447550006,0.48614428436036794,0.9411764705882353,0.8375777819279495,0.9877009117447599,0.9298379042772345,0.840526641361409,0.9786434135086163,0.9286865950906591,0.8370332222451592,0.9787913207024737,0.6831026231205206,0.555578487208151,0.8026011988704332,0.6851108686718146,0.5571095044798647,0.807519099092405,0.6857000000000001,0.5717,0.7863
Kikwit,1995-05-04,0.3798449612403101,0.29588089656634114,0.4694579375428581,0.38107548072696,0.3006653359745162,0.46611626404561307,0.3919747639549842,0.31212168240515803,0.473672035347615,0.9423076923076923,0.840526641361409,0.9879406819732616,0.9311533378930755,0.843370537827625,0.9790539685609551,0.929971088274235,0.8398025650478467,0.979206657198445,0.6437867775648343,0.5239172220831588,0.7682449765826795,0.6464674976891538,0.5227092715836531,0.7697516393296556,0.6533,0.5418000000000001,0.7545000000000001
Kikwit,1995-05-05,0.36496350364963503,0.2844418234709086,0.4514599101975745,0.3662663886844309,0.2890231874222043,0.44841817159370506,0.37726917524400855,0.3000122289797473,0.4570073396726421,0.9433962264150944,0.843370537827625,0.9881712811408664,0.9324203551857666,0.8461149662083666,0.9794490327019054,0.9312230619754822,0.8425338768604541,0.9796241525243745,0.6161967103346042,0.49782229098728054,0.729701530079013,0.6161975033369398,0.4965578182928312,0.7394317016306395,0.6173000000000001,0.5091,0.7182000000000001
Kikwit,1995-05-06,0.3695652173913043,0.2890231874222043,0.45583509347532086,0.3708146562178809,0.29355017697051233,0.452787092599793,0.3815277388808197,0.3042911384547125,0.46099282920220436,0.9444444444444444,0.8461149662083666,0.9883932256200587,0.9336415808551316,0.8487650452334005,0.97982946664677,0.9324610980083228,0.8453568068713353,0.9800125050267349,0.5849868129220628,0.4640734798362346,0.6992473227443012,0.5861522477868268,0.47219019644306154,0.7054358910239096,0.5862,0.48140000000000005,0.686
Kikwit,1995-05-07,0.38461538461538464,0.30454434927815577,0.4695714519514984,0.3856823173829774,0.30884500018526856,0.46654277355127965,0.3951961020562631,0.3190859441973425,0.4733022824409062,0.9482758620689655,0.8561953727246554,0.9892035219157053,0.9381148688875655,0.8585127605247451,0.9812200365076132,0.9369092379855297,0.8549127982691491,0.9814281652783537,0.5999741417590871,0.48918547599184425,0.7117428368313223,0.6024508617715458,0.48981832083448473,0.7135696079162832,0.6044,0.5021,0.7009000000000001
Kikwit,1995-05-08,0.37748344370860926,0.299966497565873,0.459909277566172,0.37855678154215605,0.30407477482966444,0.4570899608964331,0.3883948177415434,0.3152559802545983,0.46383443511734435,0.95,0.8607567532789272,0.9895676703556517,0.9401327281473124,0.8629307780841057,0.9818458040240317,0.9388514854124386,0.8590856644756147,0.9820628589083054,0.5882846097580698,0.4781898154185018,0.6946294222592858,0.5905262197200563,0.48175509058460164,0.6990941965994915,0.5937,0.49410000000000004,0.6885
Kikwit,1995-05-09,0.4012738853503185,0.32395153523987236,0.48239634067973397,0.402105982392687,0.32779835239466876,0.47955653488543837,0.4106165026795472,0.33803511986589047,0.48476898264597995,0.9545454545454546,0.8728574940886829,0.9905262614362937,0.9454671194314276,0.8746729640060584,0.9834955956796952,0.944189357227631,0.8709786078794768,0.9837117961266222,0.6141632138542568,0.5112950533345842,0.716734685141181,0.6159890090112583,0.5113073067818543,0.71959288923322,0.6176,0.5213,0.7081000000000001
Kikwit,1995-05-10,0.42424242424242425,0.34778347159541273,0.5034727974209063,0.42485019248390854,0.3513427208858505,0.5006552334143589,0.43193148086872357,0.360981300300156,0.5035739058342965,0.9459459459459459,0.8673448587781756,0.9850776548078481,0.9379989777297979,0.8690391927215253,0.9780007475302044,0.9372395643057341,0.8666822199383012,0.9783960499880299,0.6488566058373466,0.5484315369106567,0.750413351677956,0.6509061811516963,0.5501732713781552,0.7496839120076338,0.6542,0.5613,0.7398
Kikwit,1995-05-11,0.5,0.42200953987306594,0.577990460126934,0.49999999999999994,0.4251528779760515,0.5748471220239485,0.503469742515295,0.42981382487041675,0.5761466505558285,0.9545454545454546,0.887690750816084,0.9874781768786834,0.9477152147754986,0.888908002752601,0.9815091953335144,0.9469479276700768,0.8863857357861765,0.9819843983352939,0.7645235718797061,0.6641188460865262,0.8514804272706801,0.7654458775380723,0.6659559534262828,0.8580909032128367,0.7706000000000001,0.6861,0.8427
Kikwit,1995-05-12,0.563953488372093,0.4863790623805969,0.6392852945464256,0.5634611572829856,0.4891371718059852,0.6359227276905091,0.5633975068710363,0.4905939290670408,0.6339583159503303,0.9509803921568627,0.8893043373644727,0.9838941811560764,0.9451286096438889,0.8903438522405104,0.9783248021080844,0.9443982697299811,0.8897092620554814,0.9780975282793976,0.8487292376706583,0.7604280150444491,0.926048896191837,0.8523384569190442,0.757117096637689,0.9323840931181728,0.8584,0.7865000000000001,0.9143
Kikwit,1995-05-13,0.6033519553072626,0.527667768665523,0.6755535750510123,0.6025872173381687,0.5301224638596562,0.6721575249096577,0.6010375195198461,0.5305389155840015,0.6685832214412989,0.9473684210526315,0.8889598328917169,0.9804427961144567,0.9421716989134843,0.8898953403962238,0.9751795611298136,0.9415205773448415,0.8897522306440426,0.9750865855416189,0.9051883864256836,0.8250247122505476,0.9694933457002729,0.9060414849796601,0.8259657665477533,0.9754646762120078,0.9076000000000001,0.8470000000000001,0.9508000000000001
Kikwit,1995-05-14,0.5978835978835979,0.524250297027819,0.6683959974445687,0.597197404541699,0.5265956332166517,0.6651999578074599,0.5958793320872295,0.5270954529122047,0.6620039703279212,0.9495798319327731,0.893484985287976,0.9812744919450944,0.9445744932102199,0.8943461454812877,0.9762279762094809,0.9439562097829197,0.8940924566767736,0.9761262963875689,0.9036663127085456,0.8282892818453086,0.9672457806106336,0.9052966745632565,0.8283090133563501,0.9726705881963131,0.9113,0.8529,0.9529000000000001
Kikwit,1995-05-15,0.625,0.5524088723044656,0.69366659184674,0.6241373058123731,0.5545897101825704,0.6904165816118362,0.6218428010136858,0.5536134893263939,0.6866112995708377,0.9375,0.880563216606146,0.9726333151136292,0.9329727831832879,0.8814606794921064,0.9676034791173531,0.9321339668239368,0.8800779203662314,0.9673381304614631,0.920203133333196,0.8472544617745339,0.9793972141705277,0.9206809302014398,0.8456464656179645,0.9823015023203467,0.9231,0.8691000000000001,0.9606
Kikwit,1995-05-16,0.625615763546798,0.5551300417762179,0.6923744160263875,0.6247955218053429,0.5571847324640671,0.6892964995481052,0.622555791827504,0.5563379229997552,0.6856802690234856,0.927007299270073,0.8698606530850659,0.9644436895023731,0.9228788346943935,0.8707743093020714,0.9595374398462279,0.9222202958673105,0.8710193580535721,0.9590163476430851,0.923371634323553,0.8504895065299667,0.9777824950947845,0.9254221052447231,0.854785965589144,0.9834904738400587,0.927,0.8756,0.9627
Kikwit,1995-05-17,0.6153846153846154,0.5456007065370789,0.6818293023368629,0.6146491932284625,0.547648350277711,0.6788608701897394,0.612844705644817,0.5473365623645251,0.675672747104543,0.927536231884058,0.8707743093020714,0.9647054469355054,0.9234323297854903,0.8716752379691542,0.9598334930603024,0.922776283376638,0.8718794558745281,0.9593099738640208,0.8801388084981501,0.804488953152525,0.9443699682611058,0.8828116527179095,0.8052791219746996,0.9483183799593924,0.8828,0.8239000000000001,0.9282
Kikwit,1995-05-18,0.5972222222222222,0.5285356234984264,0.6632018821425292,0.5966253904862843,0.5305799771895885,0.6604061194009792,0.5954875349567101,0.5309501789930919,0.657504607024009,0.9148936170212766,0.8560554152511083,0.9552495575373725,0.9109967195274132,0.8570361328549853,0.9503494431678486,0.9108108386660609,0.858304075377011,0.9505339814505241,0.8530172087224388,0.7736053192909087,0.9214539516241204,0.8542572432314588,0.7762354209924969,0.9213732418311473,0.8543000000000001,0.7923,0.9044000000000001
Kikwit,1995-05-19,0.6027397260273972,0.5346165842626576,0.6680417860966164,0.6021176144326476,0.5366092707490006,0.6652649730499531,0.6008263523465733,0.5370212880612524,0.6623512812413264,0.9166666666666666,0.8589580594157762,0.9561982121301738,0.9128339258578368,0.859899794761335,0.9513957046046485,0.9126767410857315,0.8611433688541492,0.9515291071924737,0.8367084413866432,0.7636773574750824,0.9046009460747861,0.8401854946701788,0.763068803564875,0.9062985158167433,0.8408,0.7783,0.8922
Kikwit,1995-05-20,0.6244343891402715,0.5569974321938755,0.6884844352913431,0.6236876851069867,0.5588824904575768,0.685658850835384,0.6216631738997171,0.5581434705493871,0.6824109974554167,0.9139072847682119,0.857278541862568,0.9533612528931042,0.9102755457462929,0.858188077729068,0.9487263702226086,0.9101670951159218,0.8595301970303985,0.949319943508286,0.8508825329117053,0.7834340625388634,0.9137135609050737,0.8553520219685957,0.7800270316276056,0.9200861015181798,0.8571000000000001,0.7977000000000001,0.9053
Kikwit,1995-05-21,0.6244541484716157,0.5582623384361246,0.687378564246121,0.623733280395351,0.5600786452782283,0.6846507953935212,0.6217567359777381,0.5592942734892465,0.6815220984354129,0.89375,0.8353387790599096,0.936875678691764,0.8904894837916926,0.8363276811056427,0.9323779406194773,0.8905004118218807,0.8382347964591229,0.9327587939394528,0.8535578413073948,0.7825648055540069,0.9159383145844259,0.8566217620357061,0.7841541566071142,0.9191270596053797,0.8563000000000001,0.7979,0.9038
Kikwit,1995-05-22,0.6180257510729614,0.5523105581766257,0.6806967097458769,0.617353796511816,0.5541195320403205,0.6780361265129791,0.6156628923759406,0.5535609469642601,0.675169820036198,0.8727272727272727,0.8120504419496146,0.919460034404323,0.869734548573837,0.8131427688715591,0.9150445485495345,0.8699433919175735,0.8146306097012777,0.9156307755747104,0.8303570657525818,0.7617150326454083,0.8935865149684185,0.8340907769067094,0.7628372767766508,0.8951400022727751,0.8372,0.7773,0.8871
Kikwit,1995-05-23,0.6455696202531646,0.5810347133152964,0.7064117434262669,0.6447547546585882,0.5827050578277457,0.7037093473446661,0.6419357724531733,0.5811673469841154,0.6999721914965592,0.8793103448275862,0.8214452976765094,0.9237162481112249,0.8764211411196561,0.8224316035994467,0.9195110721210052,0.8765037711659199,0.8239062641457681,0.9200173828545662,0.8535552287919934,0.7875547653366608,0.9110620524364245,0.8555552989707564,0.787651067338731,0.9137909166967436,0.8547,0.7983,0.9011
Kikwit,1995-05-24,0.6722689075630253,0.6086631334984056,0.7315197615955226,0.6713085973972621,0.6102213936371681,0.7287483316269621,0.667573637374733,0.6076817443069731,0.7246889675419198,0.8791208791208791,0.8227226101983326,0.9226729095148348,0.8763593271116946,0.8236598717117789,0.9186324690874539,0.8764639931365196,0.8252603925289698,0.919128756982891,0.862909706765258,0.7979886463044947,0.9189600501868501,0.86532008348544,0.8003747489892462,0.9208373394582325,0.8649,0.8108000000000001,0.9089
Kikwit,1995-05-25,0.6887966804979253,0.6262028090827387,0.7466753677138176,0.6877572575850891,0.6276757950198335,0.7438904088054972,0.6834107638093838,0.6244723278963527,0.7395176173569941,0.8829787234042553,0.8282015545336496,0.9251916764897676,0.8802774986826922,0.8290820006472664,0.9212702223019782,0.8803191310779683,0.8304041944453737,0.9216786354496805,0.8697142393895756,0.809229292377535,0.9203389890200473,0.8707173452241852,0.8083729102904681,0.9233488138603408,0.8737,0.8216,0.9158000000000001
Kikwit,1995-05-26,0.6991869918699187,0.6376847217347155,0.7558152596385854,0.6981125361935627,0.6390857866911082,0.7530571156300953,0.6935216261939101,0.6353864575436263,0.7485067773683507,0.8865979381443299,0.8333524220183026,0.9275514519385704,0.8839549648928621,0.8341810594257542,0.9237422348954092,0.88393348634483,0.8352773648955902,0.9241470091557066,0.8743555530603189,0.81420955738927,0.9238063810140796,0.8756041667425066,0.8161295537496135,0.9263925497270314,0.8776,0.8269000000000001,0.9184
Kikwit,1995-05-27,0.714859437751004,0.6544377791301439,0.770084428962367,0.7137143195137621,0.6557605016168201,0.7673171786687664,0.7085953379453276,0.6515977381243957,0.762536479663524,0.89,0.8382037844304998,0.9297668364707883,0.8874132456064546,0.8389850492206133,0.9260636603533494,0.88735187977497,0.8399257644634845,0.9264277717175486,0.8838587349699916,0.8265326900617317,0.9307620902985395,0.8841136548548273,0.8268809956512573,0.9324828332277524,0.8856,0.8368,0.9246000000000001
Kikwit,1995-05-28,0.74,0.680976722164264,0.7932348512704173,0.7387259418283202,0.6821961422891784,0.7904151989179137,0.7326365626274879,0.6771444393463963,0.7845947067176663,0.893719806763285,0.8435188306015237,0.9321860365258712,0.8911961449394681,0.8442497818717303,0.9285994006853637,0.8911304358729912,0.8450765493361795,0.9288198468719331,0.8957849978712833,0.8431347216448631,0.9394450355016125,0.8970278369921276,0.8426245504477526,0.9429759957050668,0.8981,0.8519,0.9344
Kikwit,1995-05-29,0.749003984063745,0.6906154386304373,0.8014081863785746,0.7476873511334586,0.6917944742806654,0.798577945503904,0.7415235364415231,0.686951384521416,0.7918737057626255,0.8867924528301887,0.8362508315424261,0.9261042354663127,0.8843715662968048,0.8369974513570585,0.9225855654618946,0.8843585487338987,0.8380457069099855,0.9229697033754878,0.8893873767963567,0.8349608590971228,0.934070184184043,0.8903511877881074,0.8369475769351322,0.9356729069631564,0.891,0.8443,0.9282
Kikwit,1995-05-30,0.7519685039370079,0.6941258965466472,0.803827163467694,0.7506518536362321,0.6952784822203336,0.8010223076509342,0.7444415894392626,0.6904006044993225,0.7942840724345188,0.8842592592592593,0.8338987157348785,0.9236816530708305,0.8818986103300378,0.8346421148882408,0.920219701840203,0.8818637917930192,0.8356945028635876,0.9206239639385009,0.8859951029299484,0.8351220934867406,0.9303939934535133,0.8862286166850424,0.8339546662763044,0.9309670314526175,0.8884000000000001,0.8418,0.9258000000000001
Kikwit,1995-05-31,0.7529411764705882,0.6952784822203336,0.8046204185722399,0.7516246011470595,0.6964224478388886,0.8018239353369248,0.7453634976706529,0.6914528962538129,0.795054461149378,0.8847926267281107,0.8346421148882408,0.9240401471213551,0.8824395307777851,0.8353788975149722,0.9205928996227527,0.8824001141026707,0.8364259912010099,0.9209914104060483,0.8736387403640746,0.8202752857082811,0.9194471781521828,0.8742034823198646,0.8214630410812638,0.9195148401816889,0.8767,0.8289000000000001,0.9157000000000001
Kikwit,1995-06-01,0.751937984496124,0.6945791134516045,0.8034079267098082,0.7506418128842317,0.6957126068899278,0.8006450836898367,0.7443951227011625,0.6904272929095424,0.7946902015901904,0.8858447488584474,0.836109151440722,0.9247471204601093,0.8835066416829788,0.836832962945884,0.9213289122733671,0.8834644790558199,0.8378698007970679,0.9217154423907501,0.8670816065510263,0.8133967961057472,0.9092201341592759,0.8674378971975429,0.8146408003955239,0.913554039039864,0.87,0.8217,0.9097000000000001
Kikwit,1995-06-02,0.7509578544061303,0.6938984707491938,0.8022200843293295,0.7496815021163447,0.6950216623612326,0.7994901051527924,0.7434969041770443,0.6897668107670406,0.7935514654817342,0.8868778280542986,0.837550416799379,0.9254410489248076,0.8845545542775076,0.838261596291555,0.9220513992254052,0.8845174880047488,0.8392886041003342,0.9224252765661505,0.8609684431551239,0.8085935885875756,0.9045015863384825,0.8620518944903093,0.8102107800531105,0.9070536666204767,0.8634000000000001,0.8148000000000001,0.9039
Kikwit,1995-06-03,0.7509433962264151,0.6943489127818514,0.8018299861574927,0.7496862979099816,0.6954539525938659,0.7991398246446849,0.7435732505930501,0.6902401492743337,0.793260880232059,0.8805309734513275,0.8309552616466683,0.9197737689192735,0.8782962672669818,0.8316787508290835,0.9164486804898356,0.8782748755107888,0.8328317297100144,0.9168769085588439,0.8596750537001048,0.8108906994168773,0.9041265887750621,0.8606643846982212,0.8098773215267323,0.9049513895420203,0.8615,0.8131,0.9019
Kikwit,1995-06-04,0.7490636704119851,0.6925906045052869,0.7999153361094569,0.7478252975434294,0.6936936903728673,0.7972488573533401,0.7417734551473434,0.6886537952148682,0.7913561245702523,0.8810572687224669,0.8316787508290835,0.920134054245246,0.8788292745834017,0.8323960811828648,0.916822400546406,0.8788069583798452,0.8334992755234015,0.9172450914341169,0.8507849088527153,0.8012722681233347,0.896119846963896,0.8520791498953144,0.8003121154352755,0.897111456009163,0.8547,0.8058000000000001,0.8958
Kikwit,1995-06-05,0.7389705882352942,0.6825077363901138,0.7901435090385359,0.7378041648153182,0.6836255226705548,0.7875472408185478,0.7321185402523076,0.6788789940117446,0.7821972542148141,0.881578947368421,0.8323960811828648,0.92049111635799,0.8793576335995614,0.8331073309106422,0.9171927903788162,0.8793446870842532,0.8341614708787922,0.9176099989406433,0.8435393708020829,0.7903315182241184,0.8884591278989957,0.8442403596774015,0.7923986167047571,0.8899169891356463,0.8445,0.795,0.8867
Kikwit,1995-06-06,0.730909090909091,0.6743644839457769,0.7824009326183566,0.729794271017056,0.6754978930250461,0.7798507002669437,0.7245122170851919,0.6712273131861309,0.7748854567694201,0.881578947368421,0.8323960811828648,0.92049111635799,0.8793576335995614,0.8331073309106422,0.9171927903788162,0.8793446870842532,0.8341614708787922,0.9176099989406433,0.8318860385915114,0.7783646784076469,0.8774424713692203,0.8324533903881148,0.780287383521639,0.8795957456018949,0.8340000000000001,0.7837000000000001,0.8773000000000001
Kikwit,1995-06-07,0.7266187050359713,0.670191325685044,0.7781425635388918,0.7255363620215078,0.6713267340909339,0.7756290450551367,0.7204614827113668,0.6672381983687501,0.7708032248357392,0.8820960698689956,0.8331073309106422,0.9208449983419292,0.8798814048574106,0.8338125768986003,0.9175598943287122,0.8798801872845232,0.8348452920677231,0.9179716747951261,0.8255809327616694,0.7731379954450787,0.8716035638754024,0.8260861772948547,0.7737470769974351,0.8735183609154878,0.8279000000000001,0.7773,0.8716
Kikwit,1995-06-08,0.7275985663082437,0.6713267340909339,0.7789633729449116,0.726515421999528,0.6724543861972394,0.7764563359318702,0.7214189683251441,0.6683649414137914,0.7716109470509882,0.8826086956521739,0.8338125768986003,0.9211957425165898,0.8804006478520706,0.8345118947440185,0.9179237559535427,0.8804114986734908,0.8355398260486713,0.9183301619372837,0.818162551276387,0.7662051363023772,0.8649841742258616,0.8188352239603521,0.7664386428724027,0.8663989490613734,0.8185,0.7675000000000001,0.8631000000000001
Kikwit,1995-06-09,0.7347670250896058,0.6788514692155436,0.7856192244591192,0.7336497560575164,0.679954041978742,0.7830956690498339,0.7282919313068075,0.6755964998558507,0.7780347607572886,0.8836206896551724,0.8352053587821232,0.9218879829927018,0.881425781932757,0.8358930421122726,0.918641922639987,0.8814228343333995,0.8369116905800926,0.919037328058533,0.8154429922264901,0.7640268497659569,0.8624311706649339,0.8161747567888293,0.7632906461738349,0.8633181133027871,0.8167000000000001,0.7658,0.8612000000000001
Kikwit,1995-06-10,0.7295373665480427,0.6735743607768869,0.7805868593810359,0.728452735541677,0.674686735547073,0.7780927028232036,0.723326402190988,0.6705920148547814,0.7732387612661896,0.8798283261802575,0.8310194014521186,0.918641922639987,0.877664471650599,0.8317212858800318,0.9154073601535822,0.8776794299300004,0.8328735397059743,0.9158353958464425,0.8055150876509074,0.7538961974531785,0.8527973685809296,0.8063508076080648,0.7529209998816634,0.854218908014269,0.8071,0.7557,0.8523000000000001
Kikwit,1995-06-11,0.7411347517730497,0.6858680443245271,0.7912552731191436,0.7399993267754559,0.6869359739145956,0.788743486163223,0.7344644381735996,0.682379925642129,0.7834719994803552,0.8744769874476988,0.8256792413638767,0.9136837149187294,0.87239702746679,0.8263850821261609,0.9105228620771619,0.8724432489545451,0.8285294098348648,0.9109257302646204,0.8116093747284201,0.7585843538577416,0.855373614838308,0.8121070051091717,0.7597431748266914,0.8590454101964012,0.8132,0.7627,0.8576
Kikwit,1995-06-12,0.7553191489361702,0.7008368271976237,0.8043482584055089,0.7541169097546652,0.7018552036824279,0.8018055698018128,0.7482613038262105,0.6968225615628009,0.7961853118017477,0.8693877551020408,0.8206432148698793,0.9089173180131273,0.8673861616425917,0.8213516333368176,0.9058283979862813,0.8673158418851683,0.8225793650439116,0.9065407920710432,0.8174614640055538,0.7687381465218873,0.8624312485057505,0.8184181621580173,0.7671131492642749,0.8640966180648458,0.8192,0.7695000000000001,0.8627
Kikwit,1995-06-13,0.7570422535211268,0.7028666948749334,0.8057665271745527,0.7558403863705923,0.7038713700699817,0.8032374959310041,0.7499361169273798,0.698865115464635,0.7975937516394551,0.8704453441295547,0.8220544851232146,0.9096695441109316,0.8684541897145823,0.8227518354892726,0.9066032563414029,0.868389932911625,0.8239276591633692,0.9072768432329912,0.8172745963273256,0.7669363680936815,0.8625480075758014,0.8180813375291325,0.7672038956052588,0.863560128404119,0.8206,0.7712,0.8638
Kikwit,1995-06-14,0.7605633802816901,0.7065952560860824,0.8090043696260815,0.7593450424526484,0.7075876458456581,0.8064679634337526,0.7533633159769717,0.7023782006532631,0.8008584300936679,0.8709677419354839,0.8227518354892726,0.9100410142031785,0.8689817784701919,0.823443748680733,0.9069859203508587,0.8689253447246175,0.8246119206913659,0.9076404560738037,0.8138621839327558,0.7640030928503493,0.8576308366852646,0.8142514836771448,0.7635430347360793,0.8597208823112517,0.8151,0.7655000000000001,0.8586
Kikwit,1995-06-15,0.7605633802816901,0.7065952560860824,0.8090043696260815,0.7593450424526484,0.7075876458456581,0.8064679634337526,0.7533633159769717,0.7023782006532631,0.8008584300936679,0.864,0.8151701151161584,0.903943290993849,0.8620669462126535,0.8158854380007335,0.9009134751300858,0.8620316035918978,0.8172459632922955,0.9016451640615811,0.8070557501594584,0.7569666301735288,0.851030402846712,0.8075698258177428,0.7566470874090235,0.8530446581099687,0.809,0.7591,0.8530000000000001
Kikwit,1995-06-16,0.7676056338028169,0.714066108366213,0.815466124213488,0.7663543533534137,0.7150338566155245,0.8129152479269576,0.7601043708581603,0.7094427524839513,0.8074131166563108,0.8650793650793651,0.816595253166735,0.9047211646401729,0.8631558886324381,0.8172996238825276,0.9017129651671373,0.863114818343069,0.8186266361511982,0.9024309694820233,0.808546317609802,0.7585021741585025,0.8524883837830893,0.8087754991860518,0.7581141649593872,0.8537713791806661,0.8104,0.7608,0.8541000000000001
Kikwit,1995-06-17,0.7649122807017544,0.7113084517775086,0.8129152479269576,0.7636779282474616,0.712281944699038,0.8103784673635472,0.7575878339059005,0.7068561255768793,0.8048517544830015,0.8650793650793651,0.816595253166735,0.9047211646401729,0.8631558886324381,0.8172996238825276,0.9017129651671373,0.863114818343069,0.8186266361511982,0.9024309694820233,0.8031373305093248,0.7526925708060668,0.8472073626780376,0.8033316655952389,0.7521729733459216,0.8483059834522312,0.8044,0.7545000000000001,0.8486
Kikwit,1995-06-18,0.759581881533101,0.705860545052726,0.8078557168654426,0.7583807710901205,0.7068451788810064,0.8053469288939983,0.7524659078536473,0.7017673590666296,0.7997646818513439,0.8650793650793651,0.816595253166735,0.9047211646401729,0.8631558886324381,0.8172996238825276,0.9017129651671373,0.863114818343069,0.8186266361511982,0.9024309694820233,0.7981174512389865,0.74766546635963,0.8425871744490442,0.7986086980104632,0.7479722069322161,0.842505306262582,0.7985,0.7484000000000001,0.8431000000000001
Kikwit,1995-06-19,0.7630662020905923,0.7095524883893386,0.811058114463861,0.7618489625997057,0.7105250737013951,0.8085421425113481,0.755896615494807,0.705216177337479,0.8030175272474792,0.8656126482213439,0.8172996238825276,0.9051053930119972,0.8636939375293906,0.8179986124528054,0.9021078882778089,0.8636500582846721,0.8193091972755986,0.9028191383761653,0.7972029555556845,0.7459922656571168,0.8398137063434586,0.7975725293710653,0.7468454985451847,0.8412638628449697,0.7993,0.7492000000000001,0.8437
Kikwit,1995-06-20,0.7604166666666666,0.7068451788810064,0.8085421425113481,0.7592158591835753,0.7078232648224787,0.8060400382498865,0.7533055909967319,0.70271140130933,0.8004861405662349,0.8622047244094488,0.8136036383217015,0.9021078882778089,0.8603113883170992,0.8143137624344088,0.8991231109179225,0.8602998519785054,0.8157487690160847,0.8998419838106366,0.7928876000637985,0.7416996832787098,0.836085516736095,0.7932853554923206,0.7427206678185562,0.8370160337846246,0.7935,0.7432000000000001,0.8383
Kikwit,1995-06-21,0.7604166666666666,0.7068451788810064,0.8085421425113481,0.7592158591835753,0.7078232648224787,0.8060400382498865,0.7533055909967319,0.70271140130933,0.8004861405662349,0.8622047244094488,0.8136036383217015,0.9021078882778089,0.8603113883170992,0.8143137624344088,0.8991231109179225,0.8602998519785054,0.8157487690160847,0.8998419838106366,0.788838782908069,0.737890074966608,0.8326117662498734,0.7893579041441339,0.7388978668375421,0.833089510276985,0.7906000000000001,0.7402000000000001,0.8357
Kikwit,1995-06-22,0.7604166666666666,0.7068451788810064,0.8085421425113481,0.7592158591835753,0.7078232648224787,0.8060400382498865,0.7533055909967319,0.70271140130933,0.8004861405662349,0.8622047244094488,0.8136036383217015,0.9021078882778089,0.8603113883170992,0.8143137624344088,0.8991231109179225,0.8602998519785054,0.8157487690160847,0.8998419838106366,0.7851267846877846,0.7343745736538817,0.829394906576124,0.785704573401182,0.7350057148555618,0.8295556641330181,0.7878000000000001,0.7373000000000001,0.8330000000000001
Kikwit,1995-06-23,0.7604166666666666,0.7068451788810064,0.8085421425113481,0.7592158591835753,0.7078232648224787,0.8060400382498865,0.7533055909967319,0.70271140130933,0.8004861405662349,0.8622047244094488,0.8136036383217015,0.9021078882778089,0.8603113883170992,0.8143137624344088,0.8991231109179225,0.8602998519785054,0.8157487690160847,0.8998419838106366,0.7818263101237883,0.7310632205792735,0.8263855921196159,0.7825414671717961,0.7315472669997237,0.8267143990542964,0.7821,0.7314,0.8277
Kikwit,1995-06-24,0.7708333333333334,0.717898314868485,0.8181007588980294,0.7695844720089148,0.7188404198327116,0.815577563823265,0.7632695526431439,0.7131558885131295,0.8101023722943369,0.8638132295719845,0.8157179237700071,0.9032738300658003,0.8619335747269075,0.8164120818224575,0.9003203109408597,0.8618992652108765,0.8177535658256551,0.901020358649116,0.7889004086719469,0.7392233721104923,0.833389897132615,0.7898856518735557,0.7395922906238523,0.8335905424974596,0.79,0.74,0.8348
Kikwit,1995-06-25,0.7708333333333334,0.717898314868485,0.8181007588980294,0.7695844720089148,0.7188404198327116,0.815577563823265,0.7632695526431439,0.7131558885131295,0.8101023722943369,0.8638132295719845,0.8157179237700071,0.9032738300658003,0.8619335747269075,0.8164120818224575,0.9003203109408597,0.8618992652108765,0.8177535658256551,0.901020358649116,0.7862548331173435,0.7366145316658529,0.8307908248346916,0.7871800297612532,0.7370059738225436,0.8310713149484888,0.7872,0.7371000000000001,0.8322
Kikwit,1995-06-26,0.7708333333333334,0.717898314868485,0.8181007588980294,0.7695844720089148,0.7188404198327116,0.815577563823265,0.7632695526431439,0.7131558885131295,0.8101023722943369,0.8638132295719845,0.8157179237700071,0.9032738300658003,0.8619335747269075,0.8164120818224575,0.9003203109408597,0.8618992652108765,0.8177535658256551,0.901020358649116,0.7839475444432742,0.7343204011965635,0.8286416783052237,0.7848697709861221,0.7346024273880508,0.8286906700291021,0.7872,0.7371000000000001,0.8322
Kikwit,1995-06-27,0.7708333333333334,0.717898314868485,0.8181007588980294,0.7695844720089148,0.7188404198327116,0.815577563823265,0.7632695526431439,0.7131558885131295,0.8101023722943369,0.8638132295719845,0.8157179237700071,0.9032738300658003,0.8619335747269075,0.8164120818224575,0.9003203109408597,0.8618992652108765,0.8177535658256551,0.901020358649116,0.7820360540242369,0.7319683586867496,0.8268668180974874,0.7826132888505788,0.7323599686504643,0.8266999781096533,0.7845000000000001,0.7342000000000001,0.8296
Kikwit,1995-06-28,0.7708333333333334,0.717898314868485,0.8181007588980294,0.7695844720089148,0.7188404198327116,0.815577563823265,0.7632695526431439,0.7131558885131295,0.8101023722943369,0.8638132295719845,0.8157179237700071,0.9032738300658003,0.8619335747269075,0.8164120818224575,0.9003203109408597,0.8618992652108765,0.8177535658256551,0.901020358649116,0.7803174604260059,0.7299971213618961,0.8252856730021947,0.7807660771360891,0.7303829279548791,0.8251027393019172,0.7817000000000001,0.7313000000000001,0.8270000000000001
Kikwit,1995-06-29,0.7708333333333334,0.717898314868485,0.8181007588980294,0.7695844720089148,0.7188404198327116,0.815577563823265,0.7632695526431439,0.7131558885131295,0.8101023722943369,0.8638132295719845,0.8157179237700071,0.9032738300658003,0.8619335747269075,0.8164120818224575,0.9003203109408597,0.8618992652108765,0.8177535658256551,0.901020358649116,0.7788235482041486,0.7282089236782032,0.8238537225489885,0.779146435478945,0.7288732241158303,0.8237557380034191,0.7817000000000001,0.7313000000000001,0.8270000000000001
Kikwit,1995-06-30,0.7708333333333334,0.717898314868485,0.8181007588980294,0.7695844720089148,0.7188404198327116,0.815577563823265,0.7632695526431439,0.7131558885131295,0.8101023722943369,0.8604651162790697,0.8120932277244612,0.9003203109408597,0.8586099831262743,0.8127981060143447,0.8973794133652565,0.85881122872333,0.8152142872805622,0.8985340037043059,0.7774308588678497,0.7269596517226041,0.822524446323597,0.7778003291147657,0.7273922629969501,0.8224774071220359,0.7789,0.7285,0.8244
Kikwit,1995-07-01,0.7708333333333334,0.717898314868485,0.8181007588980294,0.7695844720089148,0.7188404198327116,0.815577563823265,0.7632695526431439,0.7131558885131295,0.8101023722943369,0.8604651162790697,0.8120932277244612,0.9003203109408597,0.8586099831262743,0.8127981060143447,0.8973794133652565,0.85881122872333,0.8152142872805622,0.8985340037043059,0.7762300310140877,0.7257080006959101,0.8214009363273655,0.7766205076019681,0.7260342461978531,0.8212436137883036,0.7789,0.7285,0.8244
Kikwit,1995-07-02,0.7708333333333334,0.717898314868485,0.8181007588980294,0.7695844720089148,0.7188404198327116,0.815577563823265,0.7632695526431439,0.7131558885131295,0.8101023722943369,0.8604651162790697,0.8120932277244612,0.9003203109408597,0.8586099831262743,0.8127981060143447,0.8973794133652565,0.85881122872333,0.8152142872805622,0.8985340037043059,0.7751274722391577,0.7247546679309552,0.8204214330503543,0.7755376423341677,0.7249689170049107,0.8201595255399697,0.7762,0.7256,0.8219000000000001
Kikwit,1995-07-03,0.7708333333333334,0.717898314868485,0.8181007588980294,0.7695844720089148,0.7188404198327116,0.815577563823265,0.7632695526431439,0.7131558885131295,0.8101023722943369,0.8571428571428571,0.8085057717006219,0.8973794133652565,0.8553119217746303,0.8092211449619637,0.8944513816965782,0.8555321924846795,0.8117353482985351,0.8955775276269049,0.7742243098717783,0.7241220964983803,0.8195673002729147,0.7746952472904043,0.7238060940849605,0.8192548763708264,0.7762,0.7256,0.8219000000000001
Kikwit,1995-07-04,0.7708333333333334,0.717898314868485,0.8181007588980294,0.7695844720089148,0.7188404198327116,0.815577563823265,0.7632695526431439,0.7131558885131295,0.8101023722943369,0.8473282442748091,0.7979591091683711,0.8886347551978505,0.8455680129597328,0.7987046717666727,0.8857465184913973,0.845792737756351,0.8012571187047536,0.8867495211282023,0.7734965014565987,0.7234728550569854,0.818823830767942,0.7739233574410704,0.7228533604285902,0.8184825818072247,0.7762,0.7256,0.8219000000000001
Kikwit,1995-07-05,0.7708333333333334,0.717898314868485,0.8181007588980294,0.7695844720089148,0.7188404198327116,0.815577563823265,0.7632695526431439,0.7131558885131295,0.8101023722943369,0.8473282442748091,0.7979591091683711,0.8886347551978505,0.8455680129597328,0.7987046717666727,0.8857465184913973,0.845792737756351,0.8012571187047536,0.8867495211282023,0.7728563965513584,0.7225596596589416,0.8181504108582207,0.7732771794518862,0.722104081542097,0.8176650657490929,0.7735000000000001,0.7229,0.8193
Kikwit,1995-07-06,0.7708333333333334,0.717898314868485,0.8181007588980294,0.7695844720089148,0.7188404198327116,0.815577563823265,0.7632695526431439,0.7131558885131295,0.8101023722943369,0.8473282442748091,0.7979591091683711,0.8886347551978505,0.8455680129597328,0.7987046717666727,0.8857465184913973,0.845792737756351,0.8012571187047536,0.8867495211282023,0.7723142907113043,0.7217619116648502,0.8174923739310291,0.7726834295983429,0.7215476304920259,0.8170379747143656,0.7735000000000001,0.7229,0.8193
Kikwit,1995-07-07,0.7708333333333334,0.717898314868485,0.8181007588980294,0.7695844720089148,0.7188404198327116,0.815577563823265,0.7632695526431439,0.7131558885131295,0.8101023722943369,0.844106463878327,0.794513041094685,0.8857465184913973,0.842369188231662,0.7952682525540206,0.8828718684328113,0.8426406026109277,0.79800688596842,0.883908249666053,0.7718457673501651,0.721067980142191,0.8169167443186214,0.772158138618996,0.7210198536797474,0.8165672847921577,0.7735000000000001,0.7229,0.8193
Kikwit,1995-07-08,0.7708333333333334,0.717898314868485,0.8181007588980294,0.7695844720089148,0.7188404198327116,0.815577563823265,0.7632695526431439,0.7131558885131295,0.8101023722943369,0.844106463878327,0.794513041094685,0.8857465184913973,0.842369188231662,0.7952682525540206,0.8828718684328113,0.8426406026109277,0.79800688596842,0.883908249666053,0.7713803745346026,0.7206228820304283,0.8164541463525286,0.771725944785711,0.7205484988613211,0.8161051976696759,0.7735000000000001,0.7229,0.8193
Kikwit,1995-07-09,0.7708333333333334,0.717898314868485,0.8181007588980294,0.7695844720089148,0.7188404198327116,0.815577563823265,0.7632695526431439,0.7131558885131295,0.8101023722943369,0.844106463878327,0.794513041094685,0.8857465184913973,0.842369188231662,0.7952682525540206,0.8828718684328113,0.8426406026109277,0.79800688596842,0.883908249666053,0.7710566279173691,0.7202433489732356,0.8160711094132956,0.7713280180261592,0.7201182204387662,0.8157368076616649,0.7735000000000001,0.7229,0.8193
Kikwit,1995-07-10,0.7708333333333334,0.717898314868485,0.8181007588980294,0.7695844720089148,0.7188404198327116,0.815577563823265,0.7632695526431439,0.7131558885131295,0.8101023722943369,0.8314606741573034,0.7810585578997911,0.8743306256616784,0.8298122918173526,0.7818504231298677,0.8715114284569517,0.829950686205807,0.7842871548240492,0.8730925190095673,0.7707707801969825,0.7199182187977565,0.8157393384742204,0.7710021885524834,0.7197226306195973,0.8154821019059061,0.7735000000000001,0.7229,0.8193
Boende,2014-07-26,0.0,0.0,0.975,0.2928932188134526,0.01257911709342505,0.841886116991581,0.5039298333017647,0.14780100705805357,0.8114483419725792,,,,,,,,,,0.49168206235958173,0.023174505799027755,0.977183901138962,,,,,,
Boende,2014-07-27,0.0,0.0,0.975,0.2928932188134526,0.01257911709342505,0.841886116991581,0.5039298333017647,0.14780100705805357,0.8114483419725792,,,,,,,,,,0.4152011561517731,0.021788412085439468,0.9534479000649355,,,,,,
Boende,2014-07-28,0.0,0.0,0.975,0.2928932188134526,0.01257911709342505,0.841886116991581,0.5039298333017647,0.14780100705805357,0.8114483419725792,,,,,,,,,,0.40165761777949416,0.01909442067195022,0.938825971917378,,,,,,
Boende,2014-07-29,0.0,0.0,0.975,0.2928932188134526,0.01257911709342505,0.841886116991581,0.5039298333017647,0.14780100705805357,0.8114483419725792,,,,,,,,,,0.38663914474167005,0.018903905260690964,0.9303364360258891,,,,,,
Boende,2014-07-30,0.0,0.0,0.975,0.2928932188134526,0.01257911709342505,0.841886116991581,0.5039298333017647,0.14780100705805357,0.8114483419725792,,,,,,,,,,0.37374322311012304,0.01817669911624688,0.9352644054706243,,,,,,
Boende,2014-07-31,0.0,0.0,0.975,0.2928932188134526,0.01257911709342505,0.841886116991581,0.5039298333017647,0.14780100705805357,0.8114483419725792,,,,,,,,,,0.3634645384671653,0.01672857672512414,0.9203229644201184,,,,,,
Boende,2014-08-01,0.0,0.0,0.975,0.2928932188134526,0.01257911709342505,0.841886116991581,0.5039298333017647,0.14780100705805357,0.8114483419725792,,,,,,,,,,0.35200280878133877,0.016372449945694183,0.9095273318558397,,,,,,
Boende,2014-08-02,0.0,0.0,0.975,0.2928932188134526,0.01257911709342505,0.841886116991581,0.5039298333017647,0.14780100705805357,0.8114483419725792,,,,,,,,,,0.342527684825213,0.016106910415424742,0.8956908313000838,,,,,,
Boende,2014-08-03,0.0,0.0,0.7075982261787133,0.15910358474628553,0.006309463209709866,0.6023646356164746,0.40404560418114227,0.09005008717573337,0.7001924227043512,,,,,,,,,,0.3380376730877732,0.015423305007639448,0.8922769301210131,,,,,,
Boende,2014-08-04,0.0,0.0,0.6023646356164746,0.12944943670387593,0.0050507633794680575,0.5218237501049814,0.37376245754357545,0.07969315827123763,0.6591867804972694,,,,,,,,,,0.27078822314627626,0.01073814002603981,0.860004029116819,,,,,,
Boende,2014-08-05,0.0,0.0,0.6023646356164746,0.12944943670387593,0.0050507633794680575,0.5218237501049814,0.37376245754357545,0.07969315827123763,0.6591867804972694,,,,,,,,,,0.24248372078983926,0.00980001990877954,0.8377073724741438,,,,,,
Boende,2014-08-06,0.0,0.0,0.6023646356164746,0.12944943670387593,0.0050507633794680575,0.5218237501049814,0.37376245754357545,0.07969315827123763,0.6591867804972694,,,,,,,,,,0.22163524468048076,0.00831470063298045,0.8086920235430982,,,,,,
Boende,2014-08-07,0.0,0.0,0.4592581264399005,0.09427633573609337,0.0036102968619005833,0.4096163972250034,0.3195653804791747,0.060017076784002414,0.5948121925514861,,,,,,,,,,0.2092708337643322,0.007719280465338647,0.7635528116575206,,,,,,
Boende,2014-08-08,0.0,0.0,0.4592581264399005,0.09427633573609337,0.0036102968619005833,0.4096163972250034,0.3195653804791747,0.060017076784002414,0.5948121925514861,,,,,,,,,,0.17560380410386295,0.006161634723605964,0.7398917932424083,,,,,,
Boende,2014-08-09,0.0,0.0,0.4592581264399005,0.09427633573609337,0.0036102968619005833,0.4096163972250034,0.3195653804791747,0.060017076784002414,0.5948121925514861,,,,,,,,,,0.1634195624625462,0.005762847596657366,0.685395602276761,,,,,,
Boende,2014-08-10,0.0,0.0,0.4096163972250034,0.0829959567953288,0.0031597235312519063,0.3694166475528192,0.29754061040195856,0.05419259707110561,0.569206937591193,,,,,,,,,,0.15199554868993193,0.0052861418379777595,0.6427928444288796,,,,,,
Boende,2014-08-11,0.1,0.0025285785444617848,0.4450161170281954,0.14796342543060637,0.02283119829995966,0.4127799169883827,0.3027803766782346,0.08681248610154092,0.5463143003512588,,,,,,,,,,0.4467279127840198,0.07080412327146193,0.9463692645214381,0.519436393301445,0.0865168790220828,0.9665957653455372,,,
Boende,2014-08-12,0.09090909090909091,0.002298972213814267,0.4127799169883827,0.13597945948327525,0.020862525460092384,0.38479616515094406,0.286851830694689,0.08104935235300492,0.5238989089638376,,,,,,,,,,0.39528890800304295,0.05398206360657661,0.938616341317663,0.46314883561337716,0.07048199683008116,0.9585432110205115,,,
Boende,2014-08-13,0.0625,0.0015811117227658871,0.3023207384345319,0.09678160168145203,0.014579316840302493,0.2868893966672207,0.2292639158544405,0.05799160017728208,0.4416968606954771,,,,,,,,,,0.35300606526540723,0.047146284708201015,0.925837808458722,0.4280285380001298,0.059702455066459895,0.9585929914824511,,,
Boende,2014-08-14,0.10526315789473684,0.013012164371777464,0.33137666445676595,0.13147368058426617,0.0320709371854637,0.31698271401908235,0.24045170587125403,0.08104497019761409,0.44884990672627917,,,,,,,,,,0.1968671178626541,0.05097841114541424,0.4531567354958605,0.2523428047568116,0.05679916150545119,0.7722390097139559,0.15380000000000002,0.0274,0.4036
Boende,2014-08-15,0.19047619047619047,0.05446356817840681,0.41906604118352797,0.20910650459405697,0.07820626035189253,0.40284578307787133,0.29503023718570826,0.12935297529679235,0.48542208219684907,,,,,,,,,,0.3116320168034783,0.12592784048303696,0.5779946614865876,0.3370540268829017,0.12356217990524836,0.7417143632752942,0.2857,0.099,0.5445
Boende,2014-08-16,0.21739130434782608,0.0746034076488037,0.4370307262368146,0.23298564015745735,0.097730409474533,0.42151284363725267,0.30859219544212857,0.14669372534200856,0.4911200735828857,,,,,,,,,,0.3386011772755092,0.14928683000117368,0.5969684739915185,0.36645504890029196,0.1473589155385005,0.7843654314010071,0.3125,0.1254,0.5554
Boende,2014-08-17,0.3333333333333333,0.15630228570913526,0.5532196156596481,0.3421534216594801,0.17971682058365537,0.5350007174973723,0.3924044844763759,0.22380392974056018,0.5653676260846678,,,,,,,,,,0.5077566342177162,0.277886350347646,0.754445437848281,0.5338662955204588,0.2819036766688791,0.8964419532636022,0.5333,0.29100000000000004,0.7651
Boende,2014-08-18,0.2962962962962963,0.13752655394057922,0.5018136663700014,0.30593224008918984,0.15877603788615388,0.4866683154489406,0.3587271459922721,0.20309319420781533,0.5253791548054866,,,,,,,,,,0.4730353667214525,0.2584653256112563,0.7073279807100253,0.49987723441524146,0.2578177459200194,0.8622006213279751,0.4706,0.2503,0.6991
Boende,2014-08-19,0.3448275862068966,0.17938364923511183,0.5433057276679433,0.35167954405773766,0.19929862501203444,0.5281200447898806,0.39367173449247317,0.23850770004348568,0.5534490834111557,,,,,,,,,,0.5435476187864996,0.3187387004944698,0.7795001538018573,0.5769216404503943,0.3218380827601685,0.9075888009743769,0.5556,0.33030000000000004,0.766
Boende,2014-08-20,0.35294117647058826,0.19745864791234233,0.5351136291089578,0.35851232131773436,0.21473211811438903,0.5221099833935212,0.395185162207023,0.25372847594791403,0.5452996618021626,,,,,,,,,,0.606650332591661,0.38087244919567215,0.8364711589993507,0.6361656730804366,0.38452525285240663,0.9208403516479113,0.6316,0.4082,0.8215
Boende,2014-08-21,0.34285714285714286,0.19132410218826576,0.5221099833935212,0.34864611289819536,0.2082229470865927,0.5097025466518912,0.38607657545132246,0.24685559674347032,0.5349283235518647,,,,,,,,,,0.5345877383987836,0.33454075231886254,0.7556214599930408,0.5581884471807668,0.3277665836425558,0.8489093931973719,0.5455,0.3412,0.7397
Boende,2014-08-22,0.35135135135135137,0.20209981528400264,0.5253887443739742,0.3565405190831294,0.21812503509615175,0.5135267551606642,0.39139538479393643,0.25477300589231927,0.5360119768679809,,,,,,,,,,0.5394947522430564,0.34332417463710385,0.7499070689629879,0.561807857104492,0.3398963150378286,0.8265410097592909,0.5417000000000001,0.34590000000000004,0.729
Boende,2014-08-23,0.38461538461538464,0.23363932506581991,0.5538094317780062,0.3884425363087833,0.2486499865877438,0.541985247767389,0.41589206786492483,0.28052130708463935,0.5570718171242237,,,,,,,,,,0.5909541380296729,0.3836784182403301,0.7918499153958843,0.6212629701501364,0.3977043878433495,0.8745344063389525,0.6,0.4053,0.7752
Boende,2014-08-24,0.36585365853658536,0.2212278620610653,0.5306374519671666,0.3700924829784196,0.23572054686321633,0.5197394416145378,0.3985475811358028,0.2674391565581714,0.5384391678150515,,,,,,,,,,0.5511898665955801,0.35442045100870767,0.7492630763775893,0.5801961406011242,0.3719928119557596,0.8264890811058629,0.5769000000000001,0.3866,0.7528
Boende,2014-08-25,0.40476190476190477,0.25629092548365795,0.5671791092799632,0.4077013367112281,0.27011412270455787,0.5559004755343042,0.43124675999644857,0.29579549989402504,0.5682510968265809,,,,,,,,,,0.5898628520753904,0.41257468201814934,0.7779811482041622,0.609043134229328,0.40584607093805397,0.8432238695360907,0.6071000000000001,0.4228,0.7727
Boende,2014-08-26,0.4,0.25697589519263137,0.5566864875209978,0.4028860349162609,0.26997457781069956,0.5462586205875397,0.4259041381313141,0.2948416781730726,0.5591405158768913,,,,,,,,,,0.5945319952922106,0.40587747799590296,0.776069742757892,0.6206026630023629,0.4207805573427959,0.8492241932305733,0.6207,0.4395,0.7814
Boende,2014-08-27,0.4222222222222222,0.27656702824611973,0.5784967155118717,0.4244668275941857,0.28934328121628705,0.5677275924379808,0.4479137539176861,0.3150948847202021,0.5800707487463538,,,,,,,,,,0.5883648472108096,0.4085848691458914,0.7771397284257877,0.6052618303391073,0.41281962248479276,0.8391558351281799,0.5937,0.4213,0.7517
Boende,2014-08-28,0.4666666666666667,0.3166008229974236,0.6212799839125356,0.46762859460967204,0.3288786869273401,0.6098662880709282,0.4853212941506586,0.35112805747306525,0.6147027922413199,,,,,,,,,,0.6233652976096629,0.4473358739224793,0.7938289029238036,0.6378794730246035,0.44967582802504,0.8392061403782528,0.6364000000000001,0.4666,0.7857000000000001
Boende,2014-08-29,0.4782608695652174,0.3288786869273401,0.6305435264300165,0.47887492116247377,0.3407569648348978,0.6192221102081308,0.49490951579717346,0.361417237647189,0.6228113372500991,,,,,,,,,,0.6325668398410309,0.46612515217749206,0.7994356812559198,0.6490980598335112,0.4639252357069696,0.8429481062280711,0.6471,0.48000000000000004,0.7927000000000001
Boende,2014-08-30,0.5531914893617021,0.40115722956535715,0.6982784760239995,0.5517201576110089,0.41180835884064537,0.6862845779278246,0.5544154337709232,0.4243334349117495,0.6767032184352145,,,,,,,,,,0.7353410415965664,0.5626728879564251,0.8871208356365807,0.7505092567825673,0.5614743844765284,0.9304227328985166,0.7429,0.5843,0.8671000000000001
Boende,2014-08-31,0.5625,0.41180835884064537,0.7051987586661679,0.5608063025154748,0.4221040520359127,0.6933462477210417,0.562384641161291,0.4327856111993801,0.6823708726999264,,,,,,,,,,0.7408213840214654,0.5769736416951329,0.8852470946044555,0.7586662395739929,0.5759655025911541,0.9338294035386425,0.75,0.5946,0.871
Boende,2014-09-01,0.625,0.473505760646776,0.7604775965434142,0.6216122257008987,0.4828776911693928,0.7480255172092238,0.618320852452618,0.4873874018364969,0.7328099226216326,,,,,,,,,,0.8035843370868412,0.6472094798394397,0.9406224391354965,0.8237079449606584,0.6512933657037994,0.9710583400627373,0.8333,0.6908000000000001,0.9301
Boende,2014-09-02,0.6530612244897959,0.5036128022805357,0.783275621892519,0.6489952415968214,0.5123475122784118,0.7708429331794127,0.6419509535284434,0.51233158420171,0.7536270694023474,,,,,,,,,,0.8357567833357054,0.6798558472397044,0.965191487066923,0.8541037457615595,0.6886622725809428,0.982423067568987,0.8649,0.7318,0.9492
Boende,2014-09-03,0.64,0.49193135228560114,0.7708429331794127,0.6363537635660252,0.500681979116747,0.7587375703599883,0.6312873195331599,0.5038124711687192,0.7423856356205856,,,,,,,,,,0.8122983581988945,0.6618497384329103,0.9432406354647822,0.8328246696965391,0.6705851788678708,0.9719373505548612,0.8421000000000001,0.7057,0.934
Boende,2014-09-04,0.6037735849056604,0.4600430534654708,0.7354835592054407,0.6012206568862224,0.468787751321096,0.7243200629622442,0.5977551805259219,0.4747171344157743,0.7109538976542447,,,,,,,,,,0.7880171154459336,0.6400872927881883,0.9205546534274406,0.8070757290868169,0.6389558482580743,0.9581047014357067,0.8,0.6597000000000001,0.9031
Boende,2014-09-05,0.5818181818181818,0.44105841057699335,0.7134547547510007,0.5798770710702443,0.4497649174015476,0.7028791341289709,0.5790546085509738,0.4570989583181846,0.6917496241457939,,,,,,,,,,0.7603663484679466,0.6112912316743879,0.8951037098678981,0.7780228382154952,0.6128728667162612,0.9279382253481109,0.7805000000000001,0.6392,0.8878
Boende,2014-09-06,0.5789473684210527,0.44083862657846035,0.7085659233267534,0.5771387337529317,0.4492661909485596,0.6983754577077999,0.5761372485441401,0.4557282186131198,0.6874810098030597,,,,,,,,,,0.7580276107822703,0.5992456370683528,0.8869543627902332,0.7744498444139771,0.6170989667604629,0.9149240155458043,0.7674000000000001,0.628,0.8759
Boende,2014-09-07,0.5964912280701754,0.45821340140267686,0.7243872757320273,0.5942806197498732,0.4664145454646496,0.7140367357449418,0.5911999926220013,0.4714018403685794,0.701993122796087,,,,,,,,,,0.7564151281804986,0.6200273696949756,0.8800675068174455,0.7718886445912574,0.6177226339138264,0.9063198910345943,0.7727,0.6357,0.8789
Boende,2014-09-08,0.5862068965517241,0.4492661909485596,0.7140367357449418,0.5842652908192066,0.4574518923828822,0.703949680487862,0.5823150695468339,0.4635987252399169,0.6932379866901852,,,,,,,,,,0.7337993515977848,0.6007177830844391,0.8598032992292304,0.7506560454966044,0.5983970495731615,0.8854842193289622,0.7556,0.6181,0.8647
Boende,2014-09-09,0.6101694915254238,0.47437850877645094,0.734508533405251,0.6077293097044283,0.48211495143116145,0.7243784212644652,0.6033863344020108,0.48652771075584056,0.7116452563498052,,,,,,,,,,0.7565756280664722,0.6154850502257252,0.8786466977183424,0.7711693156495061,0.6248292248946055,0.8997203661985218,0.766,0.6329,0.8708
Boende,2014-09-10,0.6271186440677966,0.4914547548749225,0.749560430738696,0.6243029565783348,0.4989692823562928,0.7392929419840009,0.618485396810893,0.5017854582335506,0.7249824730272011,,,,,,,,,,0.7552054456356503,0.6172264934758774,0.8735449272435307,0.7678561374939028,0.6243545766585641,0.89200951448861,0.7708,0.6398,0.8737
Boende,2014-09-11,0.6333333333333333,0.4989692823562928,0.754059389562713,0.6304282090904827,0.5062703405301053,0.7439064996561002,0.6236880486735883,0.5079160793353155,0.7293803856925943,,,,,,,,,,0.7595724899906984,0.620778134160016,0.8700177672861212,0.7703468057634173,0.6297950709741021,0.8901579517649685,0.7755000000000001,0.6465000000000001,0.8764000000000001
Boende,2014-09-12,0.6229508196721312,0.4896330587947218,0.7439064996561002,0.6203150416226654,0.49694156537407697,0.7339914913710985,0.6150474936683465,0.5003950907165046,0.7202557047256133,,,,,,,,,,0.7437545409053274,0.605321054245594,0.8541381998344872,0.7542117112983215,0.614407101495365,0.8736101929573186,0.76,0.6306,0.8634000000000001
Boende,2014-09-13,0.6129032258064516,0.48065259561978674,0.7339914913710985,0.6105211865668942,0.4879633972006908,0.7243088822249389,0.6060802754015422,0.49202296234390547,0.7117673542306273,,,,,,,,,,0.7288492204844415,0.5909843863028088,0.8405760956355423,0.738269180856088,0.5995431578545343,0.8562035125216666,0.7308,0.6011000000000001,0.8382000000000001
Boende,2014-09-14,0.6031746031746031,0.47200694631116646,0.7243088822249389,0.6010317593810102,0.4793154290008849,0.7148529871891393,0.5973343450618858,0.4837381377595502,0.7032607486136678,,,,,,,,,,0.7146418405329231,0.5775156452200512,0.8261669536248579,0.7227456839678151,0.5839075725106925,0.8394366723010939,0.7170000000000001,0.5875,0.8260000000000001
Boende,2014-09-15,0.6190476190476191,0.4879633972006908,0.7385486897528574,0.6165750403843326,0.4950764600526648,0.7289644784402727,0.6118159781284489,0.4986077242967775,0.7160131310935299,,,,,,,,,,0.719298111205506,0.5908464230300297,0.8330163736216782,0.7316725752000128,0.5954226858002886,0.8461189016969495,0.7358,0.6079,0.8415
Boende,2014-09-16,0.6190476190476191,0.4879633972006908,0.7385486897528574,0.6165750403843326,0.4950764600526648,0.7289644784402727,0.6118159781284489,0.4986077242967775,0.7160131310935299,,,,,,,,,,0.7076861185548053,0.5793287536957507,0.8226165808186771,0.7187573251073521,0.5826915447575101,0.8365279558791828,0.7222000000000001,0.5944,0.8294
Boende,2014-09-17,0.6349206349206349,0.5040487779950485,0.7526567353267375,0.6321182901563187,0.5109625981612298,0.7429510775519335,0.6254174241951569,0.512275211230979,0.7288324259058573,,,,,,,,,,0.7188490196393184,0.5896960364153443,0.8336700516622855,0.731024141176696,0.598995668005287,0.8448332368534237,0.7273000000000001,0.6011000000000001,0.8328
Boende,2014-09-18,0.640625,0.5109625981612298,0.7568097089687874,0.6377489374494323,0.5176905435113226,0.7472064848379922,0.6318054888411383,0.5183946315788427,0.7326281636176579,,,,,,,,,,0.7269731365798554,0.6007980451430499,0.837181447124203,0.7379442095402684,0.6084295412511548,0.8479741087618207,0.7321000000000001,0.6076,0.8359000000000001
Boende,2014-09-19,0.6307692307692307,0.5019993897009796,0.7472064848379922,0.6281351955172234,0.5087394315103153,0.7378154230046877,0.6230344825379734,0.5109756353460939,0.7239581112591227,,,,,,,,,,0.7164488853204976,0.591108154311296,0.8280278471507732,0.7273289294140086,0.5986969874444427,0.83827414971612,0.7321000000000001,0.6076,0.8359000000000001
Boende,2014-09-20,0.6212121212121212,0.4933571772023376,0.7378154230046877,0.6188069682339096,0.5001047440198192,0.7286319457595102,0.6145252606921652,0.5037756639516626,0.7158219696825965,,,,,,,,,,0.7061020650921261,0.5809339098027528,0.81797373283625,0.7163277738243402,0.5875334191847946,0.8278724827297554,0.7193,0.5948,0.8245
Boende,2014-09-21,0.6212121212121212,0.4933571772023376,0.7378154230046877,0.6188069682339096,0.5001047440198192,0.7286319457595102,0.6145252606921652,0.5037756639516626,0.7158219696825965,,,,,,,,,,0.6956988183414027,0.5718744098292118,0.8080130319254026,0.7057510818915673,0.5771198246462927,0.8176115000425833,0.7069000000000001,0.5826,0.8133
Boende,2014-09-22,0.6212121212121212,0.4933571772023376,0.7378154230046877,0.6188069682339096,0.5001047440198192,0.7286319457595102,0.6145252606921652,0.5037756639516626,0.7158219696825965,,,,,,,,,,0.687359429836206,0.5632956859673929,0.7992619133924136,0.6966985235607147,0.5699680176839725,0.8087769356539978,0.6949000000000001,0.5709000000000001,0.8023
Boende,2014-09-23,0.6212121212121212,0.4933571772023376,0.7378154230046877,0.6188069682339096,0.5001047440198192,0.7286319457595102,0.6145252606921652,0.5037756639516626,0.7158219696825965,,,,,,,,,,0.6798636965912821,0.5566674937878475,0.7901507526687074,0.6889854168404319,0.5634847503425786,0.8000971996243457,0.6833,0.5598000000000001,0.7916000000000001
Boende,2014-09-24,0.6268656716417911,0.5001047440198192,0.7420258372963096,0.624385223917238,0.5066790937765011,0.7329311372600648,0.6196188308620926,0.5094955479608485,0.719785522294516,,,,,,,,,,0.6899287386138722,0.5671127549177128,0.8015608380067406,0.6972614442381122,0.5726914252836813,0.8062207688066125,0.7000000000000001,0.5774,0.8058000000000001
Boende,2014-09-25,0.6268656716417911,0.5001047440198192,0.7420258372963096,0.624385223917238,0.5066790937765011,0.7329311372600648,0.6196188308620926,0.5094955479608485,0.719785522294516,,,,,,,,,,0.6825552882611168,0.5602309225186726,0.7943847223432796,0.6893275754479766,0.5660714220036248,0.7980863929764278,0.6885,0.5663,0.7952
Boende,2014-09-26,0.6268656716417911,0.5001047440198192,0.7420258372963096,0.624385223917238,0.5066790937765011,0.7329311372600648,0.6196188308620926,0.5094955479608485,0.719785522294516,,,,,,,,,,0.6766924207957343,0.5550297157235563,0.7879575528854341,0.6830037647268277,0.5606749290638288,0.7912195572988944,0.6774,0.5556,0.7849
Boende,2014-09-27,0.6268656716417911,0.5001047440198192,0.7420258372963096,0.624385223917238,0.5066790937765011,0.7329311372600648,0.6196188308620926,0.5094955479608485,0.719785522294516,,,,,,,,,,0.6715898205710804,0.5502833170472652,0.7812876020473427,0.6774002248732798,0.5555798430148994,0.7857628880219835,0.6774,0.5556,0.7849
Boende,2014-09-28,0.6268656716417911,0.5001047440198192,0.7420258372963096,0.624385223917238,0.5066790937765011,0.7329311372600648,0.6196188308620926,0.5094955479608485,0.719785522294516,,,,,,,,,,0.6665445579783438,0.546120713324094,0.7756665180000207,0.672497314154805,0.5501371100645119,0.7812485743042851,0.6667000000000001,0.5453,0.7747
Boende,2014-09-29,0.6268656716417911,0.5001047440198192,0.7420258372963096,0.624385223917238,0.5066790937765011,0.7329311372600648,0.6196188308620926,0.5094955479608485,0.719785522294516,,,,,,,,,,0.662313801150276,0.5424249110432715,0.7716455113181397,0.6678283278981233,0.5461779260941907,0.777073233005132,0.6667000000000001,0.5453,0.7747
Boende,2014-09-30,0.6268656716417911,0.5001047440198192,0.7420258372963096,0.624385223917238,0.5066790937765011,0.7329311372600648,0.6196188308620926,0.5094955479608485,0.719785522294516,,,,,,,,,,0.6586511092127589,0.536737527310868,0.7690545682534504,0.6639642285169776,0.5424394132768027,0.7728823838216268,0.6667000000000001,0.5453,0.7747
Boende,2014-10-01,0.6268656716417911,0.5001047440198192,0.7420258372963096,0.624385223917238,0.5066790937765011,0.7329311372600648,0.6196188308620926,0.5094955479608485,0.719785522294516,,,,,,,,,,0.6548420699302178,0.5340048254125875,0.7653593405112498,0.6602898978068124,0.5392032641618841,0.769105949121894,0.6562,0.5355,0.7648
Boende,2014-10-02,0.6268656716417911,0.5001047440198192,0.7420258372963096,0.624385223917238,0.5066790937765011,0.7329311372600648,0.6196188308620926,0.5094955479608485,0.719785522294516,,,,,,,,,,0.6525515447383894,0.5336880084957388,0.7582090879911774,0.6572730428791932,0.5361913414952527,0.7658664599558959,0.6562,0.5355,0.7648
Boende,2014-10-03,0.6268656716417911,0.5001047440198192,0.7420258372963096,0.624385223917238,0.5066790937765011,0.7329311372600648,0.6196188308620926,0.5094955479608485,0.719785522294516,,,,,,,,,,0.6499259889519955,0.5313015701622306,0.7553732599777123,0.6546120619982163,0.5333336557107426,0.7640142327254069,0.6562,0.5355,0.7648
Boende,2014-10-04,0.6176470588235294,0.49176909542246344,0.7329311372600648,0.6153801292497378,0.49834962625920504,0.724033677777496,0.6114030423181338,0.5020975510061647,0.7118227156497976,,,,,,,,,,0.6473773299447645,0.5292705012967438,0.7532668337194017,0.6517173371536957,0.5312072981536229,0.7616315812017938,0.6462,0.526,0.755
Boende,2014-10-05,0.6176470588235294,0.49176909542246344,0.7329311372600648,0.6153801292497378,0.49834962625920504,0.724033677777496,0.6114030423181338,0.5020975510061647,0.7118227156497976,,,,,,,,,,0.6438150857473515,0.5259702264714057,0.7494772195791226,0.6479995333979023,0.528249957168794,0.7578979223088281,0.6462,0.526,0.755
Boende,2014-10-06,0.6176470588235294,0.49176909542246344,0.7329311372600648,0.6153801292497378,0.49834962625920504,0.724033677777496,0.6114030423181338,0.5020975510061647,0.7118227156497976,,,,,,,,,,0.6409544748612022,0.5215814288345745,0.7477551816158717,0.6446942774545626,0.5255705444882847,0.7549029548278369,0.6462,0.526,0.755
Boende,2014-10-07,0.6176470588235294,0.49176909542246344,0.7329311372600648,0.6153801292497378,0.49834962625920504,0.724033677777496,0.6114030423181338,0.5020975510061647,0.7118227156497976,,,,,,,,,,0.6380645324596308,0.519481044352909,0.7454016985640768,0.6418053199381282,0.5232738680164312,0.7507214521980404,0.6462,0.526,0.755
Boende,2014-10-08,0.6176470588235294,0.49176909542246344,0.7329311372600648,0.6153801292497378,0.49834962625920504,0.724033677777496,0.6114030423181338,0.5020975510061647,0.7118227156497976,,,,,,,,,,0.6358043365718749,0.5175088067602339,0.7429649511868375,0.6395029216611576,0.5212525711739894,0.74844042903764,0.6364000000000001,0.5168,0.7455
Boende,2014-10-09,0.6176470588235294,0.49176909542246344,0.7329311372600648,0.6153801292497378,0.49834962625920504,0.724033677777496,0.6114030423181338,0.5020975510061647,0.7118227156497976,,,,,,,,,,0.6339276465029706,0.5157562906863866,0.7411418116207047,0.6372417271759436,0.5190776542115889,0.7462963089369355,0.6364000000000001,0.5168,0.7455
Boende,2014-10-10,0.6176470588235294,0.49176909542246344,0.7329311372600648,0.6153801292497378,0.49834962625920504,0.724033677777496,0.6114030423181338,0.5020975510061647,0.7118227156497976,,,,,,,,,,0.6321466395243438,0.5142013378610535,0.7390678497322046,0.6353379892758994,0.5170986248628318,0.7446374164418084,0.6364000000000001,0.5168,0.7455
Boende,2014-10-11,0.6176470588235294,0.49176909542246344,0.7329311372600648,0.6153801292497378,0.49834962625920504,0.724033677777496,0.6114030423181338,0.5020975510061647,0.7118227156497976,,,,,,,,,,0.630639675480001,0.5128228569099722,0.7374142680628906,0.6332881789523355,0.5153246426443494,0.7421688760848854,0.6364000000000001,0.5168,0.7455
Boende,2014-10-12,0.6176470588235294,0.49176909542246344,0.7329311372600648,0.6153801292497378,0.49834962625920504,0.724033677777496,0.6114030423181338,0.5020975510061647,0.7118227156497976,,,,,,,,,,0.6289635397714081,0.5113307400811462,0.7358945105425356,0.6317286742419765,0.5136443354032467,0.7406221028761674,0.6364000000000001,0.5168,0.7455
Boende,2014-10-13,0.6176470588235294,0.49176909542246344,0.7329311372600648,0.6153801292497378,0.49834962625920504,0.724033677777496,0.6114030423181338,0.5020975510061647,0.7118227156497976,,,,,,,,,,0.6276716484160481,0.5105195680844504,0.734287103224733,0.6304901431239411,0.51222725562748,0.7396165581038412,0.6269,0.508,0.7362000000000001
Boende,2014-10-14,0.6176470588235294,0.49176909542246344,0.7329311372600648,0.6153801292497378,0.49834962625920504,0.724033677777496,0.6114030423181338,0.5020975510061647,0.7118227156497976,,,,,,,,,,0.6263015945282773,0.5095554463464438,0.7328317656961825,0.6291355316487874,0.5109981289784744,0.7386429286393854,0.6269,0.508,0.7362000000000001
Boende,2014-10-15,0.6176470588235294,0.49176909542246344,0.7329311372600648,0.6153801292497378,0.49834962625920504,0.724033677777496,0.6114030423181338,0.5020975510061647,0.7118227156497976,,,,,,,,,,0.625243525097722,0.5086567579197544,0.7315063016015511,0.6278991343715901,0.5103240242595453,0.7376700376386072,0.6269,0.508,0.7362000000000001
Boende,2014-10-16,0.6176470588235294,0.49176909542246344,0.7329311372600648,0.6153801292497378,0.49834962625920504,0.724033677777496,0.6114030423181338,0.5020975510061647,0.7118227156497976,,,,,,,,,,0.6244180077758161,0.5077524966948083,0.730303109011514,0.6269780378536294,0.5097227317025557,0.7368014018401366,0.6269,0.508,0.7362000000000001
Boende,2014-10-17,0.6176470588235294,0.49176909542246344,0.7329311372600648,0.6153801292497378,0.49834962625920504,0.724033677777496,0.6114030423181338,0.5020975510061647,0.7118227156497976,,,,,,,,,,0.6234573312111026,0.5069369537818131,0.7293882624611596,0.625939162674745,0.5090570740991022,0.7357738070312871,0.6269,0.508,0.7362000000000001
Boende,2014-10-18,0.6176470588235294,0.49176909542246344,0.7329311372600648,0.6153801292497378,0.49834962625920504,0.724033677777496,0.6114030423181338,0.5020975510061647,0.7118227156497976,,,,,,,,,,0.6225838758677626,0.5062009932236242,0.7287280608985198,0.6249454195934414,0.5080326253057105,0.734179982953992,0.6269,0.508,0.7362000000000001
Boende,2014-10-19,0.6176470588235294,0.49176909542246344,0.7329311372600648,0.6153801292497378,0.49834962625920504,0.724033677777496,0.6114030423181338,0.5020975510061647,0.7118227156497976,,,,,,,,,,0.6217756601425828,0.5053590513363152,0.7281274736633799,0.6241186511107848,0.5070972104890985,0.7334760448968198,0.6269,0.508,0.7362000000000001
Boende,2014-10-20,0.6176470588235294,0.49176909542246344,0.7329311372600648,0.6153801292497378,0.49834962625920504,0.724033677777496,0.6114030423181338,0.5020975510061647,0.7118227156497976,,,,,,,,,,0.6211831595032291,0.5044503049286659,0.727575455941964,0.6234457823335515,0.5063793807588628,0.7328460941165243,0.6269,0.508,0.7362000000000001
Boende,2014-10-21,0.6176470588235294,0.49176909542246344,0.7329311372600648,0.6153801292497378,0.49834962625920504,0.724033677777496,0.6114030423181338,0.5020975510061647,0.7118227156497976,,,,,,,,,,0.6206719287356148,0.5036148561741965,0.7270624498293755,0.6227094693807528,0.5059958196845096,0.7322732335244364,0.6269,0.508,0.7362000000000001
Boende,2014-10-22,0.6176470588235294,0.49176909542246344,0.7329311372600648,0.6153801292497378,0.49834962625920504,0.724033677777496,0.6114030423181338,0.5020975510061647,0.7118227156497976,,,,,,,,,,0.620090920466356,0.5029379706609701,0.7262710374146715,0.6220582987439129,0.5056461484752661,0.7317564186072314,0.6269,0.508,0.7362000000000001
Boende,2014-10-23,0.6176470588235294,0.49176909542246344,0.7329311372600648,0.6153801292497378,0.49834962625920504,0.724033677777496,0.6114030423181338,0.5020975510061647,0.7118227156497976,,,,,,,,,,0.6195150828228906,0.5024147300254622,0.7258876932587681,0.621408170288322,0.5053323446673283,0.7312681269677141,0.6269,0.508,0.7362000000000001
Boende,2014-10-24,0.6176470588235294,0.49176909542246344,0.7329311372600648,0.6153801292497378,0.49834962625920504,0.724033677777496,0.6114030423181338,0.5020975510061647,0.7118227156497976,,,,,,,,,,0.6190731372907436,0.5019417426883883,0.725494550413319,0.6206936867205568,0.5048251260343137,0.730529049600235,0.6176,0.4994,0.7272000000000001
Boende,2014-10-25,0.6176470588235294,0.49176909542246344,0.7329311372600648,0.6153801292497378,0.49834962625920504,0.724033677777496,0.6114030423181338,0.5020975510061647,0.7118227156497976,,,,,,,,,,0.6187553739655252,0.5015156485300449,0.7250319686458566,0.6200572973839029,0.5043491026094497,0.729844261966134,0.6176,0.4994,0.7272000000000001
Boende,2014-10-26,0.6176470588235294,0.49176909542246344,0.7329311372600648,0.6153801292497378,0.49834962625920504,0.724033677777496,0.6114030423181338,0.5020975510061647,0.7118227156497976,,,,,,,,,,0.618364890634578,0.5011413187386826,0.724607643152482,0.6196433050999222,0.5039151961429541,0.7295654502357458,0.6176,0.4994,0.7272000000000001
Boende,2014-10-27,0.6176470588235294,0.49176909542246344,0.7329311372600648,0.6153801292497378,0.49834962625920504,0.724033677777496,0.6114030423181338,0.5020975510061647,0.7118227156497976,,,,,,,,,,0.6179191724399458,0.500813938975495,0.7243388617182341,0.6190402230041863,0.5035195927950722,0.7293286519196438,0.6176,0.4994,0.7272000000000001
Boende,2014-10-28,0.6323529411764706,0.5066790937765011,0.7461021060560251,0.6298025768501082,0.5130865818220894,0.7370951070584548,0.6247631226951671,0.5150919283199413,0.723537724464692,,,,,,,,,,0.6335580279294976,0.5177135691946793,0.7390328077384226,0.6359191062015862,0.5205515858914169,0.7450757025375953,0.6418,0.5233,0.7496
Isiro,2012-06-01,0.0,0.0,0.975,0.2928932188134526,0.01257911709342505,0.841886116991581,0.5164262716756688,0.13718494240808624,0.829038358822671,,,,,,,,,,0.49168206235958173,0.023174505799027755,0.977183901138962,,,,,,
Isiro,2012-06-02,0.0,0.0,0.975,0.2928932188134526,0.01257911709342505,0.841886116991581,0.5164262716756688,0.13718494240808624,0.829038358822671,,,,,,,,,,0.407491741127448,0.02099343665875518,0.9463572764305005,,,,,,
Isiro,2012-06-03,0.0,0.0,0.975,0.2928932188134526,0.01257911709342505,0.841886116991581,0.5164262716756688,0.13718494240808624,0.829038358822671,,,,,,,,,,0.38999992441044273,0.019329386499708976,0.934853934109545,,,,,,
Isiro,2012-06-04,0.0,0.0,0.975,0.2928932188134526,0.01257911709342505,0.841886116991581,0.5164262716756688,0.13718494240808624,0.829038358822671,,,,,,,,,,0.37340038421589583,0.017976512853146363,0.9406218513960082,,,,,,
Isiro,2012-06-05,0.0,0.0,0.975,0.2928932188134526,0.01257911709342505,0.841886116991581,0.5164262716756688,0.13718494240808624,0.829038358822671,,,,,,,,,,0.36913626679105693,0.016924761882063422,0.9264180280098929,,,,,,
Isiro,2012-06-06,0.0,0.0,0.975,0.2928932188134526,0.01257911709342505,0.841886116991581,0.5164262716756688,0.13718494240808624,0.829038358822671,,,,,,,,,,0.3551017470802117,0.015500352920859162,0.9157239386456302,,,,,,
Isiro,2012-06-07,0.5,0.01257911709342505,0.9874208829065749,0.5,0.09429932405024609,0.9057006759497539,0.5704605479754259,0.2242886131458225,0.8574703457954252,1.0,0.025,1.0,0.7071067811865475,0.15811388300841897,0.9874208829065749,0.7923311282461084,0.25065540475615034,0.9992955957227887,0.7142760153173738,0.16603125511182956,0.9851848872512085,0.702385119234215,0.15748787462775143,0.984145739352595,,,
Isiro,2012-06-08,0.5,0.01257911709342505,0.9874208829065749,0.5,0.09429932405024609,0.9057006759497539,0.5704605479754259,0.2242886131458225,0.8574703457954252,1.0,0.025,1.0,0.7071067811865475,0.15811388300841897,0.9874208829065749,0.7923311282461084,0.25065540475615034,0.9992955957227887,0.7004970069935901,0.15622884423510555,0.9849227993345139,0.677679515044848,0.14815758526218756,0.9820837287013315,,,
Isiro,2012-06-09,0.5,0.01257911709342505,0.9874208829065749,0.5,0.09429932405024609,0.9057006759497539,0.5704605479754259,0.2242886131458225,0.8574703457954252,1.0,0.025,1.0,0.7071067811865475,0.15811388300841897,0.9874208829065749,0.7923311282461084,0.25065540475615034,0.9992955957227887,0.6896824733069001,0.15192314018082564,0.9845692895065866,0.6636869235053563,0.1408951270975328,0.9813968672644185,,,
Isiro,2012-06-10,0.5,0.01257911709342505,0.9874208829065749,0.5,0.09429932405024609,0.9057006759497539,0.5704605479754259,0.2242886131458225,0.8574703457954252,1.0,0.025,1.0,0.7071067811865475,0.15811388300841897,0.9874208829065749,0.7923311282461084,0.25065540475615034,0.9992955957227887,0.6740921253263623,0.14190196691010745,0.9823122990461015,0.659522195039423,0.13942235756706936,0.9808156999628661,,,
Isiro,2012-06-11,0.5,0.01257911709342505,0.9874208829065749,0.5,0.09429932405024609,0.9057006759497539,0.5704605479754259,0.2242886131458225,0.8574703457954252,1.0,0.025,1.0,0.7071067811865475,0.15811388300841897,0.9874208829065749,0.7923311282461084,0.25065540475615034,0.9992955957227887,0.6454948049657107,0.13711707056641484,0.9795144647254728,0.652384322452349,0.1348993760634935,0.9789990922199348,,,
Isiro,2012-06-12,0.3333333333333333,0.008403758659612636,0.9057006759497539,0.3857275681323895,0.06758598648854294,0.8058795503167565,0.5184273499541496,0.1971132656367431,0.8007995136057331,1.0,0.025,1.0,0.7071067811865475,0.15811388300841897,0.9874208829065749,0.7923311282461084,0.25065540475615034,0.9992955957227887,0.6351437108186261,0.13003483688788325,0.9765999333180688,0.6372100470133044,0.13262823290753462,0.9788950119360161,,,
Isiro,2012-06-13,0.5,0.06758598648854294,0.932414013511457,0.5,0.14663279963467313,0.8533672003653268,0.5574526475309602,0.25285336909783024,0.8154721692033641,1.0,0.15811388300841897,1.0,0.7937005259840997,0.2924017738212866,0.9915962413403874,0.846033288634165,0.3881041734699352,0.9995490770810429,0.7940361135833031,0.2818839594907389,0.9898072851103955,0.7805476318234525,0.2783248456993101,0.9897927067664231,,,
Isiro,2012-06-14,0.2857142857142857,0.03669256617608555,0.7095791362626572,0.32051896729747625,0.08523341413725354,0.6508557944128242,0.43923648270314386,0.173400044710977,0.6893200479292149,1.0,0.15811388300841897,1.0,0.7937005259840997,0.2924017738212866,0.9915962413403874,0.846033288634165,0.3881041734699352,0.9995490770810429,0.7818235053864366,0.2767800802028426,0.9893946802818181,0.7679707763740142,0.25124450895967765,0.9881840160403093,,,
Isiro,2012-06-15,0.2857142857142857,0.03669256617608555,0.7095791362626572,0.32051896729747625,0.08523341413725354,0.6508557944128242,0.43923648270314386,0.173400044710977,0.6893200479292149,1.0,0.15811388300841897,1.0,0.7937005259840997,0.2924017738212866,0.9915962413403874,0.846033288634165,0.3881041734699352,0.9995490770810429,0.730184079637547,0.23951774663944717,0.9873202895294987,0.7233496813264266,0.21797043967946436,0.9852299787434847,,,
Isiro,2012-06-16,0.2857142857142857,0.03669256617608555,0.7095791362626572,0.32051896729747625,0.08523341413725354,0.6508557944128242,0.43923648270314386,0.173400044710977,0.6893200479292149,1.0,0.15811388300841897,1.0,0.7937005259840997,0.2924017738212866,0.9915962413403874,0.846033288634165,0.3881041734699352,0.9995490770810429,0.6907548472400522,0.21795859440303123,0.9814014364166794,0.6807455026837524,0.19240084463467727,0.9839266715825559,,,
Isiro,2012-06-17,0.2857142857142857,0.03669256617608555,0.7095791362626572,0.32051896729747625,0.08523341413725354,0.6508557944128242,0.43923648270314386,0.173400044710977,0.6893200479292149,1.0,0.15811388300841897,1.0,0.7937005259840997,0.2924017738212866,0.9915962413403874,0.846033288634165,0.3881041734699352,0.9995490770810429,0.6253061249035472,0.18651873966897173,0.9697891007854075,0.6190823607483307,0.1511183439330468,0.968890575994669,,,
Isiro,2012-06-18,0.25,0.031854026249944226,0.6508557944128242,0.28623666802278286,0.07485463141969183,0.600093573716312,0.41186507943762796,0.15995718077322263,0.6585821517666044,1.0,0.15811388300841897,1.0,0.7937005259840997,0.2924017738212866,0.9915962413403874,0.846033288634165,0.3881041734699352,0.9995490770810429,0.5644051951042557,0.14927692245520985,0.9420027429081479,0.5599294482365456,0.1484938778664512,0.9502680664572868,,,
Isiro,2012-06-19,0.2222222222222222,0.028144973477898197,0.600093573716312,0.25857472328496317,0.06673951117773447,0.5560954623076415,0.38576892736122825,0.15039480883380654,0.6322571489264028,1.0,0.15811388300841897,1.0,0.7937005259840997,0.2924017738212866,0.9915962413403874,0.846033288634165,0.3881041734699352,0.9995490770810429,0.504249319990695,0.13310000895313615,0.8988071926464745,0.4857177303411919,0.1308569700382138,0.9328217570046049,,,
Isiro,2012-06-20,0.2222222222222222,0.028144973477898197,0.600093573716312,0.25857472328496317,0.06673951117773447,0.5560954623076415,0.38576892736122825,0.15039480883380654,0.6322571489264028,0.6666666666666666,0.09429932405024609,0.9915962413403874,0.6142724318676105,0.19412044968324338,0.932414013511457,0.6789132334878141,0.23548579881999165,0.9501305673299231,0.4444482794281258,0.12242557660213894,0.849447561929966,0.42754972302720845,0.10736458300463106,0.8960046688967261,,,
Isiro,2012-06-21,0.2222222222222222,0.028144973477898197,0.600093573716312,0.25857472328496317,0.06673951117773447,0.5560954623076415,0.38576892736122825,0.15039480883380654,0.6322571489264028,0.6666666666666666,0.09429932405024609,0.9915962413403874,0.6142724318676105,0.19412044968324338,0.932414013511457,0.6789132334878141,0.23548579881999165,0.9501305673299231,0.4067032014619447,0.10756098572917629,0.7886160062093547,0.3961895330930739,0.09971153859997262,0.8685535322625737,,,
Isiro,2012-06-22,0.3333333333333333,0.07485463141969183,0.7007049437914596,0.35509996791248866,0.12155225811982719,0.6524528500599973,0.4465631402630946,0.20496529417849912,0.6754960836205428,0.75,0.19412044968324338,0.9936905367902902,0.6861898295443025,0.2835820638819105,0.9472550494736831,0.7315366053550956,0.3413250913550291,0.9615802949944545,0.5473662027464757,0.20302530324212065,0.8990925943751119,0.5443909244695708,0.21004254238484504,0.9273223077858267,0.5,0.1563,0.8437
Isiro,2012-06-23,0.3333333333333333,0.07485463141969183,0.7007049437914596,0.35509996791248866,0.12155225811982719,0.6524528500599973,0.4465631402630946,0.20496529417849912,0.6754960836205428,0.75,0.19412044968324338,0.9936905367902902,0.6861898295443025,0.2835820638819105,0.9472550494736831,0.7315366053550956,0.3413250913550291,0.9615802949944545,0.5105053683292007,0.1985913544131131,0.8602012066539301,0.5075786876372422,0.17614700405017192,0.8856112381015284,0.5,0.1563,0.8437
Isiro,2012-06-24,0.4,0.12155225811982719,0.7376219233930549,0.4118904090581568,0.16748809406370713,0.6920952849883228,0.4799974127937188,0.24011696432141827,0.7010069058177366,0.8,0.2835820638819105,0.9949492366205319,0.73555001670434,0.35876542100232517,0.9567281317072583,0.7677720041443092,0.4091239828649401,0.9689698017220264,0.6394979529775944,0.29952635634331054,0.9429149260855477,0.6287784659670161,0.26571391642456976,0.9506761731583319,0.6667000000000001,0.28090000000000004,0.9351
Isiro,2012-06-25,0.36363636363636365,0.10926344381909811,0.6920952849883228,0.37852862424520206,0.15165222980843013,0.6511244935811844,0.45386554142797014,0.22137695157551543,0.6745037576549809,0.8,0.2835820638819105,0.9949492366205319,0.73555001670434,0.35876542100232517,0.9567281317072583,0.7677720041443092,0.4091239828649401,0.9689698017220264,0.5905492631345624,0.27428511977405273,0.8939761306873836,0.5908349375361945,0.2519372243402171,0.9339214564811664,0.5714,0.2273,0.8712000000000001
Isiro,2012-06-26,0.36363636363636365,0.10926344381909811,0.6920952849883228,0.37852862424520206,0.15165222980843013,0.6511244935811844,0.45386554142797014,0.22137695157551543,0.6745037576549809,0.8,0.2835820638819105,0.9949492366205319,0.73555001670434,0.35876542100232517,0.9567281317072583,0.7677720041443092,0.4091239828649401,0.9689698017220264,0.5542434549903621,0.24494647645955617,0.8759423563788299,0.5642795884209566,0.2334190176042752,0.9110862924024915,0.5,0.1913,0.8087000000000001
Isiro,2012-06-27,0.36363636363636365,0.10926344381909811,0.6920952849883228,0.37852862424520206,0.15165222980843013,0.6511244935811844,0.45386554142797014,0.22137695157551543,0.6745037576549809,0.8,0.2835820638819105,0.9949492366205319,0.73555001670434,0.35876542100232517,0.9567281317072583,0.7677720041443092,0.4091239828649401,0.9689698017220264,0.5296246311414922,0.22243795601451,0.8480246318953235,0.5244991761608595,0.21211534339136803,0.8724133009687433,0.5,0.1913,0.8087000000000001
Isiro,2012-06-28,0.3076923076923077,0.0909203945720966,0.6142616617507044,0.32575115528621273,0.1275984298591596,0.5810352571836608,0.4086301414316108,0.18942118768872826,0.62353163729981,0.8,0.2835820638819105,0.9949492366205319,0.73555001670434,0.35876542100232517,0.9567281317072583,0.7677720041443092,0.4091239828649401,0.9689698017220264,0.505380350018859,0.21488760721208763,0.821223947450993,0.5033942282954913,0.20964953855846508,0.8456587350516168,0.5,0.1913,0.8087000000000001
Isiro,2012-06-29,0.3076923076923077,0.0909203945720966,0.6142616617507044,0.32575115528621273,0.1275984298591596,0.5810352571836608,0.4086301414316108,0.18942118768872826,0.62353163729981,0.8,0.2835820638819105,0.9949492366205319,0.73555001670434,0.35876542100232517,0.9567281317072583,0.7677720041443092,0.4091239828649401,0.9689698017220264,0.48125028220656596,0.20098589718447693,0.7920715816735892,0.48318816663464914,0.1953092418287774,0.8245937046111389,0.4444,0.16540000000000002,0.7513000000000001
Isiro,2012-06-30,0.3076923076923077,0.0909203945720966,0.6142616617507044,0.32575115528621273,0.1275984298591596,0.5810352571836608,0.4086301414316108,0.18942118768872826,0.62353163729981,0.8,0.2835820638819105,0.9949492366205319,0.73555001670434,0.35876542100232517,0.9567281317072583,0.7677720041443092,0.4091239828649401,0.9689698017220264,0.4689276524509694,0.19317505798199408,0.7573459063754554,0.4640815880330518,0.1788738507624441,0.7848804147342877,0.4444,0.16540000000000002,0.7513000000000001
Isiro,2012-07-01,0.3076923076923077,0.0909203945720966,0.6142616617507044,0.32575115528621273,0.1275984298591596,0.5810352571836608,0.4086301414316108,0.18942118768872826,0.62353163729981,0.8,0.2835820638819105,0.9949492366205319,0.73555001670434,0.35876542100232517,0.9567281317072583,0.7677720041443092,0.4091239828649401,0.9689698017220264,0.4500661936070472,0.1836139485773418,0.7369969709211657,0.4427393444468135,0.17120121370077576,0.7699548458611435,0.4444,0.16540000000000002,0.7513000000000001
Isiro,2012-07-02,0.3076923076923077,0.0909203945720966,0.6142616617507044,0.32575115528621273,0.1275984298591596,0.5810352571836608,0.4086301414316108,0.18942118768872826,0.62353163729981,0.8,0.2835820638819105,0.9949492366205319,0.73555001670434,0.35876542100232517,0.9567281317072583,0.7677720041443092,0.4091239828649401,0.9689698017220264,0.4305643344875594,0.17981435848500948,0.7180216779031502,0.4241492584331572,0.16541743279444887,0.7498061004991072,0.4,0.1457,0.6999000000000001
Isiro,2012-07-03,0.3076923076923077,0.0909203945720966,0.6142616617507044,0.32575115528621273,0.1275984298591596,0.5810352571836608,0.4086301414316108,0.18942118768872826,0.62353163729981,0.8,0.2835820638819105,0.9949492366205319,0.73555001670434,0.35876542100232517,0.9567281317072583,0.7677720041443092,0.4091239828649401,0.9689698017220264,0.41323826684425524,0.17104901896989394,0.6986267610523789,0.4103259095485502,0.16394862863451415,0.7227337593666116,0.4,0.1457,0.6999000000000001
Isiro,2012-07-04,0.2857142857142857,0.08388931830712752,0.5810352571836608,0.30451980963387953,0.11824110336688094,0.5510032410369705,0.38884954983505243,0.1774285222305645,0.6014357283091585,0.8,0.2835820638819105,0.9949492366205319,0.73555001670434,0.35876542100232517,0.9567281317072583,0.7677720041443092,0.4091239828649401,0.9689698017220264,0.39850587600151066,0.16355926024535267,0.6789552163208732,0.39753587394314016,0.15414255284089903,0.7000902585358482,0.36360000000000003,0.1303,0.6541
Isiro,2012-07-05,0.2857142857142857,0.08388931830712752,0.5810352571836608,0.30451980963387953,0.11824110336688094,0.5510032410369705,0.38884954983505243,0.1774285222305645,0.6014357283091585,0.5714285714285714,0.184051567640083,0.9010117215574921,0.5598447953652341,0.2448632163665516,0.842987229512942,0.6030394078296073,0.28961683589956927,0.8619740355510312,0.38062872033536854,0.15217365487501539,0.6588567564516274,0.38419683437320556,0.14796679751509245,0.6786285504561503,0.36360000000000003,0.1303,0.6541
Isiro,2012-07-06,0.2857142857142857,0.08388931830712752,0.5810352571836608,0.30451980963387953,0.11824110336688094,0.5510032410369705,0.38884954983505243,0.1774285222305645,0.6014357283091585,0.5714285714285714,0.184051567640083,0.9010117215574921,0.5598447953652341,0.2448632163665516,0.842987229512942,0.6030394078296073,0.28961683589956927,0.8619740355510312,0.3677875119428483,0.1437496430615049,0.6443662337214265,0.37001671154285953,0.14653682100105805,0.6636032860956833,0.33330000000000004,0.1178,0.6134000000000001
Isiro,2012-07-07,0.2857142857142857,0.08388931830712752,0.5810352571836608,0.30451980963387953,0.11824110336688094,0.5510032410369705,0.38884954983505243,0.1774285222305645,0.6014357283091585,0.5,0.15701277048705795,0.842987229512942,0.5,0.212008506778868,0.787991493221132,0.5469221426940183,0.25119683069148824,0.8125356624224562,0.35833731030002847,0.1385851835118429,0.6317682220678994,0.35999350076477044,0.14208687718155535,0.6536614201664968,0.33330000000000004,0.1178,0.6134000000000001
Isiro,2012-07-08,0.2857142857142857,0.08388931830712752,0.5810352571836608,0.30451980963387953,0.11824110336688094,0.5510032410369705,0.38884954983505243,0.1774285222305645,0.6014357283091585,0.5,0.15701277048705795,0.842987229512942,0.5,0.212008506778868,0.787991493221132,0.5469221426940183,0.25119683069148824,0.8125356624224562,0.35071463751447485,0.1348254514216523,0.6192323895945767,0.3513918082342048,0.13913074966208974,0.6362664183400352,0.30770000000000003,0.1076,0.5770000000000001
Isiro,2012-07-09,0.2857142857142857,0.08388931830712752,0.5810352571836608,0.30451980963387953,0.11824110336688094,0.5510032410369705,0.38884954983505243,0.1774285222305645,0.6014357283091585,0.5,0.15701277048705795,0.842987229512942,0.5,0.212008506778868,0.787991493221132,0.5469221426940183,0.25119683069148824,0.8125356624224562,0.3433330284975814,0.13097118798580448,0.6089542190678408,0.34641704544410734,0.13470865338573076,0.6236028445223921,0.30770000000000003,0.1076,0.5770000000000001
Isiro,2012-07-10,0.2857142857142857,0.08388931830712752,0.5810352571836608,0.30451980963387953,0.11824110336688094,0.5510032410369705,0.38884954983505243,0.1774285222305645,0.6014357283091585,0.4444444444444444,0.1369956622651665,0.787991493221132,0.45169415622366305,0.18708602844739855,0.7376219233930549,0.4986089589327428,0.21717901712617957,0.7705783181280144,0.3359780869727731,0.1287251231143726,0.5985482158015923,0.33983995519535326,0.13171565632033336,0.6135091644748588,0.30770000000000003,0.1076,0.5770000000000001
Isiro,2012-07-11,0.2857142857142857,0.08388931830712752,0.5810352571836608,0.30451980963387953,0.11824110336688094,0.5510032410369705,0.38884954983505243,0.1774285222305645,0.6014357283091585,0.4444444444444444,0.1369956622651665,0.787991493221132,0.45169415622366305,0.18708602844739855,0.7376219233930549,0.4986089589327428,0.21717901712617957,0.7705783181280144,0.3308296218724468,0.12601915137636877,0.5909956782453704,0.33440620661126075,0.12942544009514798,0.6046332187151339,0.30770000000000003,0.1076,0.5770000000000001
Isiro,2012-07-12,0.35714285714285715,0.1275984298591596,0.6486198893840083,0.3696704513451858,0.16336432385951347,0.6161962674588458,0.4339233627417153,0.2221657574040453,0.6407321379787658,0.5,0.18708602844739855,0.8129139715526015,0.5,0.23379359765934515,0.7662064023406548,0.5405534556913839,0.2658514777680565,0.7875110364709577,0.38985563200229345,0.18207734878586673,0.6405179969934677,0.3891650263942873,0.17063248506385745,0.6484794322839144,0.3846,0.159,0.6519
Isiro,2012-07-13,0.35714285714285715,0.1275984298591596,0.6486198893840083,0.3696704513451858,0.16336432385951347,0.6161962674588458,0.4339233627417153,0.2221657574040453,0.6407321379787658,0.5,0.18708602844739855,0.8129139715526015,0.5,0.23379359765934515,0.7662064023406548,0.5405534556913839,0.2658514777680565,0.7875110364709577,0.3850390850461576,0.17845376921834494,0.6340203354939032,0.38446122834502783,0.1679680549077892,0.6415404699529472,0.35710000000000003,0.1459,0.6165
Isiro,2012-07-14,0.35714285714285715,0.1275984298591596,0.6486198893840083,0.3696704513451858,0.16336432385951347,0.6161962674588458,0.4339233627417153,0.2221657574040453,0.6407321379787658,0.5,0.18708602844739855,0.8129139715526015,0.5,0.23379359765934515,0.7662064023406548,0.5405534556913839,0.2658514777680565,0.7875110364709577,0.38152370556148285,0.17636435425883765,0.6299675751855409,0.3814345787225544,0.16663920850876826,0.6371032456580421,0.35710000000000003,0.1459,0.6165
Isiro,2012-07-15,0.3333333333333333,0.11824110336688094,0.6161962674588458,0.3470503754118041,0.15198367508112207,0.5866206364513586,0.41597013486360374,0.21713157084488188,0.6255045388653375,0.5,0.18708602844739855,0.8129139715526015,0.5,0.23379359765934515,0.7662064023406548,0.5405534556913839,0.2658514777680565,0.7875110364709577,0.37859226126105494,0.17503017822752676,0.6265782931963474,0.37817902471348497,0.16550322841829407,0.6334395066988756,0.35710000000000003,0.1459,0.6165
Isiro,2012-07-16,0.3333333333333333,0.11824110336688094,0.6161962674588458,0.3470503754118041,0.15198367508112207,0.5866206364513586,0.41597013486360374,0.21713157084488188,0.6255045388653375,0.5,0.18708602844739855,0.8129139715526015,0.5,0.23379359765934515,0.7662064023406548,0.5405534556913839,0.2658514777680565,0.7875110364709577,0.3764582843857954,0.17368994307439067,0.6227397448698807,0.37571048400108104,0.16367186332817965,0.6286775927542787,0.35710000000000003,0.1459,0.6165
Isiro,2012-07-17,0.4,0.16336432385951347,0.6771302337937184,0.40822650132490146,0.19753414053266785,0.6456539056979218,0.4608290601418277,0.2534729372006912,0.6578944664238953,0.5454545454545454,0.23379359765934515,0.8325119059362929,0.5404928142195594,0.2766696856821058,0.7890553617607033,0.5755536642778263,0.3089640767654648,0.8071959969996935,0.4522228030037666,0.22317117765836614,0.6988834988094806,0.45140826814664226,0.2226520586739873,0.7077975855040521,0.42860000000000004,0.1981,0.6831
Isiro,2012-07-18,0.375,0.15198367508112207,0.6456539056979218,0.3846872340597603,0.18443696178394667,0.6167163365565971,0.4422592229826504,0.23885476136622555,0.6423921137595061,0.5454545454545454,0.23379359765934515,0.8325119059362929,0.5404928142195594,0.2766696856821058,0.7890553617607033,0.5755536642778263,0.3089640767654648,0.8071959969996935,0.44804144914685845,0.22180469036597528,0.6906484354669801,0.44786128972360517,0.22004407752675276,0.7026700885236618,0.42860000000000004,0.1981,0.6831
Isiro,2012-07-19,0.35294117647058826,0.14209748311022094,0.6167163365565971,0.36371381835564376,0.17298585478975181,0.5900747618279255,0.4245720323002601,0.22637330708136258,0.6217466302702617,0.5454545454545454,0.23379359765934515,0.8325119059362929,0.5404928142195594,0.2766696856821058,0.7890553617607033,0.5755536642778263,0.3089640767654648,0.8071959969996935,0.443182937402513,0.21945551781626488,0.6848866512863931,0.444268862111214,0.21683879413719317,0.6939169355792097,0.42860000000000004,0.1981,0.6831
Isiro,2012-07-20,0.35294117647058826,0.14209748311022094,0.6167163365565971,0.36371381835564376,0.17298585478975181,0.5900747618279255,0.4245720323002601,0.22637330708136258,0.6217466302702617,0.5454545454545454,0.23379359765934515,0.8325119059362929,0.5404928142195594,0.2766696856821058,0.7890553617607033,0.5755536642778263,0.3089640767654648,0.8071959969996935,0.4374359667102096,0.21729458464046889,0.6794071430466236,0.43968519865844957,0.2138165623481501,0.6846321040680633,0.42860000000000004,0.1981,0.6831
Isiro,2012-07-21,0.35294117647058826,0.14209748311022094,0.6167163365565971,0.36371381835564376,0.17298585478975181,0.5900747618279255,0.4245720323002601,0.22637330708136258,0.6217466302702617,0.5454545454545454,0.23379359765934515,0.8325119059362929,0.5404928142195594,0.2766696856821058,0.7890553617607033,0.5755536642778263,0.3089640767654648,0.8071959969996935,0.4313312565656378,0.21409839432300343,0.6724273624957947,0.4354229273288699,0.21088345695105587,0.6868845040645049,0.42860000000000004,0.1981,0.6831
Isiro,2012-07-22,0.35294117647058826,0.14209748311022094,0.6167163365565971,0.36371381835564376,0.17298585478975181,0.5900747618279255,0.4245720323002601,0.22637330708136258,0.6217466302702617,0.5454545454545454,0.23379359765934515,0.8325119059362929,0.5404928142195594,0.2766696856821058,0.7890553617607033,0.5755536642778263,0.3089640767654648,0.8071959969996935,0.425003792757789,0.20949985036894178,0.6631084403447715,0.43028346092403086,0.2067314181407677,0.6802077345848042,0.42860000000000004,0.1981,0.6831
Isiro,2012-07-23,0.3333333333333333,0.13342740250612353,0.5900747618279255,0.3449085691448802,0.16288587215509961,0.5655015688461509,0.40894218183382863,0.2161305423775685,0.6027979338491115,0.5454545454545454,0.23379359765934515,0.8325119059362929,0.5404928142195594,0.2766696856821058,0.7890553617607033,0.5755536642778263,0.3089640767654648,0.8071959969996935,0.41965075514118516,0.20668532979059043,0.6548951042609302,0.42447280464201476,0.20299349259010074,0.671594740778442,0.42860000000000004,0.1981,0.6831
Isiro,2012-07-24,0.3157894736842105,0.1257606358729833,0.5655015688461509,0.32795190720256134,0.15390920478454118,0.5427891822762891,0.39345540365860243,0.2067865205290092,0.5850889546401415,0.5454545454545454,0.23379359765934515,0.8325119059362929,0.5404928142195594,0.2766696856821058,0.7890553617607033,0.5755536642778263,0.3089640767654648,0.8071959969996935,0.41265318379723476,0.20237575183045356,0.6480620894764646,0.41700232400969783,0.19892477472075779,0.6627908246753215,0.4,0.18280000000000002,0.6489
Isiro,2012-07-25,0.3,0.11893159040572766,0.5427891822762891,0.31258409366402434,0.1458769423430967,0.5217511182471137,0.3790682104037426,0.19778797173468274,0.5683674281202196,0.5454545454545454,0.23379359765934515,0.8325119059362929,0.5404928142195594,0.2766696856821058,0.7890553617607033,0.5755536642778263,0.3089640767654648,0.8071959969996935,0.40482677007616874,0.19752290173968293,0.6397750763293468,0.40906703197350774,0.19499072995504793,0.6537600014343089,0.4,0.18280000000000002,0.6489
Isiro,2012-07-26,0.3,0.11893159040572766,0.5427891822762891,0.31258409366402434,0.1458769423430967,0.5217511182471137,0.3790682104037426,0.19778797173468274,0.5683674281202196,0.5,0.21094463823929666,0.7890553617607033,0.5,0.25134548227030357,0.7486545177296964,0.5336233269540704,0.2811059923162864,0.7711863012775041,0.3972791433965466,0.19165117045792507,0.6317645087434856,0.4020164618461245,0.18998009771148913,0.6443081333958023,0.4,0.18280000000000002,0.6489
Isiro,2012-07-27,0.2857142857142857,0.11280940392194076,0.5217511182471137,0.29859185712333614,0.13864652155379784,0.5022212012663488,0.36603608276881516,0.1896654676274623,0.5505328063407317,0.5,0.21094463823929666,0.7890553617607033,0.5,0.25134548227030357,0.7486545177296964,0.5336233269540704,0.2811059923162864,0.7711863012775041,0.38874562596281637,0.1870268852520828,0.6198216402812746,0.39441777467735084,0.18553034802104026,0.6347044532291108,0.375,0.1696,0.6176
Isiro,2012-07-28,0.3333333333333333,0.1458769423430967,0.5696754829041242,0.34334499565511084,0.1719794376463324,0.5487244275737704,0.4009227137919746,0.21978154974118827,0.5848595267081097,0.5,0.23036054144806237,0.7696394585519376,0.5,0.26586134727739663,0.7341386527226034,0.5301401022426048,0.295966339198056,0.7547935503078501,0.44262655172548326,0.24173733065038652,0.6734923583867892,0.44620971184748937,0.22651596262741694,0.6764709477664993,0.4375,0.21760000000000002,0.676
Isiro,2012-07-29,0.38095238095238093,0.18107162554017314,0.6156456096213541,0.3881015706347147,0.2070931229971492,0.5934233311743533,0.4352020027019407,0.2520411979293255,0.6193989739588556,0.5333333333333333,0.26586134727739663,0.7873332704806921,0.5305917313226032,0.2987768990831778,0.7534898885094247,0.5563474067190792,0.3217533815548889,0.7706055868022657,0.48994978499271885,0.26909938073908035,0.696733312759638,0.4977859645733582,0.2729056194453547,0.7255573064817606,0.5,0.2691,0.7309
Isiro,2012-07-30,0.38095238095238093,0.18107162554017314,0.6156456096213541,0.3881015706347147,0.2070931229971492,0.5934233311743533,0.4352020027019407,0.2520411979293255,0.6193989739588556,0.5333333333333333,0.26586134727739663,0.7873332704806921,0.5305917313226032,0.2987768990831778,0.7534898885094247,0.5563474067190792,0.3217533815548889,0.7706055868022657,0.47887007370836593,0.2619412447061697,0.6848666252731979,0.4851753312703832,0.2637250950871342,0.7078084975463904,0.4706,0.2503,0.6991
Isiro,2012-07-31,0.42857142857142855,0.2181968568851302,0.6597936907197254,0.4328602083426437,0.2438618659230165,0.6364530382702687,0.47037407757313676,0.28446845066502724,0.6507729657042751,0.5625,0.2987768990831778,0.8024658594673321,0.5576576816186782,0.32924715394675735,0.7701673127340096,0.5809184470936535,0.3529754636383377,0.7846552464768911,0.5143553675825211,0.29609945610727095,0.7150968110887606,0.5187470622001793,0.2997064361309976,0.7353089391739495,0.5294,0.3009,0.7497
Isiro,2012-08-01,0.42857142857142855,0.2181968568851302,0.6597936907197254,0.4328602083426437,0.2438618659230165,0.6364530382702687,0.47037407757313676,0.28446845066502724,0.6507729657042751,0.5625,0.2987768990831778,0.8024658594673321,0.5576576816186782,0.32924715394675735,0.7701673127340096,0.5809184470936535,0.3529754636383377,0.7846552464768911,0.5027263329201601,0.28892061322932605,0.7023037159708874,0.5076976209579518,0.29119995814057037,0.722180788186542,0.5,0.28090000000000004,0.7191000000000001
Isiro,2012-08-02,0.42857142857142855,0.2181968568851302,0.6597936907197254,0.4328602083426437,0.2438618659230165,0.6364530382702687,0.47037407757313676,0.28446845066502724,0.6507729657042751,0.5625,0.2987768990831778,0.8024658594673321,0.5576576816186782,0.32924715394675735,0.7701673127340096,0.5809184470936535,0.3529754636383377,0.7846552464768911,0.48914956777139096,0.2857769013886664,0.6962615766789771,0.4963021048623815,0.2835546464991482,0.7098790525283222,0.5,0.28090000000000004,0.7191000000000001
Isiro,2012-08-03,0.42857142857142855,0.2181968568851302,0.6597936907197254,0.4328602083426437,0.2438618659230165,0.6364530382702687,0.47037407757313676,0.28446845066502724,0.6507729657042751,0.5625,0.2987768990831778,0.8024658594673321,0.5576576816186782,0.32924715394675735,0.7701673127340096,0.5809184470936535,0.3529754636383377,0.7846552464768911,0.4793619477497085,0.2805947230391482,0.6886374682945507,0.4859307594350357,0.2763812333558062,0.6990396565250245,0.4737,0.2635,0.6906
Isiro,2012-08-04,0.42857142857142855,0.2181968568851302,0.6597936907197254,0.4328602083426437,0.2438618659230165,0.6364530382702687,0.47037407757313676,0.28446845066502724,0.6507729657042751,0.5625,0.2987768990831778,0.8024658594673321,0.5576576816186782,0.32924715394675735,0.7701673127340096,0.5809184470936535,0.3529754636383377,0.7846552464768911,0.47125300522923963,0.27443249833609806,0.679717483148952,0.4765259024461109,0.27032873886459485,0.691145947099048,0.4737,0.2635,0.6906
Isiro,2012-08-05,0.391304347826087,0.1970764239690144,0.6145810426111503,0.39729240463483817,0.22109690534667853,0.594063615992056,0.4396363567828424,0.2624993563944191,0.6170749729012971,0.5625,0.2987768990831778,0.8024658594673321,0.5576576816186782,0.32924715394675735,0.7701673127340096,0.5809184470936535,0.3529754636383377,0.7846552464768911,0.46441172603012865,0.2704707465609861,0.6700006611758581,0.46960211477943825,0.2667796929023927,0.6839122760440074,0.45,0.24810000000000001,0.664
Isiro,2012-08-06,0.43478260869565216,0.23191419953823145,0.6550533925476254,0.4383749698578703,0.25553020199474624,0.6335693543436376,0.4724378779390518,0.2980965346402286,0.6430476772139339,0.5882352941176471,0.32924715394675735,0.8155630382160532,0.5817737444400044,0.3574512058930626,0.7846984926127001,0.6010531816850861,0.38396564863840954,0.7960354588768149,0.5087465329536027,0.31044392094004186,0.7072736438075827,0.5125065571741596,0.30539077480432575,0.719848357815189,0.5,0.2911,0.7089000000000001
Isiro,2012-08-07,0.4166666666666667,0.22109690534667853,0.6335693543436376,0.42107504901290754,0.24402366514720805,0.61334650374316,0.457864263528356,0.2874025043760795,0.6257556663838646,0.5882352941176471,0.32924715394675735,0.8155630382160532,0.5817737444400044,0.3574512058930626,0.7846984926127001,0.6010531816850861,0.38396564863840954,0.7960354588768149,0.5017910574473881,0.3059501739432186,0.7003916469852146,0.5055288853565998,0.3005422995480316,0.7116708252769405,0.5,0.2911,0.7089000000000001
Isiro,2012-08-08,0.4230769230769231,0.23352198312744346,0.6308196190760333,0.4268470578255785,0.25479880663173776,0.6120160697403181,0.45938808425824673,0.29325108859410665,0.627453944300255,0.6111111111111112,0.3574512058930626,0.8270141452102482,0.6033969970418371,0.38357792331440527,0.7974785610228372,0.6204420019380433,0.4085837857398495,0.8075258626999341,0.5490912397572882,0.3436844395025567,0.7408534504484283,0.5552439761843122,0.343815775152683,0.7558527965326312,0.55,0.336,0.7519
Isiro,2012-08-09,0.4074074074074074,0.2238972913505814,0.6120160697403181,0.4117848486195686,0.2446239363021466,0.5942317935124368,0.44632313521868644,0.28353291760380434,0.6127352705117672,0.6111111111111112,0.3574512058930626,0.8270141452102482,0.6033969970418371,0.38357792331440527,0.7974785610228372,0.6204420019380433,0.4085837857398495,0.8075258626999341,0.5411495245713442,0.3375721156322116,0.7315429597797555,0.5473477720392197,0.33721682010267945,0.7463800790362866,0.55,0.336,0.7519
Isiro,2012-08-10,0.4074074074074074,0.2238972913505814,0.6120160697403181,0.4117848486195686,0.2446239363021466,0.5942317935124368,0.44632313521868644,0.28353291760380434,0.6127352705117672,0.6111111111111112,0.3574512058930626,0.8270141452102482,0.6033969970418371,0.38357792331440527,0.7974785610228372,0.6204420019380433,0.4085837857398495,0.8075258626999341,0.5319382171349238,0.332631779604218,0.7237572735106453,0.5389011703050786,0.3317375640416769,0.7380158187758942,0.5238,0.3169,0.7252000000000001
Isiro,2012-08-11,0.4074074074074074,0.2238972913505814,0.6120160697403181,0.4117848486195686,0.2446239363021466,0.5942317935124368,0.44632313521868644,0.28353291760380434,0.6127352705117672,0.5789473684210527,0.3349978440117354,0.7974785610228372,0.573738066967906,0.36054258730748967,0.7694221032240758,0.5913689500438788,0.37861952347426037,0.7782814165556644,0.5228123121292412,0.3261804003418164,0.7133766909320227,0.5299727790659098,0.32557977524216,0.7287433827560867,0.5238,0.3169,0.7252000000000001
Isiro,2012-08-12,0.4074074074074074,0.2238972913505814,0.6120160697403181,0.4117848486195686,0.2446239363021466,0.5942317935124368,0.44632313521868644,0.28353291760380434,0.6127352705117672,0.5789473684210527,0.3349978440117354,0.7974785610228372,0.573738066967906,0.36054258730748967,0.7694221032240758,0.5913689500438788,0.37861952347426037,0.7782814165556644,0.5127617375672344,0.3179467452657857,0.7033813560067342,0.5199548491989369,0.3182799885108616,0.7173158015833085,0.5238,0.3169,0.7252000000000001
Isiro,2012-08-13,0.42857142857142855,0.2446239363021466,0.628206371387904,0.43183253718028003,0.2644553037067049,0.6106372086030938,0.46258331228432714,0.2998218787245357,0.6270744434660362,0.6,0.36054258730748967,0.8088099392746928,0.5937121030319381,0.3843543903786459,0.7818031431148698,0.6094840765276144,0.4018017901474073,0.7903736331856751,0.5433243418498446,0.3490541699646158,0.7311318752713628,0.547114590068743,0.3480941140579652,0.7434515252743452,0.5455,0.3412,0.7397
Isiro,2012-08-14,0.42857142857142855,0.2446239363021466,0.628206371387904,0.43183253718028003,0.2644553037067049,0.6106372086030938,0.46258331228432714,0.2998218787245357,0.6270744434660362,0.6,0.36054258730748967,0.8088099392746928,0.5937121030319381,0.3843543903786459,0.7818031431148698,0.6094840765276144,0.4018017901474073,0.7903736331856751,0.531756427046837,0.3399976601266255,0.7191022847930272,0.5356178741881632,0.33954293365259325,0.7325833548455205,0.5455,0.3412,0.7397
Isiro,2012-08-15,0.42857142857142855,0.2446239363021466,0.628206371387904,0.43183253718028003,0.2644553037067049,0.6106372086030938,0.46258331228432714,0.2998218787245357,0.6270744434660362,0.6,0.36054258730748967,0.8088099392746928,0.5937121030319381,0.3843543903786459,0.7818031431148698,0.6094840765276144,0.4018017901474073,0.7903736331856751,0.5207554625503559,0.3319051706132365,0.7071819180127821,0.5239197299825226,0.33072583880540607,0.7205758327268459,0.5217,0.3236,0.7153
Isiro,2012-08-16,0.41379310344827586,0.23524020975289847,0.6106372086030938,0.4175987720220814,0.254607549903263,0.5939650699481813,0.45037261888017976,0.28988909345674785,0.6135457472984799,0.5714285714285714,0.34020630928027457,0.7818031431148698,0.5671397916573564,0.3635469617297312,0.7561381340769835,0.5834048160477733,0.3847613382596208,0.7657666755535597,0.5094025050905038,0.32468602739270686,0.6956752024734157,0.5126548901072905,0.3241003936225823,0.7084763283233793,0.5217,0.3236,0.7153
Isiro,2012-08-17,0.41379310344827586,0.23524020975289847,0.6106372086030938,0.4175987720220814,0.254607549903263,0.5939650699481813,0.45037261888017976,0.28988909345674785,0.6135457472984799,0.5714285714285714,0.34020630928027457,0.7818031431148698,0.5671397916573564,0.3635469617297312,0.7561381340769835,0.5834048160477733,0.3847613382596208,0.7657666755535597,0.4989209185396923,0.31788455178079184,0.6858562591797648,0.5016469501695775,0.3161968483610953,0.6968417270955237,0.5,0.3078,0.6922
Isiro,2012-08-18,0.4827586206896552,0.294485582951841,0.6746850036385436,0.4835196781277253,0.3129702858680275,0.6567447618392659,0.5046496111511676,0.34185210540432315,0.6634070879566863,0.6086956521739131,0.3854189573888496,0.8029235760309856,0.6027075953651618,0.405936384007944,0.7789030946533215,0.6178176264631612,0.4245555382558886,0.7860715598699548,0.569038277865838,0.3834371708493345,0.7395756553412204,0.573983550812688,0.3791258767563762,0.7538885504445362,0.5833,0.38520000000000004,0.7645000000000001
Isiro,2012-08-19,0.4666666666666667,0.283418079183537,0.6567447618392659,0.468090918471314,0.30154565071234124,0.6396576728391827,0.49154319264933855,0.33145347778311063,0.6498760445780859,0.6086956521739131,0.3854189573888496,0.8029235760309856,0.6027075953651618,0.405936384007944,0.7789030946533215,0.6178176264631612,0.4245555382558886,0.7860715598699548,0.5576415000785921,0.3616244596192688,0.726449762974066,0.5626182671420263,0.3703726566384228,0.7422593559634143,0.56,0.3668,0.7414000000000001
Isiro,2012-08-20,0.45161290322580644,0.2731649860037351,0.6396576728391827,0.45361621347177256,0.2909398229060152,0.6233742684099061,0.47862613728085834,0.32134815184607873,0.6357517282231353,0.6086956521739131,0.3854189573888496,0.8029235760309856,0.6027075953651618,0.405936384007944,0.7789030946533215,0.6178176264631612,0.4245555382558886,0.7860715598699548,0.5467159544877942,0.3527732514117296,0.7163752315729343,0.5518958477744879,0.3624338278003108,0.7317407780378842,0.56,0.3668,0.7414000000000001
Isiro,2012-08-21,0.45161290322580644,0.2731649860037351,0.6396576728391827,0.45361621347177256,0.2909398229060152,0.6233742684099061,0.47862613728085834,0.32134815184607873,0.6357517282231353,0.6086956521739131,0.3854189573888496,0.8029235760309856,0.6027075953651618,0.405936384007944,0.7789030946533215,0.6178176264631612,0.4245555382558886,0.7860715598699548,0.5373905880195474,0.34508200388787186,0.7068874797424111,0.5422137487757852,0.3551053016117071,0.7216603940696251,0.5385,0.3501,0.7195
Isiro,2012-08-22,0.4375,0.26363812441098466,0.6233742684099061,0.4400097443039018,0.28106619429381613,0.6078469838121148,0.4667284562190869,0.3120156590309709,0.6221316078739344,0.6086956521739131,0.3854189573888496,0.8029235760309856,0.6027075953651618,0.405936384007944,0.7789030946533215,0.6178176264631612,0.4245555382558886,0.7860715598699548,0.5281608129310711,0.338736202916727,0.6968828182956431,0.532720841997278,0.3486062856559453,0.7128773581681545,0.5385,0.3501,0.7195
Isiro,2012-08-23,0.42424242424242425,0.2547618227346959,0.6078469838121148,0.42719568157460686,0.27185019641486696,0.5930305670291518,0.45512132236522596,0.3031471219035175,0.6091910984288027,0.6086956521739131,0.3854189573888496,0.8029235760309856,0.6027075953651618,0.405936384007944,0.7789030946533215,0.6178176264631612,0.4245555382558886,0.7860715598699548,0.519181698979168,0.332617443006572,0.68744241032083,0.5236024600168786,0.34033213786823563,0.6988978736730257,0.5185000000000001,0.335,0.6987
Isiro,2012-08-24,0.42424242424242425,0.2547618227346959,0.6078469838121148,0.42719568157460686,0.27185019641486696,0.5930305670291518,0.45512132236522596,0.3031471219035175,0.6091910984288027,0.6086956521739131,0.3854189573888496,0.8029235760309856,0.6027075953651618,0.405936384007944,0.7789030946533215,0.6178176264631612,0.4245555382558886,0.7860715598699548,0.5109129214835285,0.3269511754931433,0.6786168968008279,0.5155030465604387,0.3346159041063219,0.6889092128698251,0.5185000000000001,0.335,0.6987
Isiro,2012-08-25,0.42424242424242425,0.2547618227346959,0.6078469838121148,0.42719568157460686,0.27185019641486696,0.5930305670291518,0.45512132236522596,0.3031471219035175,0.6091910984288027,0.6086956521739131,0.3854189573888496,0.8029235760309856,0.6027075953651618,0.405936384007944,0.7789030946533215,0.6178176264631612,0.4245555382558886,0.7860715598699548,0.5027060928619829,0.3215343187496904,0.6693827296177571,0.5074126040662228,0.3288247887553942,0.6800745768645658,0.5,0.3211,0.6789000000000001
Isiro,2012-08-26,0.42424242424242425,0.2547618227346959,0.6078469838121148,0.42719568157460686,0.27185019641486696,0.5930305670291518,0.45512132236522596,0.3031471219035175,0.6091910984288027,0.6086956521739131,0.3854189573888496,0.8029235760309856,0.6027075953651618,0.405936384007944,0.7789030946533215,0.6178176264631612,0.4245555382558886,0.7860715598699548,0.4945551480244281,0.3156987591583929,0.6605518995104904,0.4995278087656061,0.3227209950974635,0.671601010316968,0.5,0.3211,0.6789000000000001
Isiro,2012-08-27,0.4117647058823529,0.24647073529775065,0.5930305670291518,0.4151067737656038,0.2632272356988169,0.5788822781179002,0.4446279379800125,0.29459667210354273,0.5965767315373006,0.6086956521739131,0.3854189573888496,0.8029235760309856,0.6027075953651618,0.405936384007944,0.7789030946533215,0.6178176264631612,0.4245555382558886,0.7860715598699548,0.4865136467953612,0.31042500913383386,0.6527802084977321,0.49200067980571605,0.31662130449171355,0.6631617254027968,0.4828,0.3083,0.6602
Isiro,2012-08-28,0.47058823529411764,0.2977866664181964,0.6487071629485879,0.4717021627102264,0.3138285092147233,0.6335419828785478,0.49298853338704995,0.33897587954311303,0.6401820436858067,0.64,0.42520634955384945,0.8202831794163445,0.6328749306658896,0.4433280739576097,0.7977397563449796,0.6451598383656596,0.46068903047047793,0.8024507586849797,0.5452692538457753,0.3603287723019537,0.7105517962718685,0.5483398162787486,0.3729888890075455,0.7134375694498405,0.5517000000000001,0.37220000000000003,0.7225
Isiro,2012-08-29,0.47058823529411764,0.2977866664181964,0.6487071629485879,0.4717021627102264,0.3138285092147233,0.6335419828785478,0.49298853338704995,0.33897587954311303,0.6401820436858067,0.6153846153846154,0.40570753529859144,0.7977397563449796,0.6097287436049095,0.42367957250429583,0.7761027086494185,0.6230971975970467,0.4417863900758663,0.7806513880672612,0.5367847760870981,0.3542259771392768,0.7019291723999246,0.5397322094122485,0.36626430953098754,0.7044145247100315,0.5333,0.3577,0.7035
Isiro,2012-08-30,0.47058823529411764,0.2977866664181964,0.6487071629485879,0.4717021627102264,0.3138285092147233,0.6335419828785478,0.49298853338704995,0.33897587954311303,0.6401820436858067,0.6153846153846154,0.40570753529859144,0.7977397563449796,0.6097287436049095,0.42367957250429583,0.7761027086494185,0.6230971975970467,0.4417863900758663,0.7806513880672612,0.5285222805159365,0.348522072975389,0.6933719597575295,0.5313221074507564,0.3596780351664038,0.6960169538126825,0.5333,0.3577,0.7035
Isiro,2012-08-31,0.5,0.3242692700213209,0.675730729978679,0.5,0.33989141539097784,0.6601085846090222,0.5163941061180739,0.3608670963593641,0.6644976604432942,0.6296296296296297,0.42367957250429583,0.8059928412848649,0.6235004098683179,0.44065031274666655,0.784957170839039,0.6353848768495793,0.4599565251471602,0.7900040667522678,0.5506938701843385,0.3711668489364928,0.7116592484762475,0.5529265583799664,0.3810293061026287,0.7147620866246096,0.5484,0.37470000000000003,0.7144
Isiro,2012-09-01,0.4857142857142857,0.3138285092147233,0.6601085846090222,0.4862403901175916,0.3292217994577103,0.64513620146269,0.5042550966162076,0.35179041659028487,0.6517534279665337,0.6296296296296297,0.42367957250429583,0.8059928412848649,0.6235004098683179,0.44065031274666655,0.784957170839039,0.6353848768495793,0.4599565251471602,0.7900040667522678,0.5432927413593098,0.365809715885129,0.7037215760994968,0.5452878562058601,0.37560924725953343,0.7063039838415283,0.5484,0.37470000000000003,0.7144
Isiro,2012-09-02,0.4722222222222222,0.30405058871626633,0.64513620146269,0.47321771740167334,0.3192141064815403,0.6307804298934598,0.4944848079865949,0.3429883030504773,0.6376161911449123,0.6296296296296297,0.42367957250429583,0.8059928412848649,0.6235004098683179,0.44065031274666655,0.784957170839039,0.6353848768495793,0.4599565251471602,0.7900040667522678,0.5359298014444194,0.36079039190084233,0.6959937747648944,0.5389124076743785,0.3706826214340375,0.6992518242127241,0.5312,0.36110000000000003,0.6966
Isiro,2012-09-03,0.5,0.3292217994577103,0.6707782005422898,0.5,0.34399681566576623,0.6560031843342338,0.5157347209710508,0.3641393083198434,0.6607695346980306,0.6428571428571429,0.44065031274666655,0.8135933399995545,0.6363333819598953,0.4566942723320567,0.7931313005134929,0.6474803034882388,0.474245851276132,0.7972512220216811,0.5657135920532417,0.38977294483756986,0.7250341699438566,0.5703738034587437,0.39972560477998487,0.7270285086453968,0.5625,0.3909,0.7245
Isiro,2012-09-04,0.5,0.3292217994577103,0.6707782005422898,0.5,0.34399681566576623,0.6560031843342338,0.5157347209710508,0.3641393083198434,0.6607695346980306,0.6206896551724138,0.4226046406644011,0.7931313005134929,0.6153611558290413,0.43855984901195755,0.7734423511714064,0.6271500778226194,0.4563933134160262,0.7774168731870319,0.5595981532257476,0.3842292448525122,0.7189064263448796,0.5633527667588678,0.39434785793844634,0.7206888852558077,0.5625,0.3909,0.7245
Isiro,2012-09-05,0.4864864864864865,0.3192141064815403,0.6560031843342338,0.48695810362941644,0.33378900611309653,0.6418165637394962,0.5057276154135438,0.3558117374292767,0.6468578094786827,0.6206896551724138,0.4226046406644011,0.7931313005134929,0.6153611558290413,0.43855984901195755,0.7734423511714064,0.6271500778226194,0.4563933134160262,0.7774168731870319,0.5537449579128013,0.3797373676262865,0.7128125853013865,0.5568422406822278,0.38914863572408426,0.714572992294574,0.5625,0.3909,0.7245
Isiro,2012-09-06,0.4864864864864865,0.3192141064815403,0.6560031843342338,0.48695810362941644,0.33378900611309653,0.6418165637394962,0.5057276154135438,0.3558117374292767,0.6468578094786827,0.6206896551724138,0.4226046406644011,0.7931313005134929,0.6153611558290413,0.43855984901195755,0.7734423511714064,0.6271500778226194,0.4563933134160262,0.7774168731870319,0.547917735113356,0.3755181025189243,0.706340467488181,0.5508759148752946,0.3846060271340608,0.7077727181718504,0.5455,0.3771,0.7070000000000001
Isiro,2012-09-07,0.47368421052631576,0.3098073016082087,0.6418165637394962,0.4745792046368734,0.32418078096560754,0.6281892527934811,0.49421157176392544,0.348147893353279,0.6361695856000141,0.6206896551724138,0.4226046406644011,0.7931313005134929,0.6153611558290413,0.43855984901195755,0.7734423511714064,0.6271500778226194,0.4563933134160262,0.7774168731870319,0.5423463584082058,0.37147124659685427,0.6996569512308819,0.5424644416484051,0.3796427804556522,0.7010830546268894,0.5455,0.3771,0.7070000000000001
Isiro,2012-09-08,0.48717948717948717,0.32418078096560754,0.6521977906426591,0.4876046636677924,0.3380178137372346,0.6387198647359378,0.5029670279208309,0.3628533391275016,0.6383029844576686,0.6333333333333333,0.43855984901195755,0.8007013749879655,0.6276349721807993,0.45369560195063835,0.7815004015014309,0.6383000771568101,0.4707976854037738,0.7857343578828797,0.5636094056376085,0.39014127283550787,0.7119061867710923,0.5651458982434916,0.40116098271912637,0.7201965876325975,0.5758,0.4063,0.7339
Isiro,2012-09-09,0.48717948717948717,0.32418078096560754,0.6521977906426591,0.4876046636677924,0.3380178137372346,0.6387198647359378,0.5029670279208309,0.3628533391275016,0.6383029844576686,0.6333333333333333,0.43855984901195755,0.8007013749879655,0.6276349721807993,0.45369560195063835,0.7815004015014309,0.6383000771568101,0.4707976854037738,0.7857343578828797,0.5575592079212888,0.3858330174976599,0.706293935859393,0.559404320317199,0.39650850090874884,0.7142423621935726,0.5588000000000001,0.39230000000000004,0.7168
Isiro,2012-09-10,0.5,0.3380178137372346,0.6619821862627655,0.5,0.3513423938174159,0.6486576061825841,0.5131831246198815,0.3745877637070484,0.6461661980942378,0.625,0.43692245509692657,0.7889996835760071,0.619979714601988,0.4512453552173483,0.7709337616357992,0.6315254317773937,0.470698452441013,0.7792594950921244,0.5825727661477653,0.42281837077439655,0.7313748611764185,0.5847192945773352,0.42074712463838554,0.7382525461461517,0.5882000000000001,0.42100000000000004,0.7427
Isiro,2012-09-11,0.5,0.3380178137372346,0.6619821862627655,0.5,0.3513423938174159,0.6486576061825841,0.5131831246198815,0.3745877637070484,0.6461661980942378,0.625,0.43692245509692657,0.7889996835760071,0.619979714601988,0.4512453552173483,0.7709337616357992,0.6315254317773937,0.470698452441013,0.7792594950921244,0.5762518938835,0.41625118257354327,0.7246853438061311,0.5783323861953727,0.41558245328139737,0.7323541085201692,0.5882000000000001,0.42100000000000004,0.7427
Isiro,2012-09-12,0.47619047619047616,0.32004050886022595,0.6358220290786671,0.4769252695692889,0.3330513538648937,0.6234527398899243,0.4922703782645248,0.35748927419000476,0.6246880048916391,0.625,0.43692245509692657,0.7889996835760071,0.619979714601988,0.4512453552173483,0.7709337616357992,0.6315254317773937,0.470698452441013,0.7792594950921244,0.5695221495878618,0.41134138979205437,0.7187516988693983,0.5719961408702137,0.4103078087661598,0.725702045937524,0.5714,0.40690000000000004,0.7259
Isiro,2012-09-13,0.46511627906976744,0.31176187902234953,0.6234527398899243,0.4661684915718464,0.324614216397083,0.6115278775270836,0.4826500198362311,0.34902297277426975,0.6142223650001196,0.625,0.43692245509692657,0.7889996835760071,0.619979714601988,0.4512453552173483,0.7709337616357992,0.6315254317773937,0.470698452441013,0.7792594950921244,0.5627257954914233,0.40645040720105485,0.7112698891195017,0.5652433745767658,0.4049639676256324,0.7187449073565255,0.5714,0.40690000000000004,0.7259
Isiro,2012-09-14,0.45454545454545453,0.3039071135156736,0.6115278775270836,0.4558862022979732,0.3166008229974236,0.6000265035963211,0.47334248611594754,0.3412058319634475,0.6041531392435091,0.625,0.43692245509692657,0.7889996835760071,0.619979714601988,0.4512453552173483,0.7709337616357992,0.6315254317773937,0.470698452441013,0.7792594950921244,0.5556162510724865,0.400722176438446,0.7041116342005519,0.5586420635855067,0.399373997471786,0.7114253901954967,0.5556,0.3937,0.7098
Isiro,2012-09-15,0.4666666666666667,0.3166008229974236,0.6212799839125356,0.46762859460967204,0.3288786869273401,0.6098662880709282,0.483195698700679,0.3522449302226011,0.612358819568171,0.6363636363636364,0.4512453552173483,0.79599692554488,0.6310468539523963,0.46488637089104207,0.7783345695745032,0.6418081748796248,0.48359796115385545,0.785998254383039,0.5733619832392496,0.41589201299039513,0.719784477374875,0.5757716717143548,0.42121094230346906,0.72716856632858,0.5833,0.4208,0.7344
Isiro,2012-09-16,0.4666666666666667,0.3166008229974236,0.6212799839125356,0.46762859460967204,0.3288786869273401,0.6098662880709282,0.483195698700679,0.3522449302226011,0.612358819568171,0.6363636363636364,0.4512453552173483,0.79599692554488,0.6310468539523963,0.46488637089104207,0.7783345695745032,0.6418081748796248,0.48359796115385545,0.785998254383039,0.5652696755348324,0.40904617864378273,0.7114487286850129,0.5683601105386322,0.4136379123196823,0.718847550359075,0.5676,0.40750000000000003,0.7186
Isiro,2012-09-17,0.45652173913043476,0.30897944890535695,0.6098662880709282,0.4577498584855421,0.3211152685157395,0.5988427704346428,0.47431551597657234,0.34480171733157183,0.6027266236459171,0.6363636363636364,0.4512453552173483,0.79599692554488,0.6310468539523963,0.46488637089104207,0.7783345695745032,0.6418081748796248,0.48359796115385545,0.785998254383039,0.5568469407843506,0.40182601192610357,0.7026050698595112,0.560123980993688,0.4060897551181364,0.7103613945692483,0.5676,0.40750000000000003,0.7186
Isiro,2012-09-18,0.45652173913043476,0.30897944890535695,0.6098662880709282,0.4577498584855421,0.3211152685157395,0.5988427704346428,0.47431551597657234,0.34480171733157183,0.6027266236459171,0.6363636363636364,0.4512453552173483,0.79599692554488,0.6310468539523963,0.46488637089104207,0.7783345695745032,0.6418081748796248,0.48359796115385545,0.785998254383039,0.5483657084936832,0.39421477150081913,0.6933786415019116,0.5515990179502754,0.39880940983455815,0.7010142892291772,0.5526,0.3951,0.7033
Isiro,2012-09-19,0.45652173913043476,0.30897944890535695,0.6098662880709282,0.4577498584855421,0.3211152685157395,0.5988427704346428,0.47431551597657234,0.34480171733157183,0.6027266236459171,0.6363636363636364,0.4512453552173483,0.79599692554488,0.6310468539523963,0.46488637089104207,0.7783345695745032,0.6418081748796248,0.48359796115385545,0.785998254383039,0.5396601814187473,0.3868141046318416,0.6833587074095522,0.5427190033893654,0.3918823647053498,0.6919960587029387,0.5526,0.3951,0.7033
Isiro,2012-09-20,0.4782608695652174,0.3288786869273401,0.6305435264300165,0.47887492116247377,0.3407569648348978,0.6192221102081308,0.49313478718293857,0.3631887556770567,0.6203897566695903,0.6470588235294118,0.46488637089104207,0.8025413520876576,0.6414876786822659,0.47789001660647873,0.785267881885611,0.6516608965240593,0.49639892196949575,0.7926317164606022,0.5546286340402249,0.40229141499488197,0.697560786504738,0.5570742130225976,0.406012181709194,0.7039228420686847,0.5641,0.4082,0.7118
Isiro,2012-09-21,0.46808510638297873,0.3211152685157395,0.6192221102081308,0.46896789079458523,0.33286633621366873,0.6082780024010915,0.4838593026699196,0.3551632081448222,0.6105009057529874,0.6470588235294118,0.46488637089104207,0.8025413520876576,0.6414876786822659,0.47789001660647873,0.785267881885611,0.6516608965240593,0.49639892196949575,0.7926317164606022,0.5456881608182689,0.395814261846395,0.6878078144114258,0.5478113325448315,0.39789746825516475,0.6938568245857419,0.55,0.39640000000000003,0.6974
Isiro,2012-09-22,0.4583333333333333,0.31371542207217545,0.6082780024010915,0.45946244281485155,0.3253387251165537,0.5976945608901219,0.475239443205705,0.34806669857491496,0.6013877080750564,0.6470588235294118,0.46488637089104207,0.8025413520876576,0.6414876786822659,0.47789001660647873,0.785267881885611,0.6516608965240593,0.49639892196949575,0.7926317164606022,0.537413838757821,0.3888497148162995,0.678735997932822,0.5417564920287874,0.3898358416488407,0.6926904685138966,0.5366000000000001,0.38530000000000003,0.6834
Isiro,2012-09-23,0.4583333333333333,0.31371542207217545,0.6082780024010915,0.45946244281485155,0.3253387251165537,0.5976945608901219,0.475239443205705,0.34806669857491496,0.6013877080750564,0.6470588235294118,0.46488637089104207,0.8025413520876576,0.6414876786822659,0.47789001660647873,0.785267881885611,0.6516608965240593,0.49639892196949575,0.7926317164606022,0.5287810296423843,0.38154536774543907,0.672075578524774,0.5333080922434865,0.38298472453712923,0.6838350230619475,0.5366000000000001,0.38530000000000003,0.6834
Isiro,2012-09-24,0.4583333333333333,0.31371542207217545,0.6082780024010915,0.45946244281485155,0.3253387251165537,0.5976945608901219,0.475239443205705,0.34806669857491496,0.6013877080750564,0.6470588235294118,0.46488637089104207,0.8025413520876576,0.6414876786822659,0.47789001660647873,0.785267881885611,0.6516608965240593,0.49639892196949575,0.7926317164606022,0.5210260452024307,0.3754485244392039,0.6641928037811412,0.5254693440207372,0.37654226716945954,0.6756211452287674,0.5238,0.3748,0.67
Isiro,2012-09-25,0.4583333333333333,0.31371542207217545,0.6082780024010915,0.45946244281485155,0.3253387251165537,0.5976945608901219,0.475239443205705,0.34806669857491496,0.6013877080750564,0.6470588235294118,0.46488637089104207,0.8025413520876576,0.6414876786822659,0.47789001660647873,0.785267881885611,0.6516608965240593,0.49639892196949575,0.7926317164606022,0.5136218785975624,0.369888103501149,0.656092269954715,0.5180479258389753,0.37117111226115607,0.6672331992116584,0.5116,0.3649,0.657
Isiro,2012-09-26,0.4583333333333333,0.31371542207217545,0.6082780024010915,0.45946244281485155,0.3253387251165537,0.5976945608901219,0.475239443205705,0.34806669857491496,0.6013877080750564,0.6470588235294118,0.46488637089104207,0.8025413520876576,0.6414876786822659,0.47789001660647873,0.785267881885611,0.6516608965240593,0.49639892196949575,0.7926317164606022,0.5067778432735837,0.3649696129022619,0.645160517511379,0.5114699468061366,0.36543337396423253,0.660234114504124,0.5116,0.3649,0.657
Isiro,2012-09-27,0.4791666666666667,0.33286633621366873,0.6281298322583455,0.4797312148426597,0.34424742308761874,0.6172692650662402,0.4934340105585238,0.36560831008787076,0.6182280019137182,0.6571428571428571,0.47789001660647873,0.8086758978117342,0.6513538871018046,0.49029745334810876,0.7917770529134073,0.6610460403710332,0.5085683407020407,0.7981421029863709,0.5206705244082614,0.3782758763749698,0.6567724911241585,0.5248840337959995,0.3792281780475614,0.671451942555681,0.5227,0.3771,0.6658000000000001
Isiro,2012-09-28,0.5416666666666666,0.39172199759890847,0.6862845779278246,0.5405375571851483,0.40230543910987826,0.6746612748834462,0.5471884613963289,0.419832228001463,0.6680097527295015,0.6842105263157895,0.5134729455939784,0.8249746610988732,0.6779429680822476,0.5243086084583156,0.809119020953654,0.6865520850928775,0.5422510748107496,0.8147499797581966,0.5818148842323905,0.43716118418630057,0.7153977737622239,0.5835240488959132,0.4433580305162235,0.7182068919491054,0.5909,0.4436,0.7279
Isiro,2012-09-29,0.5416666666666666,0.39172199759890847,0.6862845779278246,0.5405375571851483,0.40230543910987826,0.6746612748834462,0.5471884613963289,0.419832228001463,0.6680097527295015,0.6842105263157895,0.5134729455939784,0.8249746610988732,0.6779429680822476,0.5243086084583156,0.809119020953654,0.6865520850928775,0.5422510748107496,0.8147499797581966,0.575602564001952,0.43214018116053027,0.7095596596712807,0.5794554830671903,0.4324848303406022,0.7205002657760841,0.5778,0.43220000000000003,0.7147
Isiro,2012-09-30,0.5306122448979592,0.3827307349337596,0.6746612748834462,0.5297992234577371,0.3932419761169223,0.66339490839654,0.5375496026336575,0.41058919572964225,0.6583647940290636,0.6842105263157895,0.5134729455939784,0.8249746610988732,0.6779429680822476,0.5243086084583156,0.809119020953654,0.6865520850928775,0.5422510748107496,0.8147499797581966,0.5703273990149327,0.4280676596574781,0.7039118049177998,0.5739109361428164,0.4277063794664978,0.71397351940448,0.5778,0.43220000000000003,0.7147
Isiro,2012-10-01,0.5306122448979592,0.3827307349337596,0.6746612748834462,0.5297992234577371,0.3932419761169223,0.66339490839654,0.5375496026336575,0.41058919572964225,0.6583647940290636,0.6842105263157895,0.5134729455939784,0.8249746610988732,0.6779429680822476,0.5243086084583156,0.809119020953654,0.6865520850928775,0.5422510748107496,0.8147499797581966,0.5653190150552629,0.4241833010126657,0.6983450582085884,0.5688682701618986,0.42328752905547373,0.7089034547500438,0.5652,0.4214,0.7019000000000001
Isiro,2012-10-02,0.5306122448979592,0.3827307349337596,0.6746612748834462,0.5297992234577371,0.3932419761169223,0.66339490839654,0.5375496026336575,0.41058919572964225,0.6583647940290636,0.6842105263157895,0.5134729455939784,0.8249746610988732,0.6779429680822476,0.5243086084583156,0.809119020953654,0.6865520850928775,0.5422510748107496,0.8147499797581966,0.5609388236173221,0.42036604476970396,0.6928318136853274,0.5643424309931013,0.4189668135363397,0.7034847352288941,0.5652,0.4214,0.7019000000000001
Isiro,2012-10-03,0.5306122448979592,0.3827307349337596,0.6746612748834462,0.5297992234577371,0.3932419761169223,0.66339490839654,0.5375496026336575,0.41058919572964225,0.6583647940290636,0.6842105263157895,0.5134729455939784,0.8249746610988732,0.6779429680822476,0.5243086084583156,0.809119020953654,0.6865520850928775,0.5422510748107496,0.8147499797581966,0.5570048883819854,0.4170920250490694,0.6881728419584169,0.5606622165909692,0.4154594715549413,0.6996651580347384,0.5532,0.4111,0.6896
Isiro,2012-10-04,0.5306122448979592,0.3827307349337596,0.6746612748834462,0.5297992234577371,0.3932419761169223,0.66339490839654,0.5375496026336575,0.41058919572964225,0.6583647940290636,0.6842105263157895,0.5134729455939784,0.8249746610988732,0.6779429680822476,0.5243086084583156,0.809119020953654,0.6865520850928775,0.5422510748107496,0.8147499797581966,0.5534902833717752,0.41460624942332847,0.683968493186427,0.557180191408553,0.41306508363016176,0.6961534998032921,0.5532,0.4111,0.6896
Isiro,2012-10-05,0.5306122448979592,0.3827307349337596,0.6746612748834462,0.5297992234577371,0.3932419761169223,0.66339490839654,0.5375496026336575,0.41058919572964225,0.6583647940290636,0.6842105263157895,0.5134729455939784,0.8249746610988732,0.6779429680822476,0.5243086084583156,0.809119020953654,0.6865520850928775,0.5422510748107496,0.8147499797581966,0.5514525422496468,0.4127804290024198,0.6797440311519513,0.5539463709219208,0.4107792644524606,0.6925826878874781,0.5532,0.4111,0.6896
Isiro,2012-10-06,0.5306122448979592,0.3827307349337596,0.6746612748834462,0.5297992234577371,0.3932419761169223,0.66339490839654,0.5375496026336575,0.41058919572964225,0.6583647940290636,0.6842105263157895,0.5134729455939784,0.8249746610988732,0.6779429680822476,0.5243086084583156,0.809119020953654,0.6865520850928775,0.5422510748107496,0.8147499797581966,0.548662460134962,0.4068442752728875,0.6767479175222058,0.550873284857894,0.4085723733878211,0.689140180631088,0.5532,0.4111,0.6896
Isiro,2012-10-07,0.5306122448979592,0.3827307349337596,0.6746612748834462,0.5297992234577371,0.3932419761169223,0.66339490839654,0.5375496026336575,0.41058919572964225,0.6583647940290636,0.6842105263157895,0.5134729455939784,0.8249746610988732,0.6779429680822476,0.5243086084583156,0.809119020953654,0.6865520850928775,0.5422510748107496,0.8147499797581966,0.5459626280183756,0.4048958437425776,0.6740274952887981,0.5479075816353112,0.40667554931377536,0.6864638720533194,0.5417000000000001,0.40140000000000003,0.6776
Isiro,2012-10-08,0.5306122448979592,0.3827307349337596,0.6746612748834462,0.5297992234577371,0.3932419761169223,0.66339490839654,0.5375496026336575,0.41058919572964225,0.6583647940290636,0.6842105263157895,0.5134729455939784,0.8249746610988732,0.6779429680822476,0.5243086084583156,0.809119020953654,0.6865520850928775,0.5422510748107496,0.8147499797581966,0.5439334053298812,0.4035800709460436,0.6698177110554405,0.5455570936688763,0.4042529236585637,0.6840986731361487,0.5417000000000001,0.40140000000000003,0.6776
Isiro,2012-10-09,0.5510204081632653,0.40230543910987826,0.6933462477210417,0.5496653525328274,0.4125441229416732,0.6818508214313913,0.5553109242959444,0.4280147373555959,0.6744073640527192,0.6923076923076923,0.5243086084583156,0.8298040970353053,0.6859271461134275,0.5346837147458767,0.8142710332366502,0.6940004488121205,0.5527125430703803,0.8193393193015709,0.5617700798907281,0.41960317385804424,0.6864448131732884,0.5628036439715035,0.4221840341320171,0.7004304832116648,0.5625,0.4217,0.6968000000000001
Isiro,2012-10-10,0.54,0.3932419761169223,0.6818508214313913,0.5389583922122773,0.4034188229047924,0.6706998512140748,0.5455083141026112,0.4203214613432899,0.664845995097915,0.675,0.5087051245215516,0.8142710332366502,0.6693351477762965,0.5191336131610755,0.799165886282918,0.6782384884585885,0.5371796820341512,0.8049356891506073,0.5600071141430552,0.4177305418088813,0.684557310812365,0.5608516170416992,0.4205632782572146,0.6984826251616233,0.5625,0.4217,0.6968000000000001
Isiro,2012-10-11,0.54,0.3932419761169223,0.6818508214313913,0.5389583922122773,0.4034188229047924,0.6706998512140748,0.5455083141026112,0.4203214613432899,0.664845995097915,0.675,0.5087051245215516,0.8142710332366502,0.6693351477762965,0.5191336131610755,0.799165886282918,0.6782384884585885,0.5371796820341512,0.8049356891506073,0.558231831022558,0.41619551256344495,0.682951323548598,0.5593087381130857,0.4191454396187484,0.696690290728466,0.5625,0.4217,0.6968000000000001
Isiro,2012-10-12,0.5294117647058824,0.3845872630627034,0.6706998512140748,0.528660551659436,0.39469822911185726,0.6598808488794332,0.5362661230936383,0.4116276214815929,0.6552073069465876,0.675,0.5087051245215516,0.8142710332366502,0.6693351477762965,0.5191336131610755,0.799165886282918,0.6782384884585885,0.5371796820341512,0.8049356891506073,0.5567915626333664,0.41490544674801555,0.6815010730144269,0.557858353955909,0.41786085303835724,0.6951492940606243,0.5625,0.4217,0.6968000000000001
Isiro,2012-10-13,0.5294117647058824,0.3845872630627034,0.6706998512140748,0.528660551659436,0.39469822911185726,0.6598808488794332,0.5362661230936383,0.4116276214815929,0.6552073069465876,0.675,0.5087051245215516,0.8142710332366502,0.6693351477762965,0.5191336131610755,0.799165886282918,0.6782384884585885,0.5371796820341512,0.8049356891506073,0.5552557659534065,0.4137301960192532,0.6802047410822479,0.556286135727863,0.4166265107118888,0.6938546012008427,0.551,0.41190000000000004,0.6849000000000001
Isiro,2012-10-14,0.5294117647058824,0.3845872630627034,0.6706998512140748,0.528660551659436,0.39469822911185726,0.6598808488794332,0.5362661230936383,0.4116276214815929,0.6552073069465876,0.675,0.5087051245215516,0.8142710332366502,0.6693351477762965,0.5191336131610755,0.799165886282918,0.6782384884585885,0.5371796820341512,0.8049356891506073,0.554445211832581,0.4146891410191914,0.6780316108519872,0.5547726869793327,0.41535091468624885,0.6925771640418715,0.551,0.41190000000000004,0.6849000000000001
Isiro,2012-10-15,0.5294117647058824,0.3845872630627034,0.6706998512140748,0.528660551659436,0.39469822911185726,0.6598808488794332,0.5362661230936383,0.4116276214815929,0.6552073069465876,0.675,0.5087051245215516,0.8142710332366502,0.6693351477762965,0.5191336131610755,0.799165886282918,0.6782384884585885,0.5371796820341512,0.8049356891506073,0.5528897495803433,0.4130168546856986,0.6764193473814454,0.5532492187722424,0.4140848943110038,0.6911950742915429,0.551,0.41190000000000004,0.6849000000000001
Isiro,2012-10-16,0.5294117647058824,0.3845872630627034,0.6706998512140748,0.528660551659436,0.39469822911185726,0.6598808488794332,0.5362661230936383,0.4116276214815929,0.6552073069465876,0.675,0.5087051245215516,0.8142710332366502,0.6693351477762965,0.5191336131610755,0.799165886282918,0.6782384884585885,0.5371796820341512,0.8049356891506073,0.5511348606827576,0.4112932974278769,0.6745977389129687,0.5516961438476455,0.4126875216941893,0.6896067500028321,0.551,0.41190000000000004,0.6849000000000001
Isiro,2012-10-17,0.5294117647058824,0.3845872630627034,0.6706998512140748,0.528660551659436,0.39469822911185726,0.6598808488794332,0.5362661230936383,0.4116276214815929,0.6552073069465876,0.675,0.5087051245215516,0.8142710332366502,0.6693351477762965,0.5191336131610755,0.799165886282918,0.6782384884585885,0.5371796820341512,0.8049356891506073,0.5491789865612804,0.4095388490358909,0.6724655363634413,0.5498915219238951,0.41131323635147576,0.6877971305080403,0.551,0.41190000000000004,0.6849000000000001
Isiro,2012-10-18,0.5294117647058824,0.3845872630627034,0.6706998512140748,0.528660551659436,0.39469822911185726,0.6598808488794332,0.5362661230936383,0.4116276214815929,0.6552073069465876,0.675,0.5087051245215516,0.8142710332366502,0.6693351477762965,0.5191336131610755,0.799165886282918,0.6782384884585885,0.5371796820341512,0.8049356891506073,0.5472104393494786,0.4079747280119638,0.6703507741617436,0.5481009094704584,0.40970525594372337,0.6858125150364319,0.551,0.41190000000000004,0.6849000000000001
Isiro,2012-10-19,0.5294117647058824,0.3845872630627034,0.6706998512140748,0.528660551659436,0.39469822911185726,0.6598808488794332,0.5362661230936383,0.4116276214815929,0.6552073069465876,0.675,0.5087051245215516,0.8142710332366502,0.6693351477762965,0.5191336131610755,0.799165886282918,0.6782384884585885,0.5371796820341512,0.8049356891506073,0.5452181233035689,0.40646853493350016,0.6683270276449196,0.5462923429405735,0.40792613607385264,0.6837266167417324,0.551,0.41190000000000004,0.6849000000000001
Isiro,2012-10-20,0.5294117647058824,0.3845872630627034,0.6706998512140748,0.528660551659436,0.39469822911185726,0.6598808488794332,0.5362661230936383,0.4116276214815929,0.6552073069465876,0.675,0.5087051245215516,0.8142710332366502,0.6693351477762965,0.5191336131610755,0.799165886282918,0.6782384884585885,0.5371796820341512,0.8049356891506073,0.5432476005828444,0.4051036602413493,0.6662616903748039,0.544134473622702,0.40616059514474084,0.6816255347845382,0.54,0.4025,0.6735
Isiro,2012-10-21,0.5294117647058824,0.3845872630627034,0.6706998512140748,0.528660551659436,0.39469822911185726,0.6598808488794332,0.5362661230936383,0.4116276214815929,0.6552073069465876,0.675,0.5087051245215516,0.8142710332366502,0.6693351477762965,0.5191336131610755,0.799165886282918,0.6782384884585885,0.5371796820341512,0.8049356891506073,0.5412859037038786,0.4038870636224979,0.6643444623733853,0.5420015662046317,0.4046382004093267,0.6795896007004297,0.54,0.4025,0.6735
Isiro,2012-10-22,0.5294117647058824,0.3845872630627034,0.6706998512140748,0.528660551659436,0.39469822911185726,0.6598808488794332,0.5362661230936383,0.4116276214815929,0.6552073069465876,0.675,0.5087051245215516,0.8142710332366502,0.6693351477762965,0.5191336131610755,0.799165886282918,0.6782384884585885,0.5371796820341512,0.8049356891506073,0.5395253972511427,0.40270483656442235,0.6625288033458542,0.5401465289150373,0.4032812255894779,0.6776828245679472,0.54,0.4025,0.6735
Isiro,2012-10-23,0.5294117647058824,0.3845872630627034,0.6706998512140748,0.528660551659436,0.39469822911185726,0.6598808488794332,0.5362661230936383,0.4116276214815929,0.6552073069465876,0.675,0.5087051245215516,0.8142710332366502,0.6693351477762965,0.5191336131610755,0.799165886282918,0.6782384884585885,0.5371796820341512,0.8049356891506073,0.5379211309402513,0.40139625827483677,0.6608367874301173,0.5385748350673214,0.40205130785208654,0.6758361152380398,0.54,0.4025,0.6735
Isiro,2012-10-24,0.5294117647058824,0.3845872630627034,0.6706998512140748,0.528660551659436,0.39469822911185726,0.6598808488794332,0.5362661230936383,0.4116276214815929,0.6552073069465876,0.675,0.5087051245215516,0.8142710332366502,0.6693351477762965,0.5191336131610755,0.799165886282918,0.6782384884585885,0.5371796820341512,0.8049356891506073,0.5364243730276186,0.4001726088205357,0.6594047765425122,0.5370508177668067,0.4009540475448213,0.67416417534675,0.54,0.4025,0.6735
Isiro,2012-10-25,0.5294117647058824,0.3845872630627034,0.6706998512140748,0.528660551659436,0.39469822911185726,0.6598808488794332,0.5362661230936383,0.4116276214815929,0.6552073069465876,0.675,0.5087051245215516,0.8142710332366502,0.6693351477762965,0.5191336131610755,0.799165886282918,0.6782384884585885,0.5371796820341512,0.8049356891506073,0.5350936834800628,0.3990529614533913,0.658168370256764,0.5360231117205746,0.399988432301074,0.6726525805755593,0.54,0.4025,0.6735
Isiro,2012-10-26,0.5294117647058824,0.3845872630627034,0.6706998512140748,0.528660551659436,0.39469822911185726,0.6598808488794332,0.5362661230936383,0.4116276214815929,0.6552073069465876,0.675,0.5087051245215516,0.8142710332366502,0.6693351477762965,0.5191336131610755,0.799165886282918,0.6782384884585885,0.5371796820341512,0.8049356891506073,0.5339997578377971,0.39804964237954926,0.6571174427454096,0.5351451230351476,0.39914871577876615,0.6715306681856911,0.5294,0.3936,0.6623
Isiro,2012-10-27,0.5294117647058824,0.3845872630627034,0.6706998512140748,0.528660551659436,0.39469822911185726,0.6598808488794332,0.5362661230936383,0.4116276214815929,0.6552073069465876,0.675,0.5087051245215516,0.8142710332366502,0.6693351477762965,0.5191336131610755,0.799165886282918,0.6782384884585885,0.5371796820341512,0.8049356891506073,0.5332585015636537,0.3971672171404021,0.6562348622156357,0.5342223649672677,0.3984260511073913,0.6706835191772648,0.5294,0.3936,0.6623
Isiro,2012-10-28,0.5294117647058824,0.3845872630627034,0.6706998512140748,0.528660551659436,0.39469822911185726,0.6598808488794332,0.5362661230936383,0.4116276214815929,0.6552073069465876,0.675,0.5087051245215516,0.8142710332366502,0.6693351477762965,0.5191336131610755,0.799165886282918,0.6782384884585885,0.5371796820341512,0.8049356891506073,0.5324394272745971,0.3964040152631353,0.6553844834874321,0.5331680985929663,0.397809811129317,0.6699346145403107,0.5294,0.3936,0.6623
Isiro,2012-10-29,0.5294117647058824,0.3845872630627034,0.6706998512140748,0.528660551659436,0.39469822911185726,0.6598808488794332,0.5362661230936383,0.4116276214815929,0.6552073069465876,0.675,0.5087051245215516,0.8142710332366502,0.6693351477762965,0.5191336131610755,0.799165886282918,0.6782384884585885,0.5371796820341512,0.8049356891506073,0.5317740468465159,0.3957537970209186,0.6546666556708175,0.5322635379943279,0.3972885954481688,0.6691112671466573,0.5294,0.3936,0.6623
Isiro,2012-10-30,0.5294117647058824,0.3845872630627034,0.6706998512140748,0.528660551659436,0.39469822911185726,0.6598808488794332,0.5362661230936383,0.4116276214815929,0.6552073069465876,0.675,0.5087051245215516,0.8142710332366502,0.6693351477762965,0.5191336131610755,0.799165886282918,0.6782384884585885,0.5371796820341512,0.8049356891506073,0.53134608241983,0.39520731545668447,0.654097378800548,0.5316723173797103,0.3969345448609929,0.6683917206264294,0.5294,0.3936,0.6623
Isiro,2012-10-31,0.5294117647058824,0.3845872630627034,0.6706998512140748,0.528660551659436,0.39469822911185726,0.6598808488794332,0.5362661230936383,0.4116276214815929,0.6552073069465876,0.675,0.5087051245215516,0.8142710332366502,0.6693351477762965,0.5191336131610755,0.799165886282918,0.6782384884585885,0.5371796820341512,0.8049356891506073,0.5309524145641458,0.39475364351820474,0.6536514682722562,0.5312790682109578,0.3967132812010475,0.6678272803634988,0.5294,0.3936,0.6623
Isiro,2012-11-01,0.5294117647058824,0.3845872630627034,0.6706998512140748,0.528660551659436,0.39469822911185726,0.6598808488794332,0.5362661230936383,0.4116276214815929,0.6552073069465876,0.675,0.5087051245215516,0.8142710332366502,0.6693351477762965,0.5191336131610755,0.799165886282918,0.6782384884585885,0.5371796820341512,0.8049356891506073,0.5305989792788319,0.3943812183408721,0.6533060840707552,0.5309198964916644,0.3964296709544556,0.667390724235697,0.5294,0.3936,0.6623
Isiro,2012-11-02,0.5294117647058824,0.3845872630627034,0.6706998512140748,0.528660551659436,0.39469822911185726,0.6598808488794332,0.5362661230936383,0.4116276214815929,0.6552073069465876,0.675,0.5087051245215516,0.8142710332366502,0.6693351477762965,0.5191336131610755,0.799165886282918,0.6782384884585885,0.5371796820341512,0.8049356891506073,0.5303034976356653,0.39409130698733036,0.653041277275555,0.5307729671193576,0.39613586637095993,0.667057347311457,0.5294,0.3936,0.6623
Isiro,2012-11-03,0.5294117647058824,0.3845872630627034,0.6706998512140748,0.528660551659436,0.39469822911185726,0.6598808488794332,0.5362661230936383,0.4116276214815929,0.6552073069465876,0.675,0.5087051245215516,0.8142710332366502,0.6693351477762965,0.5191336131610755,0.799165886282918,0.6782384884585885,0.5371796820341512,0.8049356891506073,0.5300573006689766,0.3939114680733056,0.6528401305894009,0.5306089042488003,0.39589597538670046,0.6668056643255041,0.5294,0.3936,0.6623
Isiro,2012-11-04,0.5294117647058824,0.3845872630627034,0.6706998512140748,0.528660551659436,0.39469822911185726,0.6598808488794332,0.5362661230936383,0.4116276214815929,0.6552073069465876,0.675,0.5087051245215516,0.8142710332366502,0.6693351477762965,0.5191336131610755,0.799165886282918,0.6782384884585885,0.5371796820341512,0.8049356891506073,0.5298753758727974,0.393765056899314,0.6526886376886237,0.530418016664224,0.3957012847418537,0.6666176036254067,0.5294,0.3936,0.6623
Isiro,2012-11-05,0.5294117647058824,0.3845872630627034,0.6706998512140748,0.528660551659436,0.39469822911185726,0.6598808488794332,0.5362661230936383,0.4116276214815929,0.6552073069465876,0.675,0.5087051245215516,0.8142710332366502,0.6693351477762965,0.5191336131610755,0.799165886282918,0.6782384884585885,0.5371796820341512,0.8049356891506073,0.5297582491896253,0.39364634579988483,0.6525754323817504,0.5303081143067092,0.3955441576934539,0.6664783722856625,0.5294,0.3936,0.6623
Isiro,2012-11-06,0.5294117647058824,0.3845872630627034,0.6706998512140748,0.528660551659436,0.39469822911185726,0.6598808488794332,0.5362661230936383,0.4116276214815929,0.6552073069465876,0.675,0.5087051245215516,0.8142710332366502,0.6693351477762965,0.5191336131610755,0.799165886282918,0.6782384884585885,0.5371796820341512,0.8049356891506073,0.5296572430436182,0.3935504566460888,0.6524914471703517,0.5302659183998364,0.39541800148918693,0.6663761332671788,0.5294,0.3936,0.6623
Isiro,2012-11-07,0.5294117647058824,0.3845872630627034,0.6706998512140748,0.528660551659436,0.39469822911185726,0.6598808488794332,0.5362661230936383,0.4116276214815929,0.6552073069465876,0.675,0.5087051245215516,0.8142710332366502,0.6693351477762965,0.5191336131610755,0.799165886282918,0.6782384884585885,0.5371796820341512,0.8049356891506073,0.5294878286529103,0.3934732722837346,0.6524295545829639,0.530233605077721,0.3953171977638115,0.6662179777925767,0.5294,0.3936,0.6623
Isiro,2012-11-08,0.5192307692307693,0.3763134894369867,0.6598808488794332,0.5187488249547709,0.3863552071940994,0.6493815602893603,0.5275159935372691,0.40341862599879197,0.6462181236056898,0.675,0.5087051245215516,0.8142710332366502,0.6693351477762965,0.5191336131610755,0.799165886282918,0.6782384884585885,0.5371796820341512,0.8049356891506073,0.5293438600475009,0.3934113453686235,0.652384224312906,0.5302088507686604,0.39523701196484506,0.6660731781785431,0.5294,0.3936,0.6623
Mweka2007,2007-07-09,0.0,0.0,0.975,0.2928932188134526,0.01257911709342505,0.841886116991581,0.508138389991166,0.1475985327572296,0.8213507051877421,,,,,,,,,,0.49168206235958173,0.023174505799027755,0.977183901138962,,,,,,
Mweka2007,2007-07-10,0.0,0.0,0.975,0.2928932188134526,0.01257911709342505,0.841886116991581,0.508138389991166,0.1475985327572296,0.8213507051877421,,,,,,,,,,0.41725572209264944,0.021775991146767835,0.952807330778158,,,,,,
Mweka2007,2007-07-11,0.0,0.0,0.975,0.2928932188134526,0.01257911709342505,0.841886116991581,0.508138389991166,0.1475985327572296,0.8213507051877421,,,,,,,,,,0.4036344804569252,0.01979010068475942,0.9377908677481173,,,,,,
Mweka2007,2007-07-12,0.0,0.0,0.975,0.2928932188134526,0.01257911709342505,0.841886116991581,0.508138389991166,0.1475985327572296,0.8213507051877421,,,,,,,,,,0.3882341070309445,0.019413138637885817,0.9322797776537092,,,,,,
Mweka2007,2007-07-13,0.0,0.0,0.975,0.2928932188134526,0.01257911709342505,0.841886116991581,0.508138389991166,0.1475985327572296,0.8213507051877421,,,,,,,,,,0.37393936381259596,0.01742307193569852,0.941402766656063,,,,,,
Mweka2007,2007-07-14,0.0,0.0,0.975,0.2928932188134526,0.01257911709342505,0.841886116991581,0.508138389991166,0.1475985327572296,0.8213507051877421,,,,,,,,,,0.3626266458018492,0.0168746969381315,0.9331298616307727,,,,,,
Mweka2007,2007-07-15,0.0,0.0,0.975,0.2928932188134526,0.01257911709342505,0.841886116991581,0.508138389991166,0.1475985327572296,0.8213507051877421,,,,,,,,,,0.354700665007938,0.016477398796252322,0.920104860250358,,,,,,
Mweka2007,2007-07-16,0.0,0.0,0.975,0.2928932188134526,0.01257911709342505,0.841886116991581,0.508138389991166,0.1475985327572296,0.8213507051877421,,,,,,,,,,0.346305875242486,0.016120384826616204,0.9083462250377696,,,,,,
Mweka2007,2007-07-17,0.0,0.0,0.975,0.2928932188134526,0.01257911709342505,0.841886116991581,0.508138389991166,0.1475985327572296,0.8213507051877421,,,,,,,,,,0.33762657412130814,0.015855325568338834,0.9005464172083681,,,,,,
Mweka2007,2007-07-18,0.0,0.0,0.975,0.2928932188134526,0.01257911709342505,0.841886116991581,0.508138389991166,0.1475985327572296,0.8213507051877421,,,,,,,,,,0.3322880445015665,0.015305481172915445,0.8889960930525219,,,,,,
Mweka2007,2007-07-19,0.0,0.0,0.975,0.2928932188134526,0.01257911709342505,0.841886116991581,0.508138389991166,0.1475985327572296,0.8213507051877421,,,,,,,,,,0.32985031459240344,0.014740628044801814,0.89618497472625,,,,,,
Mweka2007,2007-07-20,0.0,0.0,0.975,0.2928932188134526,0.01257911709342505,0.841886116991581,0.508138389991166,0.1475985327572296,0.8213507051877421,,,,,,,,,,0.3257925002527404,0.014533789799351875,0.888777004508466,,,,,,
Mweka2007,2007-07-21,0.0,0.0,0.975,0.2928932188134526,0.01257911709342505,0.841886116991581,0.508138389991166,0.1475985327572296,0.8213507051877421,,,,,,,,,,0.31904136709449593,0.014579746899391127,0.8803160822400866,,,,,,
Mweka2007,2007-07-22,0.0,0.0,0.975,0.2928932188134526,0.01257911709342505,0.841886116991581,0.508138389991166,0.1475985327572296,0.8213507051877421,,,,,,,,,,0.3150729890431788,0.014439695767848247,0.872203636239487,,,,,,
Mweka2007,2007-07-23,0.0,0.0,0.975,0.2928932188134526,0.01257911709342505,0.841886116991581,0.508138389991166,0.1475985327572296,0.8213507051877421,,,,,,,,,,0.310940191669709,0.0143131322456546,0.8693241033559804,,,,,,
Mweka2007,2007-07-24,0.0,0.0,0.975,0.2928932188134526,0.01257911709342505,0.841886116991581,0.508138389991166,0.1475985327572296,0.8213507051877421,,,,,,,,,,0.3056741258008116,0.013824330557776779,0.8624859145935939,,,,,,
Mweka2007,2007-07-25,0.0,0.0,0.975,0.2928932188134526,0.01257911709342505,0.841886116991581,0.508138389991166,0.1475985327572296,0.8213507051877421,,,,,,,,,,0.30205082871145783,0.01322105118034627,0.8634167519200985,,,,,,
Mweka2007,2007-07-26,0.0,0.0,0.975,0.2928932188134526,0.01257911709342505,0.841886116991581,0.508138389991166,0.1475985327572296,0.8213507051877421,,,,,,,,,,0.2990482481215354,0.013520457477650433,0.8627434591657824,,,,,,
Mweka2007,2007-07-27,0.0,0.0,0.975,0.2928932188134526,0.01257911709342505,0.841886116991581,0.508138389991166,0.1475985327572296,0.8213507051877421,,,,,,,,,,0.3005402057552309,0.013355090352698842,0.8549045087521385,,,,,,
Mweka2007,2007-07-28,0.0,0.0,0.975,0.2928932188134526,0.01257911709342505,0.841886116991581,0.508138389991166,0.1475985327572296,0.8213507051877421,,,,,,,,,,0.29820278184544896,0.013291416383063486,0.8541400158768592,,,,,,
Mweka2007,2007-07-29,0.0,0.0,0.975,0.2928932188134526,0.01257911709342505,0.841886116991581,0.508138389991166,0.1475985327572296,0.8213507051877421,,,,,,,,,,0.29635300498059247,0.013229598544242984,0.8518395447277,,,,,,
Mweka2007,2007-07-30,0.0,0.0,0.975,0.2928932188134526,0.01257911709342505,0.841886116991581,0.508138389991166,0.1475985327572296,0.8213507051877421,,,,,,,,,,0.29562393954074284,0.012798907685592567,0.8491378359040784,,,,,,
Mweka2007,2007-07-31,0.0,0.0,0.975,0.2928932188134526,0.01257911709342505,0.841886116991581,0.508138389991166,0.1475985327572296,0.8213507051877421,,,,,,,,,,0.29515504932807274,0.012796768986327102,0.8470142676701002,,,,,,
Mweka2007,2007-08-01,0.0,0.0,0.975,0.2928932188134526,0.01257911709342505,0.841886116991581,0.508138389991166,0.1475985327572296,0.8213507051877421,,,,,,,,,,0.2937754820066484,0.012961112391841315,0.84905699885645,,,,,,
Mweka2007,2007-08-02,0.0,0.0,0.975,0.2928932188134526,0.01257911709342505,0.841886116991581,0.508138389991166,0.1475985327572296,0.8213507051877421,,,,,,,,,,0.292813864701741,0.012901527125658173,0.847888672524034,,,,,,
Mweka2007,2007-08-03,0.0,0.0,0.975,0.2928932188134526,0.01257911709342505,0.841886116991581,0.508138389991166,0.1475985327572296,0.8213507051877421,,,,,,,,,,0.29222729918411805,0.012848266163369697,0.846477387206597,,,,,,
Mweka2007,2007-08-04,0.0,0.0,0.975,0.2928932188134526,0.01257911709342505,0.841886116991581,0.508138389991166,0.1475985327572296,0.8213507051877421,,,,,,,,,,0.29182596554073603,0.012800596688491869,0.845771836997759,,,,,,
Mweka2007,2007-08-05,0.0,0.0,0.975,0.2928932188134526,0.01257911709342505,0.841886116991581,0.508138389991166,0.1475985327572296,0.8213507051877421,,,,,,,,,,0.29103048469164633,0.012795805392476692,0.8438707901948919,,,,,,
Mweka2007,2007-08-06,0.0,0.0,0.975,0.2928932188134526,0.01257911709342505,0.841886116991581,0.508138389991166,0.1475985327572296,0.8213507051877421,,,,,,,,,,0.2904917349470693,0.012793255340915547,0.8393527989978048,,,,,,
Mweka2007,2007-08-07,0.0,0.0,0.975,0.2928932188134526,0.01257911709342505,0.841886116991581,0.508138389991166,0.1475985327572296,0.8213507051877421,,,,,,,,,,0.29010217071038935,0.01279086430657152,0.8376298836004102,,,,,,
Mweka2007,2007-08-08,0.0,0.0,0.975,0.2928932188134526,0.01257911709342505,0.841886116991581,0.508138389991166,0.1475985327572296,0.8213507051877421,,,,,,,,,,0.2895777579125032,0.012788617371693232,0.8368058499797026,,,,,,
Mweka2007,2007-08-09,0.0,0.0,0.975,0.2928932188134526,0.01257911709342505,0.841886116991581,0.508138389991166,0.1475985327572296,0.8213507051877421,,,,,,,,,,0.2898988878353319,0.012737839726101964,0.8360235651760144,,,,,,
Mweka2007,2007-08-10,0.0,0.0,0.975,0.2928932188134526,0.01257911709342505,0.841886116991581,0.508138389991166,0.1475985327572296,0.8213507051877421,,,,,,,,,,0.28970667065540334,0.012733857101406862,0.8331316287684981,,,,,,
Mweka2007,2007-08-11,0.0,0.0,0.975,0.2928932188134526,0.01257911709342505,0.841886116991581,0.508138389991166,0.1475985327572296,0.8213507051877421,,,,,,,,,,0.28937902942150184,0.012730198656427558,0.8317143243608979,,,,,,
Mweka2007,2007-08-12,0.0,0.0,0.975,0.2928932188134526,0.01257911709342505,0.841886116991581,0.508138389991166,0.1475985327572296,0.8213507051877421,,,,,,,,,,0.2892013201829783,0.012726835127359486,0.8314803317894819,,,,,,
Mweka2007,2007-08-13,0.0,0.0,0.975,0.2928932188134526,0.01257911709342505,0.841886116991581,0.508138389991166,0.1475985327572296,0.8213507051877421,,,,,,,,,,0.28894697067608394,0.012723740256841712,0.8312841640613673,,,,,,
Mweka2007,2007-08-14,0.0,0.0,0.975,0.2928932188134526,0.01257911709342505,0.841886116991581,0.508138389991166,0.1475985327572296,0.8213507051877421,,,,,,,,,,0.28868757901217,0.012720890435880833,0.8311197801784109,,,,,,
Mweka2007,2007-08-15,0.0,0.0,0.975,0.2928932188134526,0.01257911709342505,0.841886116991581,0.508138389991166,0.1475985327572296,0.8213507051877421,,,,,,,,,,0.28844344194969196,0.01271826439542139,0.8309820830339255,,,,,,
Mweka2007,2007-08-16,0.0,0.0,0.975,0.2928932188134526,0.01257911709342505,0.841886116991581,0.508138389991166,0.1475985327572296,0.8213507051877421,,,,,,,,,,0.2882366243571851,0.012715842939628103,0.8308667771557106,,,,,,
Mweka2007,2007-08-17,0.0,0.0,0.975,0.2928932188134526,0.01257911709342505,0.841886116991581,0.508138389991166,0.1475985327572296,0.8213507051877421,,,,,,,,,,0.2881884523444431,0.012713608714382513,0.8307702466278689,,,,,,
Mweka2007,2007-08-18,0.0,0.0,0.975,0.2928932188134526,0.01257911709342505,0.841886116991581,0.508138389991166,0.1475985327572296,0.8213507051877421,,,,,,,,,,0.28814232925306893,0.012711546005643788,0.8306894506380886,,,,,,
Mweka2007,2007-08-19,0.0,0.0,0.975,0.2928932188134526,0.01257911709342505,0.841886116991581,0.508138389991166,0.1475985327572296,0.8213507051877421,,,,,,,,,,0.28728348053814357,0.0127096405632451,0.8306218343400663,,,,,,
Mweka2007,2007-08-20,0.0,0.0,0.975,0.2928932188134526,0.01257911709342505,0.841886116991581,0.508138389991166,0.1475985327572296,0.8213507051877421,,,,,,,,,,0.2872319679667841,0.012707879446441469,0.8305652529640178,,,,,,
Mweka2007,2007-08-21,0.0,0.0,0.975,0.2928932188134526,0.01257911709342505,0.841886116991581,0.508138389991166,0.1475985327572296,0.8213507051877421,,,,,,,,,,0.2871830358727864,0.012706250888130013,0.8305179073425865,,,,,,
Mweka2007,2007-08-22,0.0,0.0,0.975,0.2928932188134526,0.01257911709342505,0.841886116991581,0.508138389991166,0.1475985327572296,0.8213507051877421,,,,,,,,,,0.28713651904542237,0.012704744175157408,0.8304782892393735,,,,,,
Mweka2007,2007-08-23,0.0,0.0,0.975,0.2928932188134526,0.01257911709342505,0.841886116991581,0.508138389991166,0.1475985327572296,0.8213507051877421,,,,,,,,,,0.28699396209968125,0.012703349542535216,0.8304451350697218,,,,,,
Mweka2007,2007-08-24,0.0,0.0,0.975,0.2928932188134526,0.01257911709342505,0.841886116991581,0.508138389991166,0.1475985327572296,0.8213507051877421,,,,,,,,,,0.2867922617369533,0.012702058079717995,0.8304173867869615,,,,,,
Mweka2007,2007-08-25,0.0,0.0,0.975,0.2928932188134526,0.01257911709342505,0.841886116991581,0.508138389991166,0.1475985327572296,0.8213507051877421,,,,,,,,,,0.28662048565074455,0.012700861647376481,0.830394158871911,,,,,,
Mweka2007,2007-08-26,0.0,0.0,0.975,0.2928932188134526,0.01257911709342505,0.841886116991581,0.508138389991166,0.1475985327572296,0.8213507051877421,,,,,,,,,,0.28647995370450774,0.012699752803328551,0.8303747105096068,,,,,,
Mweka2007,2007-08-27,0.0,0.0,0.975,0.2928932188134526,0.01257911709342505,0.841886116991581,0.508138389991166,0.1475985327572296,0.8213507051877421,,,,,,,,,,0.28645571115821766,0.012698732515028241,0.8303584221660719,,,,,,
Mweka2007,2007-08-28,0.0,0.0,0.975,0.2928932188134526,0.01257911709342505,0.841886116991581,0.508138389991166,0.1475985327572296,0.8213507051877421,,,,,,,,,,0.2864376465782875,0.012697920718992287,0.8303447758907617,,,,,,
Mweka2007,2007-08-29,0.0,0.0,0.975,0.2928932188134526,0.01257911709342505,0.841886116991581,0.508138389991166,0.1475985327572296,0.8213507051877421,,,,,,,,,,0.2864214945250575,0.012697166664780674,0.8303333387685654,,,,,,
Mweka2007,2007-08-30,0.0,0.0,0.975,0.2928932188134526,0.01257911709342505,0.841886116991581,0.508138389991166,0.1475985327572296,0.8213507051877421,,,,,,,,,,0.28640704336090084,0.012696465999642772,0.830323749030414,,,,,,
Mweka2007,2007-08-31,0.0,0.0,0.7075982261787133,0.15910358474628553,0.006309463209709866,0.6023646356164746,0.4107391181411033,0.09299949021905075,0.6951640314186928,,,,,,,,,,0.286394105729866,0.012695814724182297,0.830315704405037,,,,,,
Mweka2007,2007-09-01,0.5,0.06758598648854294,0.932414013511457,0.5,0.14663279963467313,0.8533672003653268,0.5466477658839779,0.24662446337733557,0.8095830352853809,,,,,,,,,,0.7832492460475566,0.26840649142719636,0.9895472644185355,0.7877765917575104,0.2783248456993101,0.9892698943702546,,,
Mweka2007,2007-09-02,0.5,0.06758598648854294,0.932414013511457,0.5,0.14663279963467313,0.8533672003653268,0.5466477658839779,0.24662446337733557,0.8095830352853809,,,,,,,,,,0.7326419739946619,0.25662851625619976,0.9848311211267969,0.766853900533683,0.2758870593918501,0.9881203903455964,,,
Mweka2007,2007-09-03,0.5,0.06758598648854294,0.932414013511457,0.5,0.14663279963467313,0.8533672003653268,0.5466477658839779,0.24662446337733557,0.8095830352853809,,,,,,,,,,0.7104546725099391,0.23810384245035732,0.977154283865654,0.7717635479182748,0.26106360045597277,0.9877207293319387,,,
Mweka2007,2007-09-04,0.3333333333333333,0.043271868292741676,0.7772219044964879,0.3641160864480826,0.09898827844250786,0.7095791362626572,0.4702738278669105,0.1933845163018059,0.7167332391569567,,,,,,,,,,0.6832824520414578,0.22697431030134857,0.9705509666989589,0.7613064536074703,0.2576128214821586,0.9888328356864322,,,
Mweka2007,2007-09-05,0.2857142857142857,0.03669256617608555,0.7095791362626572,0.32051896729747625,0.08523341413725354,0.6508557944128242,0.43217693310742095,0.17383857884333545,0.6790525556341821,,,,,,,,,,0.5838463999553247,0.16896238566634103,0.9441488304841547,0.706540892979365,0.2126547796958086,0.9844187185696848,0.9999,0.3829,0.9999
Mweka2007,2007-09-06,0.14285714285714285,0.017794515483191515,0.428129160909699,0.17432067637533938,0.043312005105836604,0.40460269660337206,0.29338125959520855,0.10084388931128176,0.5206678437277288,,,,,,,,,,0.509143617782942,0.15363483516193008,0.9034011390622191,0.658285518344935,0.18054536098524115,0.9799718012630451,0.6667000000000001,0.16090000000000002,0.9772000000000001
Mweka2007,2007-09-07,0.14285714285714285,0.017794515483191515,0.428129160909699,0.17432067637533938,0.043312005105836604,0.40460269660337206,0.29338125959520855,0.10084388931128176,0.5206678437277288,,,,,,,,,,0.34544455841246496,0.07704355506561314,0.8049277952024964,0.500636373766034,0.11332717962627002,0.9684704711734001,0.5,0.1073,0.8927
Mweka2007,2007-09-08,0.21428571428571427,0.04657928788986729,0.5079756770484718,0.2393933928391447,0.07787154629104358,0.48089113380685305,0.34273580443343377,0.1399462062866899,0.5589347115440305,,,,,,,,,,0.4297753577236125,0.14412921290465106,0.831393874016128,0.5647574540733366,0.16927379076793472,0.9727919451013038,0.6,0.19920000000000002,0.9192
Mweka2007,2007-09-09,0.26666666666666666,0.07787154629104358,0.5510032410369705,0.285885924234422,0.11016995471711757,0.5237708198961273,0.3701835951157688,0.17260012911786665,0.5742018193521463,,,,,,,,,,0.5276817512979914,0.21447341110130075,0.8792517406964492,0.6227155813029328,0.24071069724231745,0.9739844054123655,0.6667000000000001,0.28090000000000004,0.9351
Mweka2007,2007-09-10,0.3333333333333333,0.11824110336688094,0.6161962674588458,0.3470503754118041,0.15198367508112207,0.5866206364513586,0.4142441137125305,0.21347804951003438,0.6123359316018886,,,,,,,,,,0.5964908850210524,0.2672666850806079,0.9106856224076927,0.6734471600897334,0.277374710987935,0.979541351536947,0.7143,0.3503,0.9457000000000001
Mweka2007,2007-09-11,0.3333333333333333,0.11824110336688094,0.6161962674588458,0.3470503754118041,0.15198367508112207,0.5866206364513586,0.4142441137125305,0.21347804951003438,0.6123359316018886,,,,,,,,,,0.5453361466734334,0.24927140113001559,0.8703301283257727,0.6356926502103388,0.26088855246280357,0.9724512292750485,0.625,0.2904,0.8903000000000001
Mweka2007,2007-09-12,0.3125,0.11016995471711757,0.5866206364513586,0.3270381232359626,0.14209748311022094,0.5595827187543372,0.3972628761646048,0.20184585941073577,0.593268348167551,,,,,,,,,,0.5222963439540367,0.24976086624140423,0.8303693836563264,0.6056647337225505,0.24883947851022511,0.9629670450064928,0.625,0.2904,0.8903000000000001
Mweka2007,2007-09-13,0.4375,0.19753414053266785,0.7012231009168222,0.44234231838132165,0.22983268726599038,0.6707528460532426,0.4830996012841209,0.27647098049164154,0.6729130908367507,,,,,,,,,,0.6911905979264091,0.37559429188938165,0.9456168817249405,0.7521987219066231,0.39253656219730515,0.9869999952259636,0.7778,0.45840000000000003,0.9591000000000001
Mweka2007,2007-09-14,0.47058823529411764,0.22983268726599038,0.7218816996688935,0.47274177009214907,0.26019058289509706,0.6924283410012437,0.5042392697427337,0.30068095697407876,0.6881182066556338,,,,,,,,,,0.7352076280365902,0.4306016100041728,0.9520636249781691,0.7797389223636584,0.4444449324886246,0.9875472693669077,0.8,0.5007,0.9636
Mweka2007,2007-09-15,0.4444444444444444,0.21530150738729983,0.6924283410012437,0.44830075850726914,0.24447468946619608,0.6650021559882646,0.48359574518903203,0.2849981886593487,0.6647087008364766,,,,,,,,,,0.6932989763137699,0.4038010914439476,0.9217768295517565,0.7406785838596148,0.4235503676167734,0.9807254438333199,0.7273000000000001,0.43560000000000004,0.924
Mweka2007,2007-09-16,0.4444444444444444,0.21530150738729983,0.6924283410012437,0.44830075850726914,0.24447468946619608,0.6650021559882646,0.48359574518903203,0.2849981886593487,0.6647087008364766,,,,,,,,,,0.6545393766466082,0.375925782075039,0.8972538012001954,0.7040423119874804,0.39472842323599355,0.9686343681945654,0.7273000000000001,0.43560000000000004,0.924
Mweka2007,2007-09-17,0.47368421052631576,0.24447468946619608,0.7113567520830011,0.475420457490284,0.27195784956079183,0.6847218669594515,0.5030237940724216,0.3066666233967299,0.6792777944805319,,,,,,,,,,0.6986303406795829,0.41602628326023994,0.9239353065300414,0.7452123262786056,0.43570702634571334,0.9839171130621918,0.75,0.47240000000000004,0.9311
Mweka2007,2007-09-18,0.47368421052631576,0.24447468946619608,0.7113567520830011,0.475420457490284,0.27195784956079183,0.6847218669594515,0.5030237940724216,0.3066666233967299,0.6792777944805319,,,,,,,,,,0.6672380834395047,0.40240124514232845,0.8829435446480826,0.70566598849651,0.4013180024599562,0.9642067426765304,0.6923,0.42300000000000004,0.8924000000000001
Mweka2007,2007-09-19,0.47368421052631576,0.24447468946619608,0.7113567520830011,0.475420457490284,0.27195784956079183,0.6847218669594515,0.5030237940724216,0.3066666233967299,0.6792777944805319,,,,,,,,,,0.6445315861799388,0.393090052396552,0.8622320899906568,0.6793737043657655,0.38472145616331266,0.9500265400315339,0.6923,0.42300000000000004,0.8924000000000001
Mweka2007,2007-09-20,0.45,0.2305778967759241,0.6847218669594515,0.45314349846455626,0.25713062640640744,0.6597936907197254,0.48459715393008895,0.29321316903966643,0.659862209796844,,,,,,,,,,0.6231394132918571,0.377121352409166,0.8387056266086914,0.660009814117519,0.3711661950073187,0.9361131836036983,0.6429,0.3835,0.8541000000000001
Mweka2007,2007-09-21,0.5,0.27195784956079183,0.7280421504392081,0.5,0.2978068387836441,0.7021931612163559,0.520552621149923,0.3284051808552881,0.6937668370293834,,,,,,,,,,0.6559553367562876,0.40473776420323904,0.8542142582330953,0.6758571458377738,0.4025024004195258,0.9302921071400837,0.6667000000000001,0.4156,0.8651000000000001
Mweka2007,2007-09-22,0.6,0.36054258730748967,0.8088099392746928,0.5937121030319381,0.3843543903786459,0.7818031431148698,0.5930603783266177,0.40206137850012474,0.7546033692693246,,,,,,,,,,0.7631716248065603,0.5119330286048451,0.9351986968733075,0.7870139659587323,0.5128232995083274,0.9764678584038088,0.8,0.5597,0.9460000000000001
Mweka2007,2007-09-23,0.5714285714285714,0.34020630928027457,0.7818031431148698,0.5671397916573564,0.3635469617297312,0.7561381340769835,0.5729278020551207,0.38500585839071544,0.7340377029323162,,,,,,,,,,0.7432965713965565,0.496299303203649,0.918651067135692,0.7691261334320447,0.5054965971907844,0.9722307481730982,0.75,0.5111,0.9147000000000001
Mweka2007,2007-09-24,0.5454545454545454,0.3221047545531717,0.7561381340769835,0.5428430238328096,0.3449466074523746,0.7318038138244465,0.5532764439251902,0.3693232294001039,0.7126342656391061,,,,,,,,,,0.7212042354778294,0.4786451351829545,0.8985209531748857,0.7391213802165553,0.489061853445907,0.9577331586321449,0.75,0.5111,0.9147000000000001
Mweka2007,2007-09-25,0.5454545454545454,0.3221047545531717,0.7561381340769835,0.5428430238328096,0.3449466074523746,0.7318038138244465,0.5532764439251902,0.3693232294001039,0.7126342656391061,,,,,,,,,,0.6976180568652635,0.46080068078000797,0.8779143198667331,0.7190767066317887,0.46445819568799757,0.9503157867701922,0.7059000000000001,0.4711,0.8829
Mweka2007,2007-09-26,0.5454545454545454,0.3221047545531717,0.7561381340769835,0.5428430238328096,0.3449466074523746,0.7318038138244465,0.5532764439251902,0.3693232294001039,0.7126342656391061,,,,,,,,,,0.6774654343908206,0.4508582379153506,0.8645135183888932,0.6965957511010926,0.4481744332486397,0.936594286181562,0.7059000000000001,0.4711,0.8829
Mweka2007,2007-09-27,0.5454545454545454,0.3221047545531717,0.7561381340769835,0.5428430238328096,0.3449466074523746,0.7318038138244465,0.5532764439251902,0.3693232294001039,0.7126342656391061,,,,,,,,,,0.6614920002645278,0.43879403921417687,0.8469650344107654,0.6796984452141938,0.43634679811635874,0.9187105034989334,0.6667000000000001,0.4373,0.8516
Mweka2007,2007-09-28,0.5454545454545454,0.3221047545531717,0.7561381340769835,0.5428430238328096,0.3449466074523746,0.7318038138244465,0.5532764439251902,0.3693232294001039,0.7126342656391061,,,,,,,,,,0.6481663322122491,0.4266714165175693,0.8341093644296392,0.6642013846072721,0.423954948803106,0.9018239499586607,0.6667000000000001,0.4373,0.8516
Mweka2007,2007-09-29,0.5454545454545454,0.3221047545531717,0.7561381340769835,0.5428430238328096,0.3449466074523746,0.7318038138244465,0.5532764439251902,0.3693232294001039,0.7126342656391061,,,,,,,,,,0.6363004526162495,0.4186686038057603,0.8221177169176431,0.6515859319500277,0.4144721723347923,0.8842881705834964,0.6667000000000001,0.4373,0.8516
Mweka2007,2007-09-30,0.5454545454545454,0.3221047545531717,0.7561381340769835,0.5428430238328096,0.3449466074523746,0.7318038138244465,0.5532764439251902,0.3693232294001039,0.7126342656391061,,,,,,,,,,0.6271257632351654,0.41222610182763686,0.8111712755949549,0.641269464771816,0.40514633414487955,0.8718012436656148,0.6316,0.4082,0.8215
Mweka2007,2007-10-01,0.5454545454545454,0.3221047545531717,0.7561381340769835,0.5428430238328096,0.3449466074523746,0.7318038138244465,0.5532764439251902,0.3693232294001039,0.7126342656391061,,,,,,,,,,0.6184234910779208,0.4050753301153363,0.8023218451785082,0.6342798066795774,0.4001619410923845,0.8595360996339818,0.6316,0.4082,0.8215
Mweka2007,2007-10-02,0.5652173913043478,0.3449466074523746,0.7680858004617686,0.5616250301421297,0.36643064565636235,0.7444697980052537,0.5678093928355137,0.38724064612543746,0.7242051954556665,,,,,,,,,,0.6573930608674903,0.4479032391349069,0.8307216085179321,0.6809849065182869,0.4498828455835114,0.9034656724645335,0.6842,0.46140000000000003,0.8604
Mweka2007,2007-10-03,0.5652173913043478,0.3449466074523746,0.7680858004617686,0.5616250301421297,0.36643064565636235,0.7444697980052537,0.5678093928355137,0.38724064612543746,0.7242051954556665,,,,,,,,,,0.6420843405632719,0.4357004852026922,0.8164109277791162,0.663766658582756,0.4353545299013207,0.8871531389974543,0.65,0.43220000000000003,0.8316
Mweka2007,2007-10-04,0.5833333333333334,0.36643064565636235,0.7789030946533215,0.5789249509870924,0.38665349625683987,0.7559763348527919,0.5816933731723393,0.40363547235768704,0.734445964113587,,,,,,,,,,0.6792617076868386,0.47143174345048117,0.8496537240025701,0.7052976993156871,0.4755181503145299,0.9139347688162913,0.7000000000000001,0.48360000000000003,0.8681000000000001
Mweka2007,2007-10-05,0.5833333333333334,0.36643064565636235,0.7789030946533215,0.5789249509870924,0.38665349625683987,0.7559763348527919,0.5816933731723393,0.40363547235768704,0.734445964113587,,,,,,,,,,0.6623871269112926,0.45743989293475396,0.833460421998847,0.6839963987211346,0.4625417095853714,0.8925260213696727,0.6667000000000001,0.45430000000000004,0.8406
Mweka2007,2007-10-06,0.5833333333333334,0.36643064565636235,0.7789030946533215,0.5789249509870924,0.38665349625683987,0.7559763348527919,0.5816933731723393,0.40363547235768704,0.734445964113587,,,,,,,,,,0.6559806378717825,0.4453253322520086,0.8258492464870758,0.6767141961194493,0.4570703299523758,0.8859533881048621,0.6667000000000001,0.45430000000000004,0.8406
Mweka2007,2007-10-07,0.5833333333333334,0.36643064565636235,0.7789030946533215,0.5789249509870924,0.38665349625683987,0.7559763348527919,0.5816933731723393,0.40363547235768704,0.734445964113587,,,,,,,,,,0.649801395558036,0.441390077826009,0.8196454408581592,0.6694653669239745,0.4521075667346841,0.8791718347371444,0.6667000000000001,0.45430000000000004,0.8406
Mweka2007,2007-10-08,0.5833333333333334,0.36643064565636235,0.7789030946533215,0.5789249509870924,0.38665349625683987,0.7559763348527919,0.5816933731723393,0.40363547235768704,0.734445964113587,,,,,,,,,,0.6452976540631727,0.4380016741381196,0.8139756068751376,0.663900509866008,0.446937087254265,0.8724519722404736,0.6667000000000001,0.45430000000000004,0.8406
Mweka2007,2007-10-09,0.5833333333333334,0.36643064565636235,0.7789030946533215,0.5789249509870924,0.38665349625683987,0.7559763348527919,0.5816933731723393,0.40363547235768704,0.734445964113587,,,,,,,,,,0.6409424971208062,0.4350455758144853,0.8097467759349636,0.6587398030750382,0.44238700963379696,0.8651019157867098,0.6667000000000001,0.45430000000000004,0.8406
Mweka2007,2007-10-10,0.625,0.405936384007944,0.8120070718039977,0.6183864357475225,0.42520634955384945,0.788745193534858,0.6127968087710309,0.4350350329660142,0.7612653781687576,,,,,,,,,,0.6774143394033976,0.4742952904216772,0.8363295421608301,0.6946235093002959,0.48490550423310275,0.8894217805079488,0.6818000000000001,0.4748,0.8487
Mweka2008,2008-11-18,0.0,0.0,0.975,0.2928932188134526,0.01257911709342505,0.841886116991581,0.5297699115188986,0.15417934652174387,0.8274968166351212,,,,,,,,,,0.49168206235958173,0.023174505799027755,0.977183901138962,,,,,,
Mweka2008,2008-11-19,0.0,0.0,0.975,0.2928932188134526,0.01257911709342505,0.841886116991581,0.5297699115188986,0.15417934652174387,0.8274968166351212,,,,,,,,,,0.4290288432315057,0.02119816837512851,0.9544129851178735,,,,,,
Mweka2008,2008-11-20,0.0,0.0,0.975,0.2928932188134526,0.01257911709342505,0.841886116991581,0.5297699115188986,0.15417934652174387,0.8274968166351212,,,,,,,,,,0.4111025852461191,0.020404064828870392,0.9446624052241346,,,,,,
Mweka2008,2008-11-21,0.0,0.0,0.975,0.2928932188134526,0.01257911709342505,0.841886116991581,0.5297699115188986,0.15417934652174387,0.8274968166351212,,,,,,,,,,0.3939277775395017,0.01988641382891726,0.9397364995798113,,,,,,
Mweka2008,2008-11-22,0.0,0.0,0.975,0.2928932188134526,0.01257911709342505,0.841886116991581,0.5297699115188986,0.15417934652174387,0.8274968166351212,,,,,,,,,,0.38398234366008277,0.018669402009567265,0.9391604057651501,,,,,,
Mweka2008,2008-11-23,0.0,0.0,0.975,0.2928932188134526,0.01257911709342505,0.841886116991581,0.5297699115188986,0.15417934652174387,0.8274968166351212,,,,,,,,,,0.3816942566461698,0.015492556400100192,0.9272522238754258,,,,,,
Mweka2008,2008-11-24,0.0,0.0,0.975,0.2928932188134526,0.01257911709342505,0.841886116991581,0.5297699115188986,0.15417934652174387,0.8274968166351212,,,,,,,,,,0.3674057010099221,0.015230120177191005,0.9185489083352971,,,,,,
Mweka2008,2008-11-25,0.0,0.0,0.975,0.2928932188134526,0.01257911709342505,0.841886116991581,0.5297699115188986,0.15417934652174387,0.8274968166351212,,,,,,,,,,0.3503566497333092,0.015592976735324995,0.904994657885775,,,,,,
Mweka2008,2008-11-26,0.0,0.0,0.975,0.2928932188134526,0.01257911709342505,0.841886116991581,0.5297699115188986,0.15417934652174387,0.8274968166351212,,,,,,,,,,0.34473811498077844,0.015021899569088707,0.9079363001364278,,,,,,
Mweka2008,2008-11-27,1.0,0.15811388300841897,1.0,0.7937005259840997,0.2924017738212866,0.9915962413403874,0.6819401160069039,0.3572560277471276,0.9469675255594205,,,,,,,,,,0.7939685134787302,0.2818839594907389,0.9898072851103955,0.7874809809514645,0.2783248456993101,0.9898112267624359,,,
Mweka2008,2008-11-28,1.0,0.15811388300841897,1.0,0.7937005259840997,0.2924017738212866,0.9915962413403874,0.6819401160069039,0.3572560277471276,0.9469675255594205,,,,,,,,,,0.7939685134787302,0.2818839594907389,0.9898072851103955,0.7874809809514645,0.2783248456993101,0.9898112267624359,,,
Mweka2008,2008-11-29,1.0,0.15811388300841897,1.0,0.7937005259840997,0.2924017738212866,0.9915962413403874,0.6819401160069039,0.3572560277471276,0.9469675255594205,,,,,,,,,,0.7939685134787302,0.2818839594907389,0.9898072851103955,0.7874809809514645,0.2783248456993101,0.9898112267624359,,,
Mweka2008,2008-11-30,1.0,0.15811388300841897,1.0,0.7937005259840997,0.2924017738212866,0.9915962413403874,0.6819401160069039,0.3572560277471276,0.9469675255594205,,,,,,,,,,0.7939685134787302,0.2818839594907389,0.9898072851103955,0.7874809809514645,0.2783248456993101,0.9898112267624359,,,
Mweka2008,2008-12-01,0.6666666666666666,0.09429932405024609,0.9915962413403874,0.6142724318676105,0.19412044968324338,0.932414013511457,0.6159323779494972,0.3050780975054866,0.8818694635973077,,,,,,,,,,0.7939685134787302,0.2818839594907389,0.9898072851103955,0.7874809809514645,0.2783248456993101,0.9898112267624359,,,
Mweka2008,2008-12-02,0.6666666666666666,0.09429932405024609,0.9915962413403874,0.6142724318676105,0.19412044968324338,0.932414013511457,0.6159323779494972,0.3050780975054866,0.8818694635973077,,,,,,,,,,0.7297240785275405,0.24568338258301622,0.9806142108852256,0.7414865864674169,0.23944248582635905,0.9851169873291946,0.6667000000000001,0.16090000000000002,0.9772000000000001
Mweka2008,2008-12-03,0.2857142857142857,0.03669256617608555,0.7095791362626572,0.32051896729747625,0.08523341413725354,0.6508557944128242,0.4519056465297657,0.1803691707036625,0.6928491397766476,,,,,,,,,,0.713441787268105,0.2389227258866702,0.97206080431777,0.7358413156988244,0.23811847525939817,0.9834371602781077,0.6667000000000001,0.16090000000000002,0.9772000000000001
Mweka2008,2008-12-04,0.25,0.031854026249944226,0.6508557944128242,0.28623666802278286,0.07485463141969183,0.600093573716312,0.4223801745809751,0.16265224642475773,0.6637768743103736,,,,,,,,,,0.4269701019674062,0.12035888007700427,0.7864779281607668,0.49027346527986193,0.13177163478146295,0.9498015759032747,0.33330000000000004,0.0649,0.7191000000000001
Mweka2008,2008-12-05,0.2222222222222222,0.028144973477898197,0.600093573716312,0.25857472328496317,0.06673951117773447,0.5560954623076415,0.3966939532430437,0.14812925826642898,0.6395277589548611,,,,,,,,,,0.3736547719524921,0.0961639141737433,0.727900177220472,0.43621117199618775,0.11022588404040819,0.928136684041206,0.2857,0.0543,0.6497
Mweka2008,2008-12-06,0.2,0.02521072632683336,0.5560954623076415,0.23578552663582844,0.06021773417290666,0.5177558523601726,0.37449823181578346,0.1355361851221702,0.6152098372299538,,,,,,,,,,0.3320442124362182,0.08648775630039116,0.6656537615085483,0.39350280454735254,0.09873656092040156,0.9081095732256178,0.2857,0.0543,0.6497
Mweka2008,2008-12-07,0.2,0.02521072632683336,0.5560954623076415,0.23578552663582844,0.06021773417290666,0.5177558523601726,0.37449823181578346,0.1355361851221702,0.6152098372299538,,,,,,,,,,0.3023757917789708,0.07510302033662099,0.6211580049668411,0.359920758056991,0.08817058640491748,0.8650438704357633,0.25,0.0466,0.5912000000000001
Mweka2008,2008-12-08,0.18181818181818182,0.02283119829995966,0.5177558523601726,0.21668641078654555,0.05486064452799272,0.48413774868596704,0.3560995759320415,0.12873924322274746,0.5939194713519726,,,,,,,,,,0.29173877396322023,0.07770805121927735,0.6133090724459485,0.35275442982923366,0.08575079929776551,0.8584706203433811,0.2222,0.0409,0.5416000000000001
Mweka2008,2008-12-09,0.16666666666666666,0.020862525460092384,0.48413774868596704,0.20044859529798487,0.05038107349115153,0.45447105567655766,0.33850098163424713,0.1195152872365271,0.5750290924138725,,,,,,,,,,0.26814563669977776,0.06941510841482976,0.5756346867887072,0.32791091513674286,0.07860560878604667,0.861207860569706,0.2222,0.0409,0.5416000000000001
Mweka2008,2008-12-10,0.14285714285714285,0.017794515483191515,0.428129160909699,0.17432067637533938,0.043312005105836604,0.40460269660337206,0.3073340166144266,0.10469078552384205,0.5378247416882698,,,,,,,,,,0.24687645244098372,0.06261168928515913,0.5411189703434321,0.2965135203837236,0.07095194759577098,0.8309305906502914,0.2,0.0364,0.4993
Mweka2008,2008-12-11,0.21428571428571427,0.04657928788986729,0.5079756770484718,0.2393933928391447,0.07787154629104358,0.48089113380685305,0.35369515717295785,0.14671950239947776,0.5752852638802027,,,,,,,,,,0.3066623994210721,0.10614983526566812,0.5852057558260847,0.34143718955843105,0.1061899132885901,0.7911196190081664,0.2727,0.076,0.5644
Mweka2008,2008-12-12,0.21428571428571427,0.04657928788986729,0.5079756770484718,0.2393933928391447,0.07787154629104358,0.48089113380685305,0.35369515717295785,0.14671950239947776,0.5752852638802027,,,,,,,,,,0.29853442120890145,0.10250806244395703,0.5731521653394415,0.33371722746112154,0.10324207732774886,0.7819027036567492,0.25,0.0689,0.5276000000000001
Mweka2008,2008-12-13,0.21428571428571427,0.04657928788986729,0.5079756770484718,0.2393933928391447,0.07787154629104358,0.48089113380685305,0.35369515717295785,0.14671950239947776,0.5752852638802027,,,,,,,,,,0.2925468408398186,0.09974665790986162,0.5663544490779538,0.3295389260022821,0.10175942833370807,0.7704000605995939,0.25,0.0689,0.5276000000000001
Mweka2008,2008-12-14,0.23529411764705882,0.06810774043735666,0.4989932732045801,0.2547122179196032,0.09694921252555934,0.4763727657364801,0.35001469244839845,0.16118158507142885,0.5560147275836045,,,,,,,,,,0.37070571731129504,0.14898228433047533,0.6384257664441743,0.3969514033628945,0.14484761933506285,0.7986213439457287,0.33330000000000004,0.1178,0.6134000000000001
Mweka2008,2008-12-15,0.29411764705882354,0.10313551437032001,0.5595827187543372,0.30920745437858854,0.13342740250612353,0.5348019655830561,0.3913188940979522,0.1943694459052996,0.5884258602874319,,,,,,,,,,0.3993624563689666,0.1825565445004406,0.6662190142358131,0.43282646179170037,0.18277006349716737,0.8162817851726918,0.3846,0.159,0.6519
Mweka2008,2008-12-16,0.47058823529411764,0.22983268726599038,0.7218816996688935,0.47274177009214907,0.26019058289509706,0.6924283410012437,0.5122930257002603,0.31611117943516803,0.6967426559361002,,,,,,,,,,0.6226044068682026,0.36082460482768863,0.8432331672477548,0.6485984474352274,0.3619734200635271,0.944040369139512,0.6154000000000001,0.3481,0.8410000000000001
Mweka2008,2008-12-17,0.5,0.26019058289509706,0.7398094171049029,0.5,0.2886432479169988,0.7113567520830011,0.5308768348421895,0.3375620722504486,0.7097013547310017,,,,,,,,,,0.6755417352539881,0.420824331225319,0.8816275572909029,0.698149192738128,0.40455242969489036,0.9649578063672807,0.6923,0.42300000000000004,0.8924000000000001
Mweka2008,2008-12-18,0.45,0.2305778967759241,0.6847218669594515,0.45314349846455626,0.25713062640640744,0.6597936907197254,0.49235423772421133,0.300390397971702,0.6679201933517807,,,,,,,,,,0.6425238839856057,0.3925267115855509,0.8521665598260786,0.6693138061831301,0.3879055241991707,0.952765117103195,0.6429,0.3835,0.8541000000000001
Mweka2008,2008-12-19,0.45,0.2305778967759241,0.6847218669594515,0.45314349846455626,0.25713062640640744,0.6597936907197254,0.49235423772421133,0.300390397971702,0.6679201933517807,,,,,,,,,,0.5949809646069125,0.3517835011907191,0.8090337325955045,0.6128368452490599,0.35295893181623844,0.9203877661743589,0.6,0.3511,0.8172
Mweka2008,2008-12-20,0.375,0.18799292819600225,0.594063615992056,0.3816135642524774,0.211254806465142,0.5747936504461505,0.4314694441515341,0.25556607775219253,0.6032616945509226,,,,,,,,,,0.5750926043449791,0.33254115833785697,0.7936188963486956,0.5964583305691207,0.342872698117215,0.9052995762087026,0.6,0.3511,0.8172
Mweka2008,2008-12-21,0.32142857142857145,0.15877603788615388,0.5235164067096185,0.32958487942447046,0.17938364923511183,0.50832335380999,0.3839200981842953,0.22588239463895782,0.5491619712724721,,,,,,,,,,0.5153824202507211,0.28971419831218564,0.7298429438771649,0.5345252155834437,0.2940820761111332,0.8339996002369743,0.5,0.28090000000000004,0.7191000000000001
Mweka2008,2008-12-22,0.39285714285714285,0.2150428291609609,0.5942317935124368,0.3977492718016636,0.23524020975289847,0.5773953593355988,0.4394283024901474,0.27729383825814324,0.5992702560507773,,,,,,,,,,0.5598469778912247,0.341900913015848,0.7736762944644363,0.5738312260472168,0.3340091645573122,0.8503323683235132,0.55,0.336,0.7519
Mweka2008,2008-12-23,0.39285714285714285,0.2150428291609609,0.5942317935124368,0.3977492718016636,0.23524020975289847,0.5773953593355988,0.4394283024901474,0.27729383825814324,0.5992702560507773,,,,,,,,,,0.5347286466014602,0.3258774839763458,0.7436493758659762,0.5522357985232805,0.32555487632727503,0.8382976929604387,0.5238,0.3169,0.7252000000000001
Mweka2008,2008-12-24,0.39285714285714285,0.2150428291609609,0.5942317935124368,0.3977492718016636,0.23524020975289847,0.5773953593355988,0.4394283024901474,0.27729383825814324,0.5992702560507773,,,,,,,,,,0.517726194930882,0.31409218489647933,0.7245433796762661,0.5309549813317601,0.3171630243827006,0.8077561960558365,0.5238,0.3169,0.7252000000000001
Mweka2008,2008-12-25,0.3793103448275862,0.20686869948650707,0.5773953593355988,0.38463884417095845,0.22655764882859364,0.5614401509880425,0.4271069188509893,0.26796293055195686,0.5860406450047337,,,,,,,,,,0.5016264700685915,0.29504572045870914,0.703478390052801,0.5170135491817209,0.3089935220522608,0.7894451457647849,0.5,0.2999,0.7001000000000001
Mweka2008,2008-12-26,0.3793103448275862,0.20686869948650707,0.5773953593355988,0.38463884417095845,0.22655764882859364,0.5614401509880425,0.4271069188509893,0.26796293055195686,0.5860406450047337,,,,,,,,,,0.4830949417272294,0.28277214089740477,0.6822172873902943,0.4983906737687708,0.2967309880270783,0.7629571043566457,0.4783,0.2847,0.6764
Mweka2008,2008-12-27,0.34375,0.18571909171656614,0.5319310362802687,0.35002616577815404,0.20400307445511998,0.5182674724875822,0.39532152666956577,0.24588532576771766,0.5513407739753153,,,,,,,,,,0.4728709276559421,0.27626430366011345,0.6682517185489563,0.4875797516811855,0.29024359360608615,0.7417424113026654,0.4783,0.2847,0.6764
Mweka2008,2008-12-28,0.40625,0.23698410055174315,0.5935507534235236,0.41001485896909295,0.2547618227346959,0.5786062786117496,0.44547158849194896,0.2939414777968989,0.596199333785769,,,,,,,,,,0.5254783351779393,0.3251056957449409,0.72159856373112,0.5376595810856081,0.3244300698732157,0.7707289482923799,0.52,0.3296,0.7065
Mweka2008,2008-12-29,0.40625,0.23698410055174315,0.5935507534235236,0.41001485896909295,0.2547618227346959,0.5786062786117496,0.44547158849194896,0.2939414777968989,0.596199333785769,,,,,,,,,,0.5118765391841269,0.31364472535895965,0.707485533152853,0.5232431075941156,0.31455785071213976,0.7530882490249516,0.52,0.3296,0.7065
Mweka2008,2008-12-30,0.40625,0.23698410055174315,0.5935507534235236,0.41001485896909295,0.2547618227346959,0.5786062786117496,0.44547158849194896,0.2939414777968989,0.596199333785769,,,,,,,,,,0.5013364609738721,0.30495227404146547,0.6962284764181815,0.5116506754454995,0.30906265241884046,0.7395770069119009,0.5,0.3148,0.6852
Mweka2008,2008-12-31,0.40625,0.23698410055174315,0.5935507534235236,0.41001485896909295,0.2547618227346959,0.5786062786117496,0.44547158849194896,0.2939414777968989,0.596199333785769,,,,,,,,,,0.4918412457785076,0.2982729781021673,0.683692511041562,0.5024661079039219,0.3036570240966963,0.727036295822225,0.48150000000000004,0.3013,0.665
Mweka2008,2009-01-01,0.4375,0.26363812441098466,0.6233742684099061,0.4400097443039018,0.28106619429381613,0.6078469838121148,0.4699856652429324,0.31552439159450696,0.620224980699214,,,,,,,,,,0.5185310058018768,0.3312283972587964,0.6981383557979672,0.5287383250819888,0.33110669654951774,0.7455485465531748,0.5185000000000001,0.335,0.6987
DRC2018,2018-08-03,0.23076923076923078,0.05038107349115153,0.5381315392340409,0.25608417578083714,0.08388931830712752,0.5079756770484718,0.35541175288575616,0.14173828737650973,0.5712664168917676,,,,,,,,,,0.8425242451296349,0.38700021712994453,0.9928810918485637,,,,,,
DRC2018,2018-08-04,0.23076923076923078,0.05038107349115153,0.5381315392340409,0.25608417578083714,0.08388931830712752,0.5079756770484718,0.35541175288575616,0.14173828737650973,0.5712664168917676,,,,,,,,,,0.7197949656975624,0.19121152452614712,0.9882960677250998,,,,,,
DRC2018,2018-08-05,0.4375,0.19753414053266785,0.7012231009168222,0.44234231838132165,0.22983268726599038,0.6707528460532426,0.4820309189318469,0.27379577345350187,0.6724204364721842,,,,,,,,,,0.8926259125014635,0.5127439452099993,0.9955948520885038,,,,,,
DRC2018,2018-08-06,0.5625,0.2987768990831778,0.8024658594673321,0.5576576816186782,0.32924715394675735,0.7701673127340096,0.5688228599091754,0.3677862108789187,0.7533688929597503,,,,,,,,,,0.9100670427948243,0.5501074114943493,0.9963942697524815,,,,,,
DRC2018,2018-08-07,0.5294117647058824,0.27811830033110657,0.7701673127340096,0.5272582299078508,0.30757165899875616,0.7398094171049029,0.5444496951360238,0.34586259370923844,0.7272275271063625,,,,,,,,,,0.9009613065614313,0.5292994684801909,0.9960850750445037,,,,,,
DRC2018,2018-08-08,0.5882352941176471,0.32924715394675735,0.8155630382160532,0.5817737444400044,0.3574512058930626,0.7846984926127001,0.5867232569160108,0.38965587756450504,0.7661239513965291,,,,,,,,,,0.9073114229328492,0.5573293794357219,0.9963829135985391,,,,,,
DRC2018,2018-08-09,0.5238095238095238,0.2978068387836441,0.7428693735935925,0.5223800470114437,0.3221047545531717,0.717789479061907,0.5372568925925861,0.3482012395587146,0.7070655675402302,,,,,,,,,,0.9186791409855208,0.6034143462756401,0.9966662060101862,,,,,,
DRC2018,2018-08-10,0.5,0.2822105209380929,0.717789479061907,0.5,0.305878001491374,0.694121998508626,0.5194261621437131,0.33481593693981637,0.6887164407860014,,,,,,,,,,0.8826490577830161,0.48901830042750233,0.9960515224118122,,,,,,
DRC2018,2018-08-11,0.48,0.27796800966994656,0.6869429555429676,0.48101754314588074,0.2992721794415965,0.6662917815247077,0.5039938943802857,0.3249006815737236,0.6621327564137158,,,,,,,,,,0.8793653458022264,0.5101412169735067,0.9964945716906807,,,,,,
DRC2018,2018-08-12,0.4666666666666667,0.283418079183537,0.6567447618392659,0.468090918471314,0.30154565071234124,0.6396576728391827,0.4900698474697125,0.32476059196607576,0.6400516420840388,,,,,,,,,,0.8982039407696668,0.5350387865455232,0.9966628603401537,,,,,,
DRC2018,2018-08-13,0.38461538461538464,0.23363932506581991,0.5538094317780062,0.3884425363087833,0.2486499865877438,0.541985247767389,0.41561053449408547,0.2770572558807626,0.5585943916885139,,,,,,,,,,0.871343034914948,0.4846954311597312,0.9965157837853138,,,,,,
DRC2018,2018-08-14,0.34782608695652173,0.21354355425150529,0.5024900506729636,0.3521254328714045,0.2267142682987862,0.49313248521457886,0.3795512847092646,0.2538469614853202,0.5155478346403812,,,,,,,,,,0.8100123376618775,0.4040189019634692,0.9957686859458253,,,,,,
DRC2018,2018-08-15,0.3333333333333333,0.20758333491373637,0.4792125542306298,0.33759128546256734,0.21965790221382267,0.47105323945245187,0.36424852479235775,0.24585140907545244,0.4940674665732667,,,,,,,,,,0.7353413198487811,0.3631726116383383,0.9950251432096996,,,,0.9999,0.8932,0.9999
DRC2018,2018-08-16,0.3333333333333333,0.2168694454311702,0.4668726747428306,0.3369650544048491,0.22725762859050008,0.4600191484395383,0.3620884416971275,0.2520407086738112,0.48377077531569024,,,,,,,,,,0.7471087121941385,0.38894699528924565,0.9959166266384634,,,,0.9999,0.9084000000000001,0.9999
DRC2018,2018-08-17,0.3492063492063492,0.23337058136700747,0.47973382291133454,0.35233849745631346,0.24319029103121265,0.4730230387783165,0.37543401116629116,0.2662824977841999,0.4943400483445462,,,,,,,,,,0.7050968917903176,0.3630693586945293,0.9954042486741422,,,,0.9167000000000001,0.7643000000000001,0.9856
DRC2018,2018-08-18,0.359375,0.24319029103121265,0.48903740183877037,0.3622510625505677,0.2527935151620078,0.4823094564886773,0.3844086459065381,0.2752369426324729,0.5024549559045812,,,,,,,,,,0.6575895340057174,0.36078453867504207,0.9947808322114072,,,,0.8214,0.6548,0.9319000000000001
DRC2018,2018-08-19,0.4057971014492754,0.28913136174810206,0.5308149938747545,0.40758636824439726,0.2977209612349067,0.5240680747109692,0.42495100256233265,0.31599523933139756,0.5381262054908286,,,,,,,,,,0.7257178467449872,0.4330550930988156,0.9960357798432015,,,,0.875,0.7332000000000001,0.9594
DRC2018,2018-08-20,0.4266666666666667,0.31307000275294916,0.5462352897760328,0.4279498405323253,0.32082557359160735,0.5398336531470997,0.44262750578623394,0.3361170793827349,0.5496516481752236,,,,,,,,,,0.7528756106698963,0.46493032736185924,0.996497992467449,,,,0.8889,0.7605000000000001,0.9640000000000001
DRC2018,2018-08-21,0.4473684210526316,0.3331131078209215,0.5658511778841637,0.4482774161163103,0.3405984102766027,0.5593297793875318,0.4611826910384604,0.35412945525619227,0.5665302916892114,,,,,,,,,,0.7296153102098294,0.4564026349956966,0.9964262367270226,,,,0.8293,0.6960000000000001,0.9227000000000001
DRC2018,2018-08-22,0.47368421052631576,0.3579182134918078,0.5915633489250534,0.4741387024853771,0.3651773793239023,0.5847867538713791,0.48521152471277046,0.3775763269256392,0.5901926028274102,,,,,,,,,,0.722150325117592,0.4730152451967412,0.9960868999483732,,,,0.8,0.6684,0.8984000000000001
DRC2018,2018-08-23,0.5064935064935064,0.39004936781928307,0.6224231284406125,0.506382793570372,0.396920855538385,0.615433662430218,0.5147498760094509,0.4066286580628008,0.6187988770093494,,,,,,,,,,0.7400063174680305,0.5070855400243792,0.9958776962672606,,,,0.7959,0.6697000000000001,0.892
DRC2018,2018-08-24,0.5316455696202531,0.41595218009029994,0.6448955462285565,0.531119470795431,0.42241752800483495,0.6378664183228473,0.5354276390663912,0.4315891078301586,0.6341226319994304,,,,,,,,,,0.7589374818285417,0.5363819629525438,0.9959107221839227,,,,0.7925000000000001,0.671,0.8863000000000001
DRC2018,2018-08-25,0.5301204819277109,0.41737291788217007,0.640656030823614,0.5296435247060353,0.42353422610316865,0.633977630328222,0.5337729233142188,0.43216118526505487,0.6307022855046953,,,,,,,,,,0.7541785171305007,0.5445959137997914,0.9953670872790643,,,,0.7719,0.6526000000000001,0.8674000000000001
DRC2018,2018-08-26,0.5662650602409639,0.4529202919793483,0.6747412198752745,0.5652157343384485,0.45875096940089544,0.6677752525491807,0.5669612189640745,0.4648814268918862,0.6627806227026178,,,,,,,,,,0.7639133299780041,0.5618951137400813,0.9956854125302601,,,,0.7833,0.6686000000000001,0.8744000000000001
DRC2018,2018-08-27,0.5595238095238095,0.44695232812528873,0.6677752525491807,0.5585923003334864,0.45277350193624083,0.6609429796143388,0.5608941002841562,0.4594248006694424,0.6563251728817673,,,,,,,,,,0.735425539253515,0.5539145472191501,0.9933753614441129,,,,0.7344,0.6184000000000001,0.8319000000000001
DRC2018,2018-08-28,0.5529411764705883,0.4411432887573018,0.6609429796143388,0.5521222955036669,0.4469535664159981,0.6542410824501448,0.5547710660835193,0.45403074871379817,0.6498491093885096,,,,,,,,,,0.7122160931083148,0.5414563356014606,0.9917903952489863,,,,0.7015,0.5858,0.802
DRC2018,2018-08-29,0.5465116279069767,0.43548671342932455,0.6542410824501448,0.5458004500663467,0.4412848176819991,0.6476663109845757,0.5487705584311651,0.44867850377543533,0.6435438574993596,,,,,,,,,,0.6900722293085658,0.5316872338762433,0.9875224929952462,,,,0.6812,0.5661,0.783
DRC2018,2018-08-30,0.5340909090909091,0.42460688331780166,0.6412154866902768,0.5335813377269017,0.43037722558551644,0.6348855046718345,0.5371510674731306,0.4382375290431863,0.6317577138143611,,,,,,,,,,0.6733061093463806,0.5189269802882702,0.9844213844581502,,,,0.6528,0.5389,0.7559
DRC2018,2018-08-31,0.5333333333333333,0.42512734474491604,0.6392843213872084,0.5328460119552283,0.43077303909148623,0.633100804675045,0.5359511487490721,0.4392385126909496,0.6307188669516578,,,,,,,,,,0.6667198019257681,0.5176904673077548,0.9786579041564772,,,,0.6486000000000001,0.5362,0.751
DRC2018,2018-09-01,0.5555555555555556,0.44699601446489684,0.6603558436839541,0.5547433451530293,0.45245208311217805,0.6540043789789333,0.557141018739671,0.45906282300789014,0.6496854780111907,,,,,,,,,,0.6745311508433108,0.5295211727824658,0.976279244336366,,,,0.6579,0.5473,0.758
DRC2018,2018-09-02,0.5604395604395604,0.45245208311217805,0.6643826134329157,0.5595655278081451,0.45780449768074577,0.6580646759595988,0.5615642702862778,0.46388245860746424,0.6537053541502471,,,,,,,,,,0.673329846168603,0.5335416133561897,0.9724930101300439,,,,0.6538,0.5446,0.7532
DRC2018,2018-09-03,0.5806451612903226,0.4737801521284474,0.6822295268377766,0.5795036738792212,0.47884114094760283,0.6759037693041514,0.5801338239985646,0.4833971839373698,0.6703248103095425,,,,,,,,,,0.6976702655102922,0.5610258127161606,0.9765008733241473,,,,0.675,0.5681,0.7709
DRC2018,2018-09-04,0.5833333333333334,0.4782321506818341,0.6831505934662929,0.5821901989645889,0.4831064277329184,0.6770016688742564,0.5827723650086757,0.4874254687601175,0.6714258418683258,,,,,,,,,,0.706154998820196,0.5729501325245676,0.9749520974829476,,,,0.6829000000000001,0.5777,0.7769
DRC2018,2018-09-05,0.5918367346938775,0.48789250553843155,0.6900774264736517,0.5906023436410341,0.49259267436642246,0.6839962035079279,0.590956905034471,0.49684156625194204,0.6779368185079439,,,,,,,,,,0.7124051294964067,0.5793925579660018,0.9729018008643309,,,,0.6988000000000001,0.5952000000000001,0.7903
DRC2018,2018-09-06,0.5918367346938775,0.48789250553843155,0.6900774264736517,0.5906023436410341,0.49259267436642246,0.6839962035079279,0.590956905034471,0.49684156625194204,0.6779368185079439,0.6373626373626373,0.5299040991145949,0.7356111038014221,0.635376036817215,0.5345667461484916,0.7287734054804884,0.6359113005596939,0.5389819007081704,0.7298792734574271,0.6977018239669914,0.5657670191738804,0.9561662251048392,,,,0.6824,0.5791000000000001,0.7748
DRC2018,2018-09-07,0.59,0.4871442037667708,0.6873800234324292,0.5888142058798429,0.49176157227715805,0.6814303592396707,0.5892800337823532,0.49600769382599585,0.6756022981787595,0.6276595744680851,0.5218364622257492,0.7252033877984465,0.6258715130538622,0.5264292650496067,0.7186361078276522,0.6269488427931402,0.5310196532689471,0.7202325966078384,0.6966853620076696,0.5699373724905845,0.9450901073011592,,,,0.6782,0.5759000000000001,0.7701
DRC2018,2018-09-08,0.59,0.4871442037667708,0.6873800234324292,0.5888142058798429,0.49176157227715805,0.6814303592396707,0.5892800337823532,0.49600769382599585,0.6756022981787595,0.6276595744680851,0.5218364622257492,0.7252033877984465,0.6258715130538622,0.5264292650496067,0.7186361078276522,0.6269488427931402,0.5310196532689471,0.7202325966078384,0.6831748296753511,0.5589711773743569,0.9162269768567235,,,,0.6705,0.5684,0.7627
DRC2018,2018-09-09,0.594059405940594,0.49176157227715805,0.6906914843099456,0.5928322488061915,0.4962982695083862,0.6847738600652205,0.5929688870747456,0.5004170230248813,0.6786986680003244,0.625,0.5203043261600218,0.7217610373158772,0.6232852222717931,0.5248197070287963,0.7153429624387861,0.624253029662666,0.5302498219678667,0.714879532461697,0.6845065526147849,0.5634332867717742,0.9010837629583202,,,,0.6667000000000001,0.5656,0.7583000000000001
DRC2018,2018-09-10,0.6039603960396039,0.5017440784925651,0.6999130474667576,0.6026040516548311,0.506199534505277,0.6939329074875555,0.6022042097900466,0.5098739647529039,0.6872475809520289,0.6224489795918368,0.518847402903182,0.7184395323399458,0.6208030704838026,0.5232877746679883,0.7121644369161426,0.6218693524142511,0.5287428533422843,0.7117765773850813,0.684585368880529,0.5654729603485901,0.8842023903439057,,,,0.6703,0.5700000000000001,0.7612
DRC2018,2018-09-11,0.5980392156862745,0.4962982695083862,0.6939329074875555,0.5967725251319239,0.5007563243484303,0.6880472663369652,0.596693151629786,0.5047059548941262,0.6817883989513871,0.6224489795918368,0.518847402903182,0.7184395323399458,0.6208030704838026,0.5232877746679883,0.7121644369161426,0.6218693524142511,0.5287428533422843,0.7117765773850813,0.6767078886229538,0.5601291221993375,0.8643973776953706,,,,0.6559,0.5561,0.7472000000000001
DRC2018,2018-09-12,0.5754716981132075,0.47567787252691884,0.6709386808755595,0.5745329871117927,0.4801360768541896,0.6654125094697625,0.5747154968433645,0.4845843826509421,0.661558819874872,0.6224489795918368,0.518847402903182,0.7184395323399458,0.6208030704838026,0.5232877746679883,0.7121644369161426,0.6218693524142511,0.5287428533422843,0.7117765773850813,0.6673489718138949,0.5527218305998042,0.845791729585018,,,,0.6489,0.5494,0.7404000000000001
DRC2018,2018-09-13,0.5779816513761468,0.47963363112764223,0.6719836285718968,0.5770381246158456,0.48394585381434196,0.666592581229899,0.5769505144782937,0.48810371672926683,0.6628069484494559,0.63,0.527648359448317,0.7244334203854486,0.6282871113074728,0.5319312344022624,0.7182354051379009,0.6289235560330304,0.5370225319917115,0.7175620313166201,0.6746157919537723,0.560341006197221,0.8490403620360502,,,,0.6632,0.5647,0.7529
DRC2018,2018-09-14,0.5871559633027523,0.48883366267844314,0.6806200570205938,0.5861014264025336,0.49307647729861137,0.6751724100219938,0.5855936956750218,0.49669033180508004,0.6712162846822625,0.6336633663366337,0.5319312344022624,0.7273350024676148,0.6319194334265195,0.536138408008344,0.7211751556235868,0.6323437151731157,0.5411392480819993,0.7203192118063821,0.6715099005792353,0.5573610040025112,0.8415796404349838,,,,0.6598,0.5623,0.749
DRC2018,2018-09-15,0.5945945945945946,0.4972508443404706,0.6867611238464743,0.5934704497402146,0.5013583566408969,0.6813658420480369,0.5925724584954165,0.5044944929974221,0.6766244948174803,0.6346153846153846,0.5344772795898101,0.7268731284326717,0.6329091167924801,0.5385485545295055,0.7208805337157675,0.6332854962497545,0.5434393465584954,0.7199544840408566,0.6833331964110505,0.5709027751599762,0.8493830088113444,,,,0.6735,0.5771000000000001,0.7609
DRC2018,2018-09-16,0.5945945945945946,0.4972508443404706,0.6867611238464743,0.5934704497402146,0.5013583566408969,0.6813658420480369,0.5925724584954165,0.5044944929974221,0.6766244948174803,0.6346153846153846,0.5344772795898101,0.7268731284326717,0.6329091167924801,0.5385485545295055,0.7208805337157675,0.6332854962497545,0.5434393465584954,0.7199544840408566,0.672216769582052,0.5605255633946625,0.8320742079318015,,,,0.6667000000000001,0.5705,0.7544000000000001
DRC2018,2018-09-17,0.5945945945945946,0.4972508443404706,0.6867611238464743,0.5934704497402146,0.5013583566408969,0.6813658420480369,0.5925724584954165,0.5044944929974221,0.6766244948174803,0.6346153846153846,0.5344772795898101,0.7268731284326717,0.6329091167924801,0.5385485545295055,0.7208805337157675,0.6332854962497545,0.5434393465584954,0.7199544840408566,0.6643205445002807,0.5541543188965481,0.8183308853531545,,,,0.6535000000000001,0.5577,0.7415
DRC2018,2018-09-18,0.5945945945945946,0.4972508443404706,0.6867611238464743,0.5934704497402146,0.5013583566408969,0.6813658420480369,0.5925724584954165,0.5044944929974221,0.6766244948174803,0.6346153846153846,0.5344772795898101,0.7268731284326717,0.6329091167924801,0.5385485545295055,0.7208805337157675,0.6332854962497545,0.5434393465584954,0.7199544840408566,0.6560668966850203,0.5475294826959392,0.8051555601616055,,,,0.6471,0.5516,0.7353000000000001
DRC2018,2018-09-19,0.5892857142857143,0.4923637786258751,0.6813658420480369,0.5882340369753682,0.4964726470054805,0.6760496659713336,0.5876743291367483,0.499770545282434,0.6720124596515246,0.6285714285714286,0.5288100886678,0.7208805337157675,0.6269571273058889,0.5328898250124077,0.7149780359973875,0.6276580267790622,0.5379525189867628,0.7142558350125016,0.6500236808481314,0.5428798423547025,0.7921958260318663,,,,0.6346,0.5397000000000001,0.7230000000000001
DRC2018,2018-09-20,0.5862068965517241,0.49103456983132643,0.6768682933558479,0.5852261420251518,0.4950182910084542,0.6717513268036821,0.5847879337930867,0.4984264816549068,0.6681196443533448,0.6355140186915887,0.5369006449232065,0.7264200736992814,0.6338439853519389,0.540844240098628,0.7205858482501717,0.6341997719168283,0.5456269476772431,0.7196990249805301,0.6620730264553885,0.5562674973634418,0.8018889516966291,,,,0.6476000000000001,0.5535,0.7346
DRC2018,2018-09-21,0.5862068965517241,0.49103456983132643,0.6768682933558479,0.5852261420251518,0.4950182910084542,0.6717513268036821,0.5847879337930867,0.4984264816549068,0.6681196443533448,0.6296296296296297,0.5313715401957813,0.7205858482501717,0.6280467555842596,0.535323533222705,0.7148371920670507,0.6286546510942319,0.5402748823037361,0.7140392508706396,0.6503943010731457,0.5448715001670834,0.787064953869056,,,,0.6415000000000001,0.5477000000000001,0.7286
DRC2018,2018-09-22,0.5847457627118644,0.4904143757093934,0.6747191072560652,0.5837978088487745,0.49433828099244576,0.6696964588361524,0.5834689962037578,0.4977955184833012,0.6659871973165654,0.6330275229357798,0.535323533222705,0.7233072398485569,0.6314178920030402,0.5392104628107877,0.7175909843333207,0.631876167806602,0.5440296743682012,0.716816360895347,0.6532198474854629,0.5489022864763905,0.787307389403857,,,,0.6449,0.5516,0.7313000000000001
DRC2018,2018-09-23,0.5798319327731093,0.4858974571681559,0.6696964588361524,0.5789463763840358,0.48982155420229756,0.6647440519626395,0.5786662634552286,0.4935782773267814,0.6611685091296214,0.6272727272727273,0.5299182750178799,0.7175909843333207,0.6257465895800653,0.5338130140999677,0.7119574417572669,0.6264478490388954,0.5387893979980738,0.7112331396302788,0.6445321998447284,0.54088077744148,0.7752291054858044,,,,0.6389,0.5459,0.7254
DRC2018,2018-09-24,0.5833333333333334,0.48982155420229756,0.6726323299967214,0.5824165616882672,0.493687378091725,0.6677007132534123,0.5825721910033035,0.49758168878942577,0.6640058721355635,0.6306306306306306,0.5338130140999677,0.7202917292057056,0.6290781831217068,0.5376447492611197,0.7146890605262286,0.6296638112812561,0.5424918116490329,0.7138396200063023,0.6463547522742081,0.5433505882530808,0.7749375708553697,,,,0.6364000000000001,0.5441,0.7223
DRC2018,2018-09-25,0.5833333333333334,0.48982155420229756,0.6726323299967214,0.5824165616882672,0.493687378091725,0.6677007132534123,0.5825721910033035,0.49758168878942577,0.6640058721355635,0.6306306306306306,0.5338130140999677,0.7202917292057056,0.6290781831217068,0.5376447492611197,0.7146890605262286,0.6296638112812561,0.5424918116490329,0.7138396200063023,0.6392686445992735,0.5372155850611926,0.7660321036440797,,,,0.6306,0.5387000000000001,0.7166
DRC2018,2018-09-26,0.5691056910569106,0.4767649009823487,0.6580402768198034,0.5683638111689853,0.48062923635409677,0.6533089947900674,0.5691162067593152,0.48504064750331316,0.6502354715775597,0.6194690265486725,0.523346484478334,0.7091663790724446,0.6180741102658366,0.5271917730247562,0.7037222997218908,0.6191787564840063,0.5322961569282553,0.7035282083761557,0.6339100545386431,0.5326417763094331,0.7588431873585015,,,,0.625,0.5333,0.7110000000000001
DRC2018,2018-09-27,0.5725806451612904,0.48062923635409677,0.6609836674971652,0.5718076821497997,0.4844380807501835,0.6562705421949484,0.5724761249919914,0.4886512810659895,0.6530571876412202,0.6120689655172413,0.5171501164889389,0.7011200979118315,0.6107939569675285,0.5209456697978256,0.6958550239079435,0.6118439592012874,0.5244026258157236,0.6920687012364493,0.6340525061719877,0.5350716634994556,0.759934545745005,,,,0.6283000000000001,0.5371,0.7137
DRC2018,2018-09-28,0.5634920634920635,0.47230955936586083,0.6516209428646156,0.5628265259405405,0.4761156873430643,0.6470337197785381,0.5638473884628122,0.48077383958633363,0.644389548421315,0.6120689655172413,0.5171501164889389,0.7011200979118315,0.6107939569675285,0.5209456697978256,0.6958550239079435,0.6118439592012874,0.5244026258157236,0.6920687012364493,0.6270215912779784,0.5287590621417461,0.7513069194120172,,,,0.6228,0.5319,0.7083
DRC2018,2018-09-29,0.5669291338582677,0.4761156873430643,0.6545492268743713,0.5662330394211841,0.47986844852208826,0.6499786214372498,0.5669640923151176,0.48433227731936435,0.6472002905472297,0.6153846153846154,0.5209456697978256,0.7038341481278694,0.6140829867355564,0.5246829991255604,0.6985949111474689,0.6149618085647705,0.5280695814891104,0.6947340835117733,0.6276482968418771,0.5300527355763917,0.7503039810154979,,,,0.6207,0.5305,0.7056
DRC2018,2018-09-30,0.5658914728682171,0.475814334630428,0.6528742935174913,0.565216697783439,0.47951366175846405,0.6483801209442022,0.5659995344820468,0.48400058341013236,0.6457377735256802,0.6186440677966102,0.5246829991255604,0.7064989861463197,0.617316894094863,0.5283634017895849,0.7012854977293401,0.6179851547122566,0.5316075104538899,0.6975992601406935,0.629406903360126,0.5325202531216303,0.7506221715330882,,,,0.6239,0.5342,0.7083
DRC2018,2018-10-01,0.5736434108527132,0.4835689208811402,0.6602591412276471,0.5728892474716083,0.4872181551640396,0.6557219755274316,0.5734382935325573,0.4913270535920534,0.6526789616603339,0.6218487394957983,0.5283634017895849,0.7091159500689059,0.6204970532487739,0.5319881382860175,0.7039281144182734,0.6210754822722921,0.5350455848802437,0.7003814849092512,0.629987039959699,0.5330432681956662,0.7501712054974924,,,,0.6271,0.5379,0.7109000000000001
DRC2018,2018-10-02,0.5692307692307692,0.47951366175846405,0.6557219755274316,0.5685271999605335,0.483162197873927,0.6512438188654865,0.5692672055304961,0.4874301786156431,0.6484731422343396,0.6166666666666667,0.5235027938116095,0.7039281144182734,0.6153831512250216,0.5271330340559899,0.6988105358601779,0.6161834284575536,0.5303687651315292,0.6950082743775278,0.6242843965015004,0.5289000473913147,0.7422012989015332,,,,0.6167,0.528,0.7005
DRC2018,2018-10-03,0.556390977443609,0.4677545281417318,0.6424604180131348,0.5558307089337929,0.4713982872643486,0.6381531615632183,0.5570005378525931,0.4763039141592136,0.6361549212624701,0.6115702479338843,0.5187335123879719,0.6988105358601779,0.6103528518014495,0.5223684818988801,0.6937620244431064,0.6114613432137302,0.5256514730910832,0.6900718431796037,0.6181218797615318,0.5231169248960935,0.7342098758572992,,,,0.6116,0.5231,0.6953
DRC2018,2018-10-04,0.5481481481481482,0.46023678073517416,0.6339008897028215,0.5476768015724629,0.46387533640773504,0.629702641433924,0.5492015858302708,0.4689459511041132,0.6283167632923993,0.6065573770491803,0.5140528947638145,0.6937620244431064,0.6054041216045896,0.5176918584589625,0.6887814020304919,0.6066610212686436,0.521115882862822,0.6853004386462568,0.6097932721396035,0.5149402493276355,0.7253098288997392,,,,0.6066,0.5184,0.6903
DRC2018,2018-10-05,0.5428571428571428,0.45662075188577195,0.6272418544881402,0.5424524496810785,0.4601569191274378,0.6232223819667255,0.5442100641099513,0.46531529512081865,0.6221272569218751,0.608,0.5166901304289993,0.6940690026253837,0.6068589164562505,0.5202279474142373,0.689198453932071,0.6080077463165924,0.5235033517387295,0.6857211546331713,0.618251440414455,0.5233137471155554,0.7338513621469585,,,,0.6129,0.5256000000000001,0.6956
DRC2018,2018-10-06,0.5492957746478874,0.4636483724467638,0.6328436323035083,0.5488367828131517,0.4670959246278622,0.6288469046713281,0.5502128840821384,0.4720415051892349,0.6274976623826115,0.609375,0.519217331483456,0.6943512185474237,0.6082462210607391,0.522659245088007,0.6895859626962555,0.6093837869876144,0.5257958435959229,0.6861107012414369,0.6229416858379575,0.5263102319003616,0.7402340731031242,,,,0.624,0.5373,0.7057
DRC2018,2018-10-07,0.547945205479452,0.4635273638430918,0.6303778314764101,0.5475109197166534,0.4668854947750061,0.6264979375235633,0.5489503806157628,0.47182257915197817,0.6252202699367028,0.6153846153846154,0.5260529998447472,0.6993346640254837,0.6142119622994009,0.5293995763775021,0.6946107107694729,0.6150545756992187,0.5323093841546419,0.6909035606221252,0.6296177030166744,0.5331335367260394,0.7479591764951127,,,,0.6299,0.544,0.7106
DRC2018,2018-10-08,0.5424836601307189,0.4601167726760824,0.623173221065648,0.5421163141399793,0.463346806681877,0.6194988081503725,0.5437309963421675,0.46808236990236446,0.6183738385884333,0.6194029850746269,0.5315573148127495,0.701847905427521,0.6182253921505554,0.5347732040471012,0.6972427202663894,0.618911847466154,0.5376111425743624,0.693547714851256,0.6409512138646698,0.5425356063234668,0.7623014268571016,,,,0.6484,0.5634,0.7276
DRC2018,2018-10-09,0.5471698113207547,0.4663985635025944,0.6261499549512748,0.5467772205601692,0.46947883716353533,0.6225923188048226,0.5484528874543946,0.47314232487178093,0.6225973944191311,0.6214285714285714,0.5356270919720187,0.7019764023318473,0.6202818891410424,0.5386859571948173,0.6975557515284474,0.6212335742912949,0.5418544860713985,0.6949595936428486,0.6554444108975601,0.5531281916500442,0.78386954150746,,,,0.6641,0.5807,0.7412000000000001
DRC2018,2018-10-10,0.5454545454545454,0.4662224080957143,0.6230244209324713,0.5450898883554945,0.4691963710491599,0.6196048298731403,0.5467263919433298,0.47281157659781564,0.6195211766202778,0.6293706293706294,0.5446859869461134,0.7085760528111356,0.6281743566369982,0.5476286224711566,0.7042094300223765,0.6289718204491185,0.5503624124827171,0.7017638611256333,0.6612553267593525,0.5554718184160611,0.7967751877846112,,,,0.6767000000000001,0.5944,0.7522000000000001
DRC2018,2018-10-11,0.5588235294117647,0.4807741517263242,0.6347856688168714,0.558365400754454,0.48359154220393646,0.6314065284356909,0.5596678376496024,0.4862168280177801,0.63127510471538,0.6375838926174496,0.5549102000915636,0.7146674365084452,0.6363624863289621,0.557679397402274,0.7104368345613592,0.6369310997339361,0.5595811207416164,0.7079439504075772,0.679960628441483,0.5701704547581078,0.824566387990778,,,,0.6985,0.6183000000000001,0.7714000000000001
DRC2018,2018-10-12,0.5523255813953488,0.4747546399669639,0.6280618869076322,0.5519227665459134,0.47757047067463976,0.624751254968019,0.5532702280188513,0.48049829675852984,0.6246572056794116,0.6375838926174496,0.5549102000915636,0.7146674365084452,0.6363624863289621,0.557679397402274,0.7104368345613592,0.6369310997339361,0.5595811207416164,0.7079439504075772,0.6629025553402466,0.5529789164753918,0.8127726319557462,,,,0.6835,0.6033000000000001,0.7569
DRC2018,2018-10-13,0.5681818181818182,0.4915363554480025,0.6424914070117623,0.5676687838365686,0.4942091363030672,0.6391870342050705,0.568422626425882,0.49607430918319856,0.6389114238325239,0.6451612903225806,0.5643942646596952,0.7202608147706785,0.643922109251833,0.5670068430016172,0.716158461432185,0.6442312350159869,0.5686637615448592,0.7135516698018858,0.6832336854316556,0.5737290885011654,0.8367625955381723,,,,0.6993,0.6211,0.7704000000000001
DRC2018,2018-10-14,0.5810055865921788,0.5050928342231775,0.654189838063006,0.5804062041800018,0.5076572083978078,0.6508865196823859,0.5807379035828899,0.5089330632423542,0.6502206979406215,0.6540880503144654,0.5746618709249104,0.7276502003198559,0.6528054985608784,0.5771543826622743,0.7236120039411016,0.6527006265598756,0.5785527922035747,0.7209096264712676,0.6936086764003091,0.5848346324980785,0.8538787832182179,,,,0.7123,0.6357,0.7816000000000001
DRC2018,2018-10-15,0.574585635359116,0.4990723495864107,0.6476150692872251,0.5740398153582154,0.5016382663520204,0.6443750648704092,0.574544986721144,0.5032029512253166,0.644002704248486,0.6459627329192547,0.5668269253600282,0.7196152937150609,0.6447628036820341,0.5693324741644868,0.7156595449835993,0.6450536773701028,0.5709065433362058,0.7130361764223266,0.6783901014731174,0.5710600524353954,0.8447174577897946,,,,0.6933,0.6168,0.7634000000000001
DRC2018,2018-10-16,0.5783783783783784,0.5037394991282055,0.650464229938372,0.5778171238608323,0.5062302069432539,0.6472786533039928,0.5782530501477327,0.5076247651342323,0.6468313284989688,0.6524390243902439,0.5742585268917648,0.7249982059595943,0.6512086053584116,0.5766799736171762,0.7210871497317553,0.6511976571034959,0.578053802750241,0.7184417517135389,0.6839237948640582,0.5792109541800082,0.853821175516157,,,,0.6948000000000001,0.6193000000000001,0.7638
DRC2018,2018-10-17,0.5797872340425532,0.5057792271808867,0.6512383542698906,0.57922495001576,0.5082222689770746,0.648097865002566,0.5796405987697664,0.5095335662840487,0.6475928675551309,0.6566265060240963,0.5790743121566468,0.7284728494311856,0.6553774051522161,0.5814419888651484,0.7245912765008892,0.6551959979770823,0.5827127510520592,0.7220052538957178,0.6817752600716503,0.578448351818772,0.8541597188154263,,,,0.6899000000000001,0.6152000000000001,0.7585000000000001
DRC2018,2018-10-18,0.5833333333333334,0.5101572565229615,0.6538951988637054,0.5827582170189851,0.5125314362820443,0.6508060010104033,0.583018471222204,0.513622047881076,0.650137079750773,0.6588235294117647,0.582314422881105,0.7296846043057466,0.6575865000838306,0.5846114599029271,0.7258838954812454,0.6573596845330231,0.5857051323774761,0.7233768574958744,0.686382470730856,0.5846220781693228,0.8629829593392654,,,,0.6957,0.6219,0.7632
DRC2018,2018-10-19,0.585,0.5133753143831974,0.6540663318192197,0.5844367059305471,0.5156438762200053,0.6510941626274259,0.5846044724568948,0.5166845653231494,0.6504196461582827,0.6573033707865169,0.5825919617158447,0.7266763956226873,0.6561328824831937,0.5847878984908708,0.7230486932841098,0.6559942325433095,0.5859178571514023,0.7205748182207445,0.7016949949809714,0.6011923194500748,0.8829214135732847,,,,0.7091000000000001,0.637,0.7747
DRC2018,2018-10-20,0.5841584158415841,0.5128964176003044,0.6529128703373261,0.5836061885135286,0.5151454015008979,0.6499732791342367,0.5837909226058344,0.5161947710410381,0.6493670054219592,0.6519337016574586,0.5777207854305471,0.7210781454798127,0.650821790341934,0.5799055115260059,0.7175294362656557,0.650967047062799,0.5812013019125585,0.71496737062406,0.6895858590497972,0.586151550226462,0.8738706817152276,,,,0.6982,0.6265000000000001,0.764
DRC2018,2018-10-21,0.5911330049261084,0.5201189815341571,0.6594449476792635,0.5905379387455565,0.5223260764020979,0.6564935640295004,0.5905556056934125,0.5231841646047951,0.6556196654934449,0.6557377049180327,0.5820679645468414,0.7242691107452266,0.6546103261303822,0.5842084789322892,0.7207443602710678,0.654574072969234,0.5853350810363295,0.7182747070524357,0.6876151246511863,0.5873797133099131,0.8711037914822386,,,,0.6936,0.6225,0.7591
DRC2018,2018-10-22,0.583732057416268,0.5137177270703756,0.6513363287820877,0.58320092486988,0.5158905821924087,0.6484966666563126,0.583443570989276,0.5169681279496511,0.6479084344871691,0.6594594594594595,0.5863273825823023,0.7273875354586763,0.6583175343360007,0.588424997012274,0.7238865629977298,0.6580988050559908,0.589374662637101,0.7215065877518377,0.6874079765102594,0.5903603062664394,0.8680286062623709,,,,0.6932,0.6227,0.7581
DRC2018,2018-10-23,0.5849056603773585,0.5154181273646328,0.6519843973520889,0.5843746616736288,0.5175542593461211,0.6491806138378756,0.5845519917059654,0.518647936499288,0.6485723173510098,0.656084656084656,0.5836735977808383,0.7235118839190358,0.6549904105171075,0.5857408274650865,0.7200956978958144,0.654966801925333,0.5867913649193393,0.7176151816775159,0.6832894050527953,0.5860218096517176,0.8628238676197325,,,,0.6889000000000001,0.619,0.7535000000000001
DRC2018,2018-10-24,0.5879629629629629,0.5191754554517559,0.6543017059239297,0.587422974470265,0.5212580703506342,0.65153885953642,0.5874564287126294,0.5221891529893768,0.6508645977857026,0.654639175257732,0.583179231922315,0.7212908829119051,0.6535828354709549,0.585197200660887,0.7179662642988565,0.6536217197075446,0.5862462413459046,0.7155528040434463,0.6866843477433222,0.591660432949125,0.8638050215152165,,,,0.6902,0.6212,0.754
DRC2018,2018-10-25,0.581081081081081,0.5132064478504355,0.6467606323354407,0.580596720720234,0.5152583906995656,0.644096492553195,0.580835804491554,0.5163763995268004,0.6435537865548182,0.6581632653061225,0.5871959001957642,0.7242632315162543,0.6570938071642669,0.5891756018487866,0.7209595790457235,0.6569965925497017,0.5900835496487751,0.7185970843767863,0.6840632885867284,0.5900074500859328,0.8585821922233735,,,,0.6862,0.6177,0.7496
DRC2018,2018-10-26,0.5757575757575758,0.5092300915864997,0.6403152737818916,0.5753225587550741,0.5112199417304515,0.6377731422936611,0.575706456396974,0.5125897397699334,0.6373513621419871,0.6551724137931034,0.5854215615328899,0.7203155210491717,0.6541591514396499,0.5873429981560256,0.7171339732817341,0.6541625696654818,0.5882526825677523,0.7147906300910544,0.6900173983912263,0.5951541093761358,0.8659946623758302,,,,0.6927,0.6253000000000001,0.7551
DRC2018,2018-10-27,0.5818965517241379,0.5155630675134242,0.6461097657924937,0.5814282989900129,0.5175205170276933,0.6435577549435048,0.5816593998886898,0.5186753941801524,0.6430270015171698,0.6585365853658537,0.589246861760987,0.723164809482779,0.6575113938039875,0.5911333894903167,0.7200023819007567,0.657396422390405,0.5919380811838529,0.7176004055076409,0.6829585558134386,0.5847238370234541,0.859318266204969,,,,0.6923,0.6254000000000001,0.7542
DRC2018,2018-10-28,0.5815899581589958,0.5162692626029796,0.6448610682116496,0.5811370534589995,0.5181686322073235,0.6423848629820742,0.5813600188241622,0.519307848407287,0.6418811473150445,0.6556603773584906,0.5875046500025787,0.719392982456929,0.6546868385834874,0.589338199444754,0.7163426849669052,0.6547195406601647,0.5902373694053944,0.7140641389198527,0.6904682052133191,0.5960279770807191,0.8649509359208495,,,,0.6950000000000001,0.6291,0.756
DRC2018,2018-10-29,0.5809128630705395,0.5158684361862917,0.6439418387926971,0.5804674259264311,0.5177540312768536,0.6414884220129515,0.5806899353241187,0.5189001706146286,0.6410048088389122,0.6542056074766355,0.5863449132191563,0.7177262828527966,0.6532501319682931,0.5881667331107585,0.714708814007925,0.6533471757487721,0.5890900744773249,0.7124135438962848,0.6797179555489656,0.5841513282785737,0.8531413140975777,,,,0.6863,0.6206,0.7473000000000001
DRC2018,2018-10-30,0.5901639344262295,0.5256210389010945,0.6524886565206667,0.5896736402442948,0.5274486858252094,0.6500355345459831,0.589638414347367,0.5282162226042038,0.64938090060567,0.64,0.5735366853499688,0.702720059385867,0.6391747384484374,0.5753233645250486,0.6998933608155733,0.6395905237565098,0.5766359321202621,0.6978600221982385,0.6864832147378954,0.593706146651831,0.8593498218448281,,,,0.6923,0.6276,0.7523000000000001
DRC2018,2018-10-31,0.58,0.5161731583629781,0.6419068865351483,0.5795753676043889,0.5179919459282609,0.6395447979995843,0.5798322203130715,0.5190906955863482,0.6391089968413669,0.6415929203539823,0.5753233645250486,0.7040934746599379,0.6407619418473317,0.5770952701402337,0.7012740062559685,0.6411676808439175,0.5783279124442621,0.6992822468097317,0.6788853937855424,0.5889447840155805,0.8486234553990286,,,,0.6808000000000001,0.6163000000000001,0.7409
DRC2018,2018-11-01,0.5793650793650794,0.5157963238351471,0.641044461902359,0.5789471446766294,0.5176024651027328,0.6387031560651567,0.5792220551132679,0.5187078693777135,0.6382854626783483,0.6431718061674009,0.5770952701402337,0.7054541937214127,0.6423352427992202,0.5788525824207618,0.7026419409297924,0.6426976997556175,0.580006594511334,0.7005569412585012,0.6695871431283242,0.5799160195397811,0.8373225100865065,,,,0.6728000000000001,0.6087,0.7329
DRC2018,2018-11-02,0.5697674418604651,0.5069057182339456,0.631007621339384,0.569408553613638,0.5087017966022871,0.6287507468318176,0.5698665815150019,0.5101081177873767,0.6284214727570062,0.6447368421052632,0.5788525824207618,0.7068023928736513,0.6438948231661961,0.5805954787235181,0.7039973406437696,0.6448341237534929,0.5839004754012642,0.7051058020057493,0.6625116170111452,0.5759948025267928,0.817805128033123,,,,0.6652,0.6014,0.7252000000000001
DRC2018,2018-11-03,0.5741444866920152,0.511929806375496,0.6346690198968776,0.5737703003258026,0.5136758302124241,0.6324417687991895,0.574097430695311,0.5148794617538511,0.6321537943913993,0.6508620689655172,0.5857394034626897,0.7120734035011811,0.6499994669107595,0.5874263539681754,0.7092969938182063,0.6507967812271155,0.5904223792051464,0.7101961003327514,0.6671282571631283,0.5800821720596337,0.8221703940747045,,,,0.6681,0.6052000000000001,0.7273000000000001
DRC2018,2018-11-04,0.569811320754717,0.507813896967837,0.6302296275091839,0.5694616500867398,0.5095609723024508,0.6280324516324466,0.5698976400023765,0.5109032746914531,0.6277524859249066,0.6317991631799164,0.5672238753552687,0.693060525702931,0.6310675311186222,0.5689327764060055,0.6904229852851336,0.6320571005348131,0.5725308976316951,0.6918981345251176,0.6545873520186912,0.5687603626001344,0.8064189548890827,,,,0.6565000000000001,0.5937,0.7159
DRC2018,2018-11-05,0.5703703703703704,0.5089722166902697,0.630206632539847,0.5700243978664594,0.51068412417557,0.6280486179813914,0.5704253145723959,0.5119640160737338,0.6277857520402222,0.6363636363636364,0.5723107725347365,0.6970305615938734,0.6356160022546502,0.5739801716390489,0.6944113781513823,0.6365738514125103,0.5773563019926479,0.6958358698905994,0.6571765157777354,0.5735629539885159,0.807753173891752,,,,0.6581,0.5959,0.7169
DRC2018,2018-11-06,0.5714285714285714,0.5103862732350406,0.630903133123327,0.5710812384302242,0.5120753332639014,0.6287657739046588,0.5714457098141119,0.5132939775998739,0.6284906277013973,0.631578947368421,0.5681036662284997,0.6918545500098536,0.6308720811215518,0.5697556329152942,0.6893023389488069,0.6318424224612416,0.5731964446632182,0.6907399934515162,0.6540079721000367,0.571026782759756,0.8018243455978152,,,,0.6555000000000001,0.5937,0.7139
DRC2018,2018-11-07,0.5631768953068592,0.5025503012235095,0.6224372766374084,0.5628741051025656,0.5042409181416203,0.6203552094566476,0.5634143320024052,0.5057182550887224,0.6202307971875128,0.631578947368421,0.5681036662284997,0.6918545500098536,0.6308720811215518,0.5697556329152942,0.6893023389488069,0.6318424224612416,0.5731964446632182,0.6907399934515162,0.6437551743790402,0.5628114674773946,0.7878452341657597,,,,0.642,0.5805,0.7005
DRC2018,2018-11-08,0.573943661971831,0.5141510084779017,0.6321770374608924,0.5735979669145066,0.5157647578794295,0.6301155471136669,0.5739196464303653,0.5169589574775083,0.6298354291934896,0.6269230769230769,0.5650341100297116,0.6858823832522545,0.6262751614601086,0.5666165008588412,0.6834703058604272,0.6272883559409885,0.5701167909703397,0.6847656632218068,0.6616467467741165,0.5809539599853729,0.8067664512597305,,,,0.6599,0.5995,0.7171000000000001
DRC2018,2018-11-09,0.570446735395189,0.5113797557738398,0.6280644479110904,0.5701252790641032,0.512964356693904,0.6260625417096872,0.5704975447144909,0.5141856231818139,0.625905868820533,0.6287878787878788,0.5674287004110374,0.6872199152518519,0.6281403595893376,0.5689795954009738,0.6848387405136591,0.6290991900200498,0.5722679511242336,0.6861558328778772,0.6612104806625156,0.579984024490001,0.8052115687931926,,,,0.6614,0.6014,0.7180000000000001
DRC2018,2018-11-10,0.5782312925170068,0.5195296909927549,0.6353399834931699,0.5778779415439552,0.5210737494100398,0.6333369473342707,0.5781028808093596,0.522112652187498,0.6330539354233541,,,,,,,,,,0.6640070154820404,0.5822068128586108,0.8087435253161364,,,,0.6667000000000001,0.6074,0.7226
DRC2018,2018-11-11,0.5796610169491525,0.5210737494100398,0.6366318076416386,0.5793024228937398,0.522608026228943,0.634631633179576,0.5794895053041234,0.5235918182787692,0.6343128451232133,,,,,,,,,,0.6572178113119276,0.5769461802661011,0.7988691604721949,,,,0.6577000000000001,0.5987,0.7136
DRC2018,2018-11-12,0.5681063122923588,0.5100475253507954,0.6248111787936219,0.5678058195771729,0.5115849779018263,0.6228824546481743,0.5682478812454677,0.5128327639963626,0.6227367058572684,,,,,,,,,,0.6486527625318044,0.5709945151828817,0.7851032784081621,,,,0.6477,0.5889,0.7037
DRC2018,2018-11-13,0.5841584158415841,0.5264152538488693,0.640239437299154,0.5837895392583484,0.5278943080693288,0.6382801109652354,0.5838656967187281,0.5286764334432503,0.6379129379987747,,,,,,,,,,0.6601010768535199,0.5819619707715287,0.7967393516984528,,,,0.6604,0.6025,0.7154
DRC2018,2018-11-14,0.5328947368421053,0.47508012048390774,0.5900621292954434,0.5327510289916093,0.4767053887104551,0.5882494054873701,0.5336748105953701,0.4787472776830138,0.5882894580285507,,,,,,,,,,0.6510670128498182,0.5754162122353814,0.7841645695830546,,,,0.6484,0.5906,0.7034
DRC2018,2018-11-15,0.5344262295081967,0.4767053887104551,0.5914719585507358,0.534276322149545,0.4783207680857845,0.5896609877148604,0.535210888223983,0.48031886563213283,0.5897240290115168,,,,,,,,,,0.6469754282297207,0.5737645507431376,0.7761327017988363,,,,0.6426000000000001,0.5851000000000001,0.6975
DRC2018,2018-11-16,0.5337620578778135,0.4766165130164548,0.5902584582883632,0.5336178680319636,0.47820192757467206,0.5884846020892982,0.5345256197558989,0.4801708912239961,0.5885117788715617,,,,,,,,,,0.6505266776208716,0.5788779874786111,0.7763838730183794,,,,0.6441,0.5871000000000001,0.6986
DRC2018,2018-11-17,0.5235109717868338,0.4671368879452814,0.5794445110886004,0.5234130706881664,0.46871011300927573,0.5777430513026408,0.5244217230304695,0.470793071062051,0.5779210325440394,,,,,,,,,,0.6446704679614805,0.5725183641936763,0.7682465282123605,,,,0.6386000000000001,0.5818,0.6929000000000001
DRC2018,2018-11-18,0.5184049079754601,0.4626773885760828,0.5737950650161076,0.5183299084423065,0.4642299783361629,0.572144059307697,0.5193849562609774,0.46643794050022563,0.5726240253994158,,,,,,,,,,0.6409682321448096,0.5684348479466936,0.763525576059175,,,,0.6389,0.5824,0.6929000000000001
DRC2018,2018-11-19,0.5214723926380368,0.46572994532854767,0.576821247170547,0.5213848931673246,0.4672742349741226,0.5751621423829554,0.5224081066860193,0.46938097219213476,0.5754682846655453,,,,,,,,,,0.6339048165944751,0.5612101226024514,0.7543559243236985,,,,0.6336,0.5774,0.6874
DRC2018,2018-11-20,0.5073746312684366,0.4528173066577997,0.5618020306908398,0.5073457281912048,0.454337901472701,0.5602433879066986,0.5084878811058775,0.4568640827265681,0.5610340317051427,,,,,,,,,,0.6338842453264792,0.5631004467003777,0.7497920087942248,,,,0.6318,0.5759000000000001,0.6853
DRC2018,2018-11-21,0.5057803468208093,0.45180063785708174,0.5596603050084376,0.5057581489010572,0.4532939920727014,0.5581376827832238,0.5069229446651701,0.455785464404208,0.5589566061904591,,,,,,,,,,0.6308417536165613,0.5574223385383876,0.7491628486657935,,,,0.6333000000000001,0.5779000000000001,0.6865
DRC2018,2018-11-22,0.5142045454545454,0.4606421947875456,0.5675259982293823,0.5141509232257178,0.4620885490609396,0.5660088522239715,0.5151765273503748,0.4642696409400951,0.5667309469601319,,,,,,,,,,0.6394562364089006,0.5648047110707709,0.7600183636043317,,,,0.6426000000000001,0.5879,0.6950000000000001
DRC2018,2018-11-23,0.5168539325842697,0.46358608442396615,0.5698392018591599,0.5167910213685447,0.4650092986228273,0.5683328627630664,0.5177716056815465,0.46704961372912995,0.568928654213535,,,,,,,,,,0.6384628770015262,0.5633308714400223,0.7582376200303107,,,,0.6419,0.5876,0.6939000000000001
DRC2018,2018-11-24,0.5178082191780822,0.46521106259945366,0.5701142503187089,0.5177433795563484,0.46659621276246227,0.5686432667992107,0.5186716707228507,0.4685781685538155,0.569195068698898,,,,,,,,,,0.6444633942001394,0.569462883385227,0.7649196858596927,,,,0.6476000000000001,0.5939,0.6990000000000001
DRC2018,2018-11-25,0.5188172043010753,0.4667236768906251,0.5706089713087115,0.5187499760482908,0.46807986377196725,0.569163664376226,0.5196726495782379,0.47002060531449985,0.5696677188664351,,,,,,,,,,0.6449331355625246,0.569219171950739,0.7671873411646272,,,,0.65,0.5968,0.7009000000000001
DRC2018,2018-11-26,0.5187165775401069,0.4667659886316064,0.5703686448837357,0.5186500652394321,0.4681150262091634,0.5689314014959539,0.5195683022143727,0.4700515677724513,0.5694423476260266,,,,,,,,,,0.6366438367209861,0.5608680469250242,0.7589573938549772,,,,0.6411,0.5881000000000001,0.6919000000000001
DRC2018,2018-11-27,0.52,0.4681150262091634,0.571566842392795,0.5199291157748664,0.4694573492634532,0.5701304983257112,0.5208316031821533,0.4713619591099521,0.5705749979936371,,,,,,,,,,0.630422055027557,0.5569816531425122,0.7513483117930043,,,,0.6344000000000001,0.5817,0.6851
DRC2018,2018-11-28,0.5224274406332454,0.4708142110780098,0.5736877359454979,0.5223487893052488,0.4721363825711328,0.5722611627310059,0.5232100844516712,0.47397439972498057,0.5725826630597586,,,,,,,,,,0.6315774991161291,0.5604827433902314,0.7497958612562199,,,,0.632,0.5798,0.6823
DRC2018,2018-11-29,0.5263157894736842,0.47476046760611945,0.5774580855067841,0.5262237440773521,0.47606994262227365,0.5760264113534913,0.5269820560807041,0.4778189948102408,0.5761082963528367,,,,,,,,,,0.6288086381423729,0.5593605794982834,0.7463355143360059,,,,0.6268,0.5749000000000001,0.6769000000000001
DRC2018,2018-11-30,0.5284974093264249,0.47734850597729905,0.5792060808952799,0.5283992777745481,0.47863215670082987,0.5777920069885047,0.5291016727893374,0.4803367624527572,0.577742198604871,,,,,,,,,,0.6332580901376201,0.5656170013833813,0.7495937555740508,,,,0.6293000000000001,0.5778,0.6789000000000001
DRC2018,2018-12-01,0.5280612244897959,0.4773151804410417,0.5783804921439152,0.5279660694619261,0.4785797888475949,0.5769892762072564,0.5286576404448635,0.48025979464880664,0.5769711163374156,,,,,,,,,,0.6329435257304856,0.5661264481508824,0.7475417022158155,,,,0.6289,0.5778,0.6782
DRC2018,2018-12-02,0.5353535353535354,0.4848607535259669,0.5853141156996537,0.5352348594663155,0.4860957592146903,0.5839211095866963,0.5359241130082082,0.48768418751200254,0.5837173110055831,,,,,,,,,,0.6382561109752978,0.5717476312229274,0.7520588236477482,,,,0.6359,0.5852,0.6846
DRC2018,2018-12-03,0.5432098765432098,0.49329677335084077,0.5924871164286687,0.5430680419049964,0.4944862123772107,0.5911085718922293,0.5437107209106846,0.49592477428067405,0.5910202752183116,,,,,,,,,,0.6521970386607454,0.586116994242156,0.7682380434514153,,,,0.6492,0.5991000000000001,0.6971
DRC2018,2018-12-04,0.5439024390243903,0.4943029918114033,0.5928638033246812,0.5437600833536739,0.49547607295928925,0.5915007626180988,0.5443964563993311,0.4968944706506737,0.5914132216185085,,,,,,,,,,0.6502654373266756,0.5838664511228113,0.7625570293346556,,,,0.6485000000000001,0.5988,0.6961
DRC2018,2018-12-05,0.5319148936170213,0.4831005410125747,0.5802798429101023,0.531814579622722,0.48426247286533286,0.578983739207596,0.5324452114895724,0.4858184849332816,0.5788581695423809,,,,,,,,,,0.6473234442557825,0.5806963182668609,0.7588628011243596,,,,0.6452,0.5957,0.6926
DRC2018,2018-12-06,0.5291375291375291,0.48067683027416913,0.5771937447224025,0.5290472222185175,0.48182803811935226,0.5759216306712922,0.5296941717839319,0.483399085313078,0.5758644885417599,,,,,,,,,,0.6410463570972089,0.5718729000467908,0.7535716635115863,,,,0.6419,0.5927,0.6892
DRC2018,2018-12-07,0.5260770975056689,0.4782999040686965,0.5735022620759271,0.5259984691565444,0.47942545446803453,0.5722712443919006,0.5266610808764981,0.4810289546016392,0.5723963724238093,,,,,,,,,,0.6444761879467977,0.5751983101819987,0.7575228757653989,,,,0.6466000000000001,0.5979,0.6934
DRC2018,2018-12-08,0.5269058295964125,0.47940152986603407,0.5740510319647278,0.5268256094846204,0.48051254166205676,0.5728323392384778,0.5274648426747195,0.48208921153287665,0.5729120639248904,,,,,,,,,,0.6401866626626243,0.56893300219296,0.754905186306677,,,,0.6443,0.5959,0.6908000000000001
DRC2018,2018-12-09,0.5266666666666666,0.47937895474219944,0.573601674324137,0.5265878644725289,0.480480383347401,0.5723944062963421,0.5275184906762314,0.48264029312714435,0.5725182460978606,,,,,,,,,,0.6355076641055153,0.5653016956205289,0.7494068671687465,,,,0.6396000000000001,0.5915,0.6859000000000001
DRC2018,2018-12-10,0.5331858407079646,0.48599803819356413,0.5799366684638427,0.5330882065532271,0.48708142419629585,0.5787221226692578,0.5336687557267406,0.4885276626933829,0.5785525451781939,,,,,,,,,,0.6363163037948057,0.5674292952269473,0.7502089104927835,,,,0.6384000000000001,0.5907,0.6844
DRC2018,2018-12-11,0.5470459518599562,0.500134277046592,0.5933449649356093,0.5469090508892397,0.501177929791805,0.5921173137708107,0.5474319502747185,0.5024573074864256,0.5919919778237419,,,,,,,,,,0.6501810230747203,0.5825835087596825,0.7646789263094889,,,,0.6511,0.604,0.6963
DRC2018,2018-12-12,0.5460385438972163,0.4996420077747365,0.5918485280454571,0.54590743581164,0.5006648025485329,0.5906492730769022,0.5466004973409831,0.5024659506311594,0.5904902982018206,,,,,,,,,,0.6534874766418186,0.587063752378687,0.7679737652085226,,,,0.6538,0.6071000000000001,0.6985
DRC2018,2018-12-13,0.5454545454545454,0.49935916020647375,0.5909782522379394,0.545326738334273,0.5003698322371635,0.5897954220276771,0.5460194174845749,0.502171263262375,0.5896183455387052,,,,,,,,,,0.6501607078884835,0.5835295089430653,0.7647787523843369,,,,0.65,0.6036,0.6945
DRC2018,2018-12-14,0.5467775467775468,0.5010789490762404,0.5918977202681572,0.5466482018013885,0.5020699331120975,0.5907323277265184,0.5472889811029397,0.5038028110039023,0.5905635711953754,,,,,,,,,,0.65256119746365,0.5864504624698337,0.7671126418172454,,,,0.6526000000000001,0.6066,0.6967
DRC2018,2018-12-15,0.5486542443064182,0.5030570278188478,0.5936523441462294,0.5485202657322163,0.5040402557015059,0.5924884196883495,0.549118407144338,0.5057000547519402,0.592344010773441,,,,,,,,,,0.6472855189301772,0.5814904721800913,0.7610926106036265,,,,0.6481,0.6024,0.6922
DRC2018,2018-12-16,0.5437881873727087,0.4985626312418416,0.5884834461697994,0.5436695682880053,0.49953858659211126,0.5873473326899066,0.5443565237995659,0.5013376618067799,0.5871169332230858,,,,,,,,,,0.6441485694986466,0.5800934494933988,0.7559231612162483,,,,0.6438,0.5983,0.6877
DRC2018,2018-12-17,0.548582995951417,0.5035083389836548,0.5930728869748727,0.5484521853170221,0.504469335024825,0.5919352214584086,0.5490289636960209,0.5061236415487179,0.5917746194570938,,,,,,,,,,0.6440880985896114,0.5800823501904787,0.7554512216240076,,,,0.6427,0.5975,0.6863
DRC2018,2018-12-18,0.5548902195608783,0.5101588243399784,0.5989702439841471,0.5547444865554909,0.5110945148716086,0.5978375867059335,0.5552523810202477,0.5126484329500242,0.5975541770022421,,,,,,,,,,0.65189860725295,0.5891747036473629,0.7627745148743159,,,,0.6497,0.6049,0.6927
DRC2018,2018-12-19,0.5625,0.518296900685216,0.6059775019177097,0.5623376196833818,0.5191983058496524,0.604856380963156,0.5628274556685775,0.5205528918602056,0.6043846395469833,,,,,,,,,,0.6653307438023852,0.6027039387695051,0.776953932998934,,,,0.663,0.6189,0.7053
DRC2018,2018-12-20,0.5728155339805825,0.5288061841642882,0.6159844400910333,0.5726274522464685,0.5296836286310317,0.6148524842752147,0.5729946829575989,0.5310554056245804,0.6145278709843729,,,,,,,,,,0.6701664202025086,0.6065795870421898,0.7826777027830442,,,,0.6695,0.6259,0.7113
DRC2018,2018-12-21,0.5761078998073218,0.5322966232665665,0.6190475542737495,0.5759128254605355,0.5331612336110327,0.6179188736399931,0.5762419240739713,0.5345110987377842,0.6175947065956536,,,,,,,,,,0.6708150050048141,0.6086396266063545,0.7814300579994368,,,,0.6695,0.6262,0.7110000000000001
DRC2018,2018-12-22,0.5684410646387833,0.524878310423091,0.6112305990254067,0.5682679707816842,0.5257446919201388,0.610129664711133,0.5686790543050635,0.5271272276851839,0.60973380154876,,,,,,,,,,0.6630383200407861,0.6017530497615828,0.7707088441883657,,,,0.6611,0.6178,0.7026
DRC2018,2018-12-23,0.5725047080979284,0.5291791094296938,0.6150189508087003,0.5723230595812998,0.5300300193041605,0.6139217862942268,0.5726809935906061,0.5313731402124683,0.6136010653476107,,,,,,,,,,0.6650814925895585,0.6041558066617203,0.7716688646191024,,,,0.6632,0.6202000000000001,0.7044
DRC2018,2018-12-24,0.5719626168224299,0.5287999240481753,0.614326111974792,0.571783671391821,0.529645260950081,0.6132380745534839,0.5721372335938937,0.5309834506064073,0.612918286934352,,,,,,,,,,0.6613133384839314,0.6013995938646006,0.7661457054508704,,,,0.6591,0.6163000000000001,0.7003
DRC2018,2018-12-25,0.5735567970204841,0.5304875948052681,0.6158121629877769,0.5733745671030896,0.5313269413992452,0.6147256184232758,0.5737293566255666,0.5326395825270603,0.6144062787337571,,,,,,,,,,0.6581617513843151,0.5998782322911007,0.7604222605483639,,,,0.6552,0.6125,0.6962
DRC2018,2018-12-26,0.569060773480663,0.5262068730543361,0.6111591466898856,0.5688915684797239,0.5270444328164652,0.6100918810042479,0.5692683451398522,0.5283718614555055,0.6097008737902431,,,,,,,,,,0.6536538455605906,0.5972983985568673,0.7525675446612219,,,,0.6493,0.6068,0.6903
DRC2018,2018-12-27,0.5706422018348624,0.527879060807136,0.6126353729234936,0.5704697559215637,0.5287107722092819,0.6115695160228325,0.5708150251050474,0.5300368175307011,0.611220451432939,,,,,,,,,,0.6506076943573829,0.5946673228501296,0.7474530507691272,,,,0.6468,0.6045,0.6877
DRC2018,2018-12-28,0.5724770642201835,0.5297260914117488,0.6144380561481289,0.572300139150541,0.5305546658139975,0.6133692665558474,0.5726477403668102,0.5318924777013406,0.6130517739822425,,,,,,,,,,0.6468200160090196,0.5918141854298472,0.7395569193168763,,,,0.6412,0.599,0.682
DRC2018,2018-12-29,0.5711678832116789,0.5285284278738822,0.6130359295557525,0.5709951030338201,0.5293545836936345,0.6119751034976008,0.5713370310473307,0.530684446440331,0.6116382200988685,,,,,,,,,,0.6440831744410274,0.5906038511832611,0.7333324550675253,,,,0.6369,0.5948,0.6776
DRC2018,2018-12-30,0.5727272727272728,0.5301778725189453,0.6144912498958798,0.572551347317446,0.5309983090735944,0.6134318314367007,0.5728957251964651,0.5323193498571532,0.6131154751821662,,,,,,,,,,0.642810329809717,0.5900303016996735,0.7292003789324172,,,,0.6358,0.5939,0.6764
DRC2018,2018-12-31,0.5740072202166066,0.5316246059361895,0.6155964150605707,0.5738294884021296,0.5324368206523218,0.6145426729540574,0.5741584933987846,0.5337050402256986,0.6142272647325084,,,,,,,,,,0.6438824520387927,0.5922950709190027,0.7281508111390204,,,,0.6355000000000001,0.5938,0.6759000000000001
DRC2018,2019-01-01,0.5714285714285714,0.5292620141366133,0.612837665910694,0.5712588664109617,0.5300696143907095,0.6117992883437079,0.5715932746032912,0.5313996945383627,0.611461021240909,,,,,,,,,,0.6425725868399431,0.5916167038423554,0.7245005144285542,,,,0.6345000000000001,0.5929,0.6748000000000001
DRC2018,2019-01-02,0.5739750445632799,0.531864402157397,0.61530261778754,0.5737996020204119,0.5326662920682936,0.6142621407698831,0.5741230922148173,0.5339261110970754,0.6139483038444606,,,,,,,,,,0.6407735262771421,0.5902171215240545,0.7215497820787429,,,,0.6335000000000001,0.5920000000000001,0.6736000000000001
DRC2018,2019-01-03,0.5716814159292035,0.5297083434978721,0.6129011438579441,0.5715126141215864,0.5305082100634015,0.6118716143417087,0.5718453406366726,0.5318395180644292,0.6115367585457246,,,,,,,,,,0.6385907473679311,0.5885241381092364,0.7166728421633547,,,,0.6318,0.5904,0.6719
DRC2018,2019-01-04,0.5759717314487632,0.5340667253002571,0.6170797016641276,0.575793141743332,0.5348580647744778,0.6160453870047584,0.5760819934534257,0.5360656714418677,0.6157327178154856,,,,,,,,,,0.639314957019739,0.5903576387424628,0.7119390077926411,,,,0.6327,0.5915,0.6726000000000001
DRC2018,2019-01-05,0.5669565217391305,0.525330002201978,0.60789175030699,0.5668015830961963,0.5261232986778595,0.6068874192225127,0.5671678990243743,0.5274144422970133,0.606419318952267,,,,,,,,,,0.6355828207491101,0.5874342894121165,0.706127482345787,,,,0.628,0.5869,0.6679
DRC2018,2019-01-06,0.5701906412478336,0.5286578627040313,0.6110012600546925,0.570028780553667,0.5294431171456397,0.6099955182840437,0.5703729154370253,0.5307601141971579,0.6096130523492846,,,,,,,,,,0.6356109955779042,0.5862606338786335,0.7079562109769322,,,,0.63,0.5891000000000001,0.6698000000000001
DRC2018,2019-01-07,0.5768566493955095,0.535443663670736,0.6174816106558931,0.576680027575751,0.5362153795866119,0.6164692971892642,0.5769530428028384,0.5374400105765592,0.6161595589086607,,,,,,,,,,0.6405436265532644,0.5917116851764316,0.7109941587518556,,,,0.6345000000000001,0.5938,0.674
DRC2018,2019-01-08,0.5775862068965517,0.5362153795866119,0.6181629111369281,0.5774082152643476,0.5369845551061442,0.6171512539054971,0.5776772562186916,0.5382414527758996,0.6168417384442063,,,,,,,,,,0.6383817308631397,0.5900491585976236,0.7071676763751122,,,,0.6329,0.5922000000000001,0.6723
DRC2018,2019-01-09,0.5790378006872853,0.5377512026168743,0.6195182184526572,0.5788571007171783,0.5385153344272411,0.6185078786672566,0.5791271099535087,0.5398277069690022,0.6181987621971397,,,,,,,,,,0.6385325254903008,0.5908632565230431,0.7064002047239116,,,,0.632,0.5914,0.6713
DRC2018,2019-01-10,0.5787671232876712,0.5375510377913607,0.6191825728135939,0.5785876576136421,0.5383129230572425,0.6181761129221297,0.5788602379719916,0.5396193938762962,0.6178674686326084,,,,,,,,,,0.6367689529290577,0.5895824887499234,0.7034253938747248,,,,0.6304000000000001,0.5899,0.6696000000000001
DRC2018,2019-01-11,0.5767918088737202,0.5356329093672545,0.6171728569573054,0.57661743980027,0.5363952887223777,0.6161727901871218,0.5768851649381876,0.537609468230003,0.6158645962480112,,,,,,,,,,0.6333762792100095,0.5864472146353299,0.6985136617968566,,,,0.627,0.5866,0.6662
DRC2018,2019-01-12,0.5764705882352941,0.5356298848110301,0.6165485394812691,0.5762995697616902,0.5363809628064931,0.6155641440946829,0.5765624763009596,0.5375712480638759,0.6152578682035857,,,,,,,,,,0.6390163267655541,0.5923855244440004,0.7030053397454817,,,,0.6325000000000001,0.5923,0.6715
DRC2018,2019-01-13,0.5783333333333334,0.5376815982623275,0.6182103057663343,0.5781596059445637,0.5384233575706827,0.6172314377192241,0.5778897770521714,0.5383602309665891,0.615933847047059,,,,,,,,,,0.6409671874053413,0.5942340621931624,0.7040034734938014,,,,0.6362,0.5962000000000001,0.675
DRC2018,2019-01-14,0.5796387520525451,0.5393064814624705,0.6191951055802236,0.5794647345438628,0.5400350050895685,0.6182288947063852,0.5791807498153563,0.5399509464681843,0.6169230476089157,,,,,,,,,,0.6470333004409412,0.6004278329801033,0.7097581468677453,,,,0.6434000000000001,0.6036,0.6819000000000001
DRC2018,2019-01-15,0.5830618892508144,0.5429263660563592,0.6223947807272429,0.5828818669269982,0.5436435754945298,0.621431598885944,0.5826031659350563,0.5435356388095636,0.6200990442703539,,,,,,,,,,0.650256062826271,0.603224301096547,0.7125952549822754,,,,0.6476000000000001,0.608,0.6858000000000001
DRC2018,2019-01-16,0.5831987075928917,0.5432310459893424,0.622368978043236,0.5830198424573969,0.5439421128591082,0.6214134148032542,0.5827450075545286,0.5438271398656062,0.6200814499839891,,,,,,,,,,0.6504094538556575,0.6031343865950662,0.7124698249183359,,,,0.6494,0.61,0.6875
DRC2018,2019-01-17,0.5784469096671949,0.5388329596677043,0.6173234907195821,0.5782814615126057,0.5395372597187736,0.6163927729624119,0.5780213520574297,0.5394973489208297,0.6151030580121856,,,,,,,,,,0.6523666405060196,0.6047680863212914,0.714156162850692,,,,0.6507000000000001,0.6115,0.6886
DRC2018,2019-01-18,0.5770440251572327,0.5375795225922677,0.6157901072293399,0.5768828108096301,0.5382802281465289,0.6148686780073309,0.5766299772451388,0.538259974868182,0.6135914896287619,,,,,,,,,,0.6490898888076789,0.6001094574183398,0.712820094695264,,,,0.6497,0.6106,0.6875
DRC2018,2019-01-19,0.5817610062893082,0.5423332283382283,0.620426348593875,0.5815899215758309,0.5430269600461667,0.619498410437036,0.581315488718569,0.5429233821349567,0.6181838170272917,,,,,,,,,,0.6486208706505163,0.5994963618749533,0.71298317179085,,,,0.6492,0.6103000000000001,0.6869000000000001
DRC2018,2019-01-20,0.5828125,0.5435199779191167,0.6213376517098862,0.5826402960238608,0.5442077232032938,0.6204140976191295,0.5823616560544136,0.5440832232760837,0.6190924713595856,,,,,,,,,,0.649356299759206,0.6010293642645963,0.7134463886708924,,,,0.6488,0.6101,0.6863
DRC2018,2019-01-21,0.5907692307692308,0.5518590316051883,0.6288513453206557,0.590583379518121,0.5525243943536438,0.6279313425394519,0.5902364333330092,0.5522400794972736,0.6265501108836385,,,,,,,,,,0.6627049726657122,0.6144748829319137,0.7272726388600442,,,,0.6617000000000001,0.6234000000000001,0.6987
DRC2018,2019-01-22,0.5873493975903614,0.548830909825756,0.6250880019706084,0.5871743127068592,0.5494867650241824,0.6241919689956714,0.5868796526311624,0.5492869051591377,0.6228435003397859,,,,,,,,,,0.6660924761109683,0.6170939289280901,0.7317545112281794,,,,0.6661,0.628,0.7028
DRC2018,2019-01-23,0.5915915915915916,0.553171973891488,0.6291958993351051,0.5914085537910827,0.5538197913064632,0.6282969891818608,0.5910613595037281,0.5535340082859961,0.6269162180474285,,,,,,,,,,0.6646406883511096,0.6139706317837889,0.7327283456860136,,,,0.6661,0.6282,0.7026
DRC2018,2019-01-24,0.5907738095238095,0.5525228418270944,0.6282240429765745,0.5905940228051971,0.5531658834195985,0.6273342493986224,0.5902512309535759,0.5529030139718719,0.6259624594307885,,,,,,,,,,0.6639471348540973,0.6142427203773467,0.7321423003482702,,,,0.6656000000000001,0.6279,0.7020000000000001
DRC2018,2019-01-25,0.5955555555555555,0.5574390739297401,0.6328328685564717,0.595367137635139,0.5580724801705338,0.6319408459080988,0.5949882824312753,0.5577152519562603,0.630533149488696,,,,,,,,,,0.665811293188908,0.6161890426383159,0.7347739077768793,,,,0.6672,0.6297,0.7033
DRC2018,2019-01-26,0.5964653902798233,0.5584737414572314,0.633614915335575,0.5962762968798017,0.559102052340436,0.6327269911374727,0.5958957133141818,0.558731159453297,0.6313141151947477,,,,,,,,,,0.665118233643673,0.6162059797609293,0.7345124699039759,,,,0.6656000000000001,0.6282,0.7016
DRC2018,2019-01-27,0.593841642228739,0.5559092858929531,0.6309584419856189,0.5936584997692638,0.5565384092966958,0.6300777978022456,0.5932911630811195,0.5562234096810464,0.6286866963280758,,,,,,,,,,0.659912932786731,0.6116030265259351,0.7289891754989996,,,,0.6593,0.622,0.6954
DRC2018,2019-01-28,0.590711175616836,0.5529468739711909,0.6276952424722829,0.5905359381634276,0.5535737508472306,0.6268275539445125,0.5901935784484633,0.553328637052223,0.6254634875613148,,,,,,,,,,0.6580416495644008,0.6105251724698906,0.7265591233759426,,,,0.6563,0.6191,0.6923
DRC2018,2019-01-29,0.5888252148997135,0.5512940936603532,0.6256022886456805,0.5886558295651696,0.5519152500090464,0.6247481987947253,0.5883417127249218,0.5517159389920119,0.6234020336819448,,,,,,,,,,0.6585422160397396,0.6111197764073324,0.7272102994414251,,,,0.6564,0.6193000000000001,0.6922
DRC2018,2019-01-30,0.5872340425531914,0.5498802661330412,0.6238547178129548,0.5870693404527447,0.550497243842929,0.62301112446788,0.5867656221393621,0.5503353297428364,0.6216795047834216,,,,,,,,,,0.6568051793418694,0.6092163364350055,0.726169198213596,,,,0.656,0.6191,0.6917
DRC2018,2019-01-31,0.5881523272214386,0.5509149119603374,0.6246531404804678,0.5879868287431705,0.55152710039524,0.6238131835393304,0.5876767347779434,0.5513504166469314,0.6224763786315684,,,,,,,,,,0.6554259767126995,0.6077395125349732,0.7249642574124204,,,,0.6545000000000001,0.6178,0.6901
DRC2018,2019-02-01,0.5888111888111888,0.5517402482438689,0.6251463085741955,0.5886458502034086,0.5523463049627777,0.6243126139930368,0.5883234438033702,0.5521617325628808,0.6229733705810512,,,,,,,,,,0.6561758358796956,0.6090193345616502,0.7253856715652187,,,,0.6547000000000001,0.6181,0.6901
DRC2018,2019-02-02,0.5930555555555556,0.5561565037891054,0.6291889997080498,0.5928835162351986,0.5567526630503838,0.6283559272837298,0.5925223669961307,0.5564904141561179,0.6269877479265498,,,,,,,,,,0.6595454511790073,0.6125289935250557,0.7287545612412952,,,,0.6587000000000001,0.6223000000000001,0.6939000000000001
DRC2018,2019-02-03,0.5882352941176471,0.5515774591214829,0.6241782456528406,0.5880746172160608,0.5521706859655067,0.6233635580428246,0.5877579534321077,0.5519921997395689,0.6220347863245614,,,,,,,,,,0.6586118384756496,0.6119433435635866,0.7274160160002725,,,,0.6573,0.6211,0.6924
DRC2018,2019-02-04,0.5885558583106267,0.551977758877027,0.6244194371912368,0.588395255684468,0.5525680901544756,0.6236077060228088,0.5880772628046937,0.552385488099981,0.6222778260353171,,,,,,,,,,0.6549131476564886,0.6076406924934024,0.724489756003787,,,,0.6545000000000001,0.6183000000000001,0.6894
DRC2018,2019-02-05,0.5904761904761905,0.5539410434977355,0.6262823132890967,0.5903123280289302,0.5545280751566783,0.6254693859682747,0.5899746041413956,0.5543258848554203,0.6241262209594907,,,,,,,,,,0.6528036137185306,0.6061190943641237,0.7215796379595297,,,,0.6517000000000001,0.6156,0.6866
DRC2018,2019-02-06,0.5943012211668928,0.5578533028175664,0.6299913506984949,0.5941308938033929,0.5584337771005878,0.6291760653043563,0.5937687089608583,0.558128656241936,0.6278063290449059,,,,,,,,,,0.6541422682565896,0.6085213859305347,0.7219108137844301,,,,0.6518,0.6159,0.6866
DRC2018,2019-02-07,0.5967523680649527,0.5603795283277606,0.632349829219575,0.5965780855556548,0.5609552417342314,0.6315338396510501,0.5962155865779061,0.5605829651110428,0.6301473320690935,,,,,,,,,,0.654255722837046,0.6091409544262776,0.7206042041426293,,,,0.6505000000000001,0.6148,0.6851
DRC2018,2019-02-08,0.5959731543624162,0.5597430486968744,0.6314403886614497,0.5958016655699435,0.5603150069699421,0.6306319085127006,0.595437044999825,0.559945980436259,0.6292537643813129,,,,,,,,,,0.6544818445911649,0.6100393894865801,0.7193090282118515,,,,0.6501,0.6145,0.6847000000000001
DRC2018,2019-02-09,0.5986666666666667,0.562588140627155,0.6339661719072605,0.598491538406188,0.5631527772529672,0.6331599377720052,0.5981313322562413,0.5628004509469219,0.6317648286056136,,,,,,,,,,0.656894489193331,0.6128436936162648,0.7209292437207409,,,,0.6526000000000001,0.6172000000000001,0.687
DRC2018,2019-02-10,0.5986754966887418,0.5627198533222098,0.6338572608484039,0.598501510814737,0.5632806479874359,0.6330563690701385,0.5981419991304257,0.5629298619104691,0.6316635736750037,,,,,,,,,,0.6566339956224858,0.6129754996493175,0.7198723034131753,,,,0.6522,0.6169,0.6865
DRC2018,2019-02-11,0.600263852242744,0.5643979574448343,0.6353465419630928,0.6000877643034872,0.5649544830255229,0.6345469855369117,0.5996981719702172,0.5645940092285633,0.6331443120021714,,,,,,,,,,0.6565292238770131,0.6132852028748167,0.7210655309758849,,,,0.6519,0.6167,0.686
DRC2018,2019-02-12,0.5984251968503937,0.5626368059068534,0.6334488355095986,0.5982532440573136,0.5631926361399187,0.6326556084915227,0.5978951168090223,0.5628416757709945,0.6312678898495537,,,,,,,,,,0.6538432064175212,0.6110278140563201,0.7173541883691122,,,,0.6497,0.6145,0.6838000000000001
DRC2018,2019-02-13,0.5989583333333334,0.5633191544946659,0.6338346804380302,0.5987867976754939,0.5638698758278131,0.6330470550868654,0.5984284011684937,0.5635254193245314,0.631658402761774,,,,,,,,,,0.655305541130826,0.6128167489916176,0.7180174867645395,,,,0.6507000000000001,0.6157,0.6846
DRC2018,2019-02-14,0.6038961038961039,0.5683574545537482,0.6386359195180742,0.6037164759766918,0.5689005978511052,0.6378447065967283,0.6032526890763075,0.568447321134121,0.6364840616585105,,,,,,,,,,0.6577584194693524,0.6155371568768089,0.7201493966508646,,,,0.654,0.6191,0.6877
DRC2018,2019-02-15,0.6062176165803109,0.5707524207085979,0.6408682463155071,0.6060344499146215,0.5712912518780577,0.6400764479726501,0.6055657596986448,0.5708385602906205,0.6387568176846093,,,,,,,,,,0.6581990463257221,0.6162275461636294,0.7195452248072355,,,,0.6536000000000001,0.6188,0.6873
DRC2018,2019-02-16,0.6067270375161707,0.5712912518780577,0.6413454153635065,0.6065432300922207,0.5718287391631421,0.6405540651151236,0.6060730472463358,0.5713678283467832,0.6392435346389381,,,,,,,,,,0.6561657250570458,0.6145838060567802,0.7161011825165646,,,,0.6514,0.6167,0.6851
DRC2018,2019-02-17,0.6090322580645161,0.5736703822482863,0.643561226645298,0.6088449643228817,0.5742036058982072,0.6427693148516331,0.6083492541798843,0.5737053674210297,0.6414978787446179,,,,,,,,,,0.6572156251123304,0.6162450929244334,0.7157054376656472,,,,0.6519,0.6174000000000001,0.6855
DRC2018,2019-02-18,0.5943517329910141,0.5589255790832468,0.6290609689526037,0.5941904884707039,0.5594739665433208,0.6282897105900964,0.5938413243879369,0.5591505020390001,0.6269379356211116,,,,,,,,,,0.6542357658858478,0.6134531633413828,0.7111630349679068,,,,0.6485000000000001,0.6139,0.682
DRC2018,2019-02-19,0.5925925925925926,0.5572426095992583,0.6272426651161696,0.5924351615641513,0.5577902667777491,0.6264773449683269,0.5921042130584929,0.5575269303318036,0.6251392355863782,,,,,,,,,,0.65231114957041,0.6116931704975487,0.7084155551515895,,,,0.6464000000000001,0.6119,0.6799000000000001
DRC2018,2019-02-20,0.5913705583756346,0.5561243812662885,0.6259304955439171,0.5912161893891148,0.5566699573151799,0.625171419827909,0.5909000394114186,0.5564464759778134,0.623843594494786,,,,,,,,,,0.651688078778276,0.6113029336564064,0.7066986758772185,,,,0.6464000000000001,0.612,0.6799000000000001
DRC2018,2019-02-21,0.593198992443325,0.5581065255278541,0.6275968170418693,0.5930427223848402,0.5586456927296924,0.6268414573186014,0.5927035395096816,0.5583566665429054,0.6255038153999627,,,,,,,,,,0.6548653867442253,0.614615708637117,0.7093795985203382,,,,0.6496000000000001,0.6153000000000001,0.6829000000000001
DRC2018,2019-02-22,0.5944931163954944,0.5595256534395847,0.628760733863082,0.594335666416151,0.5600598261489174,0.6280086821926296,0.5939939593288714,0.5597248697367487,0.6266644681246761,,,,,,,,,,0.6563467617325596,0.6162236750804473,0.7104080732620816,,,,0.6523,0.6181,0.6854
DRC2018,2019-02-23,0.5982587064676617,0.5634399591045366,0.6323542639314875,0.598095998640634,0.5639662690957375,0.6316027611636534,0.5977545429601289,0.5636254915278229,0.6302354772949809,,,,,,,,,,0.6605303765215289,0.6204741746151063,0.7143568181297411,,,,0.6567000000000001,0.6227,0.6896
DRC2018,2019-02-24,0.5985130111524164,0.5637632622017716,0.6325404185868084,0.5983504877439696,0.5642872685929718,0.6317914383717097,0.5980085244250757,0.5639494850190676,0.630423797130441,,,,,,,,,,0.6593906012243438,0.6194386925714457,0.712548249890177,,,,0.6567000000000001,0.6228,0.6896
DRC2018,2019-02-25,0.6,0.5653315342927936,0.6339379528384332,0.5998356335012167,0.565851802454948,0.6331901319127786,0.5994722888065971,0.5655235160607388,0.6318138837086519,,,,,,,,,,0.6599785556477988,0.6200650292467322,0.712605434972943,,,,0.6572,0.6234000000000001,0.6900000000000001
DRC2018,2019-02-26,0.5995085995085995,0.5649225265137134,0.6333713598217017,0.5993458432676189,0.5654407530363224,0.6326277560866165,0.5989896442505304,0.5651137973331478,0.6312566245981208,,,,,,,,,,0.6593467500065435,0.6197062705943482,0.7114116454879219,,,,0.6564,0.6227,0.6891
DRC2018,2019-02-27,0.5975609756097561,0.5630851984547218,0.6313328494900234,0.597402570830351,0.5636018091312945,0.6305968014330461,0.5970681719952371,0.5632592275116465,0.6292412600537529,,,,,,,,,,0.6585699441737063,0.6191919719416328,0.7100854646419628,,,,0.6556000000000001,0.6219,0.6883
DRC2018,2019-02-28,0.5978128797083839,0.563404083063304,0.6315185514578183,0.597654643988486,0.5639184743136162,0.6307849227870732,0.5973188911578737,0.5635788341736165,0.629429037893484,,,,,,,,,,0.6573200310518108,0.617620635789201,0.7087852484979535,,,,0.6548,0.6212,0.6874
DRC2018,2019-03-01,0.5987878787878788,0.5644316614467306,0.6324356942764362,0.5986284526197297,0.5649436486538861,0.6317028028891973,0.5982883758149462,0.5646129198387381,0.630341390756062,,,,,,,,,,0.6566318958677709,0.6170773885704992,0.7074692612881407,,,,0.654,0.6205,0.6866
DRC2018,2019-03-02,0.5983112183353438,0.5640352705720468,0.6318856201110195,0.5981533258534588,0.564545277897192,0.631156783173271,0.5978148543965123,0.5642114616309107,0.6298002652827395,,,,,,,,,,0.6562550918351935,0.6170730509372158,0.7064226170618106,,,,0.6533,0.6198,0.6857000000000001
DRC2018,2019-03-03,0.5985576923076923,0.5643476195052362,0.6320670192088644,0.5983999739043293,0.5648554618896819,0.631340554918443,0.5980615342272885,0.5645245283155985,0.6299837469095612,,,,,,,,,,0.655520445213021,0.616444089858078,0.7054242939063846,,,,0.6525000000000001,0.6191,0.6849000000000001
DRC2018,2019-03-04,0.5988023952095808,0.5646578353746315,0.6322470160314507,0.5986448524597099,0.5651635305442453,0.6315229091061412,0.5983064508671732,0.5648354603632953,0.6301658281519604,,,,,,,,,,0.6549828574532829,0.6161555160259381,0.7045477535481198,,,,0.6517000000000001,0.6184000000000001,0.6841
DRC2018,2019-03-05,0.5980975029726516,0.5640709491679954,0.6314341217254488,0.5979421985673393,0.5645737522318897,0.6307159370452691,0.5976086648677679,0.5642411227982538,0.629365991384746,,,,,,,,,,0.6557863271997559,0.6172996930010024,0.7050473287087896,,,,0.6522,0.619,0.6845
DRC2018,2019-03-06,0.6002358490566038,0.5663750873247109,0.633397497697386,0.6000784673537648,0.5668712347388081,0.6326830222700192,0.5997191015830374,0.5665425413741858,0.6313224103575183,,,,,,,,,,0.6596550235544935,0.6210960431569502,0.709034896991673,,,,0.6564,0.6233000000000001,0.6885
DRC2018,2019-03-07,0.6014067995310668,0.567659972269784,0.6344505245168085,0.601248511269524,0.5681518311140216,0.6337390312772391,0.6008684991384419,0.5677843000022978,0.6323730861742948,,,,,,,,,,0.6607836489421766,0.6220275656997847,0.7103960768845473,,,,0.6581,0.6251,0.6900000000000001
DRC2018,2019-03-08,0.6007025761124122,0.566968731521797,0.6337390312772391,0.6005455709079921,0.5674607890634752,0.6330291036647959,0.600177381550969,0.567117443445911,0.6316680910379433,,,,,,,,,,0.6571967669854453,0.6185291030452333,0.7064559108143212,,,,0.6549,0.6219,0.6868000000000001
DRC2018,2019-03-09,0.6039719626168224,0.5703128915783398,0.6369126787464321,0.6038102382688859,0.5708001198665823,0.6362010320069555,0.6033744509418062,0.5703463158109622,0.6348756633558573,,,,,,,,,,0.6592573937236652,0.6207157225051754,0.7080850271485917,,,,0.6566000000000001,0.6237,0.6884
DRC2018,2019-03-10,0.6025641025641025,0.5689303095577215,0.635490945116852,0.6024049394734645,0.5694179447323167,0.6347824131305494,0.6020078489328748,0.5690123947217883,0.6334344778514839,,,,,,,,,,0.6565023635099021,0.6183143796953581,0.7049213624923977,,,,0.6534,0.6206,0.6852
DRC2018,2019-03-11,0.6034883720930233,0.5699044835641759,0.6363606078122093,0.6033281476295895,0.570389929720263,0.635652775689387,0.6029050989180769,0.5699536837052239,0.6343209050178111,,,,,,,,,,0.6561988211991323,0.6184366724091517,0.7041548131029127,,,,0.6526000000000001,0.6199,0.6844
DRC2018,2019-03-12,0.6020881670533643,0.568529475690289,0.6349464882462257,0.6019304766782947,0.5690153226708494,0.6342417406055079,0.6015433706996738,0.5686269049315219,0.6328874593133538,,,,,,,,,,0.6536080184637938,0.6159981630522859,0.7009418642637091,,,,0.6495000000000001,0.6168,0.6813
DRC2018,2019-03-13,0.6020761245674741,0.5686166380198784,0.6348394007820917,0.6019193608372622,0.5690996304945709,0.6341387390718553,0.6015336900289747,0.5687128805969367,0.632786193205927,,,,,,,,,,0.6547640819207472,0.6172761287672172,0.7012930788248533,,,,0.6508,0.6181,0.6825
DRC2018,2019-03-14,0.6039035591274398,0.5705421732626164,0.6365595437840946,0.6037447206831363,0.5710208877760445,0.6358602478944924,0.6033228360309081,0.5705739399487487,0.634539320710509,,,,,,,,,,0.6566265145926573,0.619439959114698,0.7029115826134751,,,,0.6524,0.6199,0.684
DRC2018,2019-03-15,0.60250569476082,0.5692661691239196,0.6350549195914008,0.6023502409029234,0.5697425009476347,0.6343626223045483,0.6019590544250969,0.5693441865873744,0.6330213688770724,,,,,,,,,,0.6573267155407929,0.6202983514327371,0.7032464700668549,,,,0.6537000000000001,0.6212,0.6852
DRC2018,2019-03-16,0.6015801354401806,0.5684851708494673,0.6339972732666492,0.601427474344145,0.5689581011956932,0.6333121684532267,0.6010549951730957,0.5685925065670991,0.6319592508150466,,,,,,,,,,0.6586877378327023,0.6215045106314252,0.7047219637990217,,,,0.6561,0.6237,0.6875
DRC2018,2019-03-17,0.6011173184357542,0.5681885497629555,0.6333782005252735,0.6009668790055551,0.5686571093759977,0.6327004608658724,0.6006035911247034,0.5683088291268067,0.631354120585163,,,,,,,,,,0.6608113192251265,0.623581635302452,0.7068706920992929,,,,0.6589,0.6266,0.6901
DRC2018,2019-03-18,0.5991140642303433,0.5663149943312864,0.6312643453799809,0.5989679098824905,0.566781430532623,0.6305945982825254,0.5986371708877852,0.5664721422347545,0.6292635745829042,,,,,,,,,,0.6601604664304708,0.6224954125940978,0.7065267673971041,,,,0.6593,0.6272,0.6904
DRC2018,2019-03-19,0.5956284153005464,0.5630168795466493,0.6276222839627432,0.5954892479251179,0.563480704466036,0.6269647402011904,0.5951789966357548,0.5631445968628263,0.6256589627633016,,,,,,,,,,0.6607472589478822,0.6222631301401176,0.7072713459018682,,,,0.6609,0.6288,0.6919000000000001
DRC2018,2019-03-20,0.5928725701943844,0.560434716198503,0.6247177629179508,0.592739016882965,0.5608957547674689,0.6240707131386609,0.592430681918446,0.560580270381089,0.6227848962562293,,,,,,,,,,0.6603517711957497,0.6206961088508629,0.708673359487624,,,,0.6617000000000001,0.6298,0.6926
DRC2018,2019-03-21,0.5991379310344828,0.5667945548246073,0.6308500058144564,0.5989956747205385,0.5672481194337866,0.6301983257721483,0.5986632572013794,0.566937349009449,0.6288770281374897,,,,,,,,,,0.6630853881677945,0.6224097227033198,0.7134123711119735,,,,0.6651,0.6334000000000001,0.6959000000000001
DRC2018,2019-03-22,0.5995717344753747,0.5673391498688305,0.6311743637375057,0.5994297723532613,0.5677892904951926,0.6305264669210504,0.5990942072645855,0.5674747919326703,0.6292049898295522,,,,,,,,,,0.6637737674137396,0.623460209898179,0.714692339854998,,,,0.6651,0.6335000000000001,0.6958000000000001
DRC2018,2019-03-23,0.597457627118644,0.5653798893574848,0.6289253878989212,0.5973201492125066,0.5658272996240836,0.6282863720428935,0.5970035903794427,0.5655128448292372,0.6269809012237657,,,,,,,,,,0.6638222415384409,0.6235575314698719,0.7154800100348654,,,,0.6652,0.6337,0.6957
DRC2018,2019-03-24,0.5983175604626709,0.5663690877248203,0.6296552404867324,0.5981798890621433,0.566812265884827,0.6290201334856602,0.5978452961480667,0.566506506836155,0.6277124013623112,,,,,,,,,,0.6642247278236264,0.6235164604820614,0.7172085276157275,,,,0.6655,0.6342,0.6960000000000001
DRC2018,2019-03-25,0.599791013584117,0.5679594784066422,0.6310065167603995,0.5996521539117453,0.568398341132051,0.6303740269536304,0.5993175389825869,0.5680808404015321,0.6290602088626139,,,,,,,,,,0.6648869989469068,0.624143388952311,0.7188746043871393,,,,0.6667000000000001,0.6354000000000001,0.6970000000000001
DRC2018,2019-03-26,0.5985477178423236,0.5668226723988221,0.6296688709912706,0.5984115827608554,0.5672595135756389,0.6290421387290808,0.5980800207870167,0.5669515331679991,0.6277380054148971,,,,,,,,,,0.6635147815056177,0.6230297162471706,0.7182600970660722,,,,0.6648000000000001,0.6337,0.6950000000000001
DRC2018,2019-03-27,0.5991820040899796,0.567696248050328,0.6300687569405743,0.5990469517005439,0.5681260769877903,0.6294504404810364,0.598719882741139,0.5678120228688142,0.6281480118211425,,,,,,,,,,0.6685456756773032,0.6281869752225078,0.7241736871917402,,,,0.6696000000000001,0.6387,0.6996
DRC2018,2019-03-28,0.5981873111782477,0.5669363549831691,0.6288543150297712,0.5980556304157745,0.5673605097986653,0.6282462608874034,0.5977282480654628,0.5670539673081252,0.6269548549661351,,,,,,,,,,0.6711559418411776,0.6295998556025187,0.7285222557839908,,,,0.6732,0.6425000000000001,0.7030000000000001
DRC2018,2019-03-29,0.5972083748753739,0.5661080404434199,0.6277363996442269,0.5970793052264693,0.566528810657424,0.6271352998638233,0.5967620971146023,0.5662241599332587,0.6258528150993703,,,,,,,,,,0.6698786278896613,0.6270360668119429,0.7297839636120326,,,,0.6728000000000001,0.6422,0.7024
DRC2018,2019-03-30,0.6003937007874016,0.5695276495964312,0.6306763033884306,0.6002621053326411,0.5699399120260794,0.6300801050806544,0.5999318548964733,0.5696154430258712,0.6287851636773605,,,,,,,,,,0.6754545223476943,0.6320870347885341,0.7366885208432365,,,,0.6788000000000001,0.6485000000000001,0.7082
DRC2018,2019-03-31,0.5992179863147605,0.5684489160171294,0.629414427464787,0.59908882086824,0.5688593994145701,0.62882335000178,0.5987695888496867,0.5685431218190324,0.6275372611247821,,,,,,,,,,0.6720677103608199,0.6277335644199636,0.7350719854347623,,,,0.6762,0.6459,0.7055
DRC2018,2019-04-01,0.601364522417154,0.5706621457959096,0.6314835963536849,0.6012329479050821,0.5710693941233499,0.6308923756486964,0.6008952322776726,0.5707377012942682,0.6296020738836722,,,,,,,,,,0.6703365015885179,0.6264875822310869,0.7343315891784337,,,,0.674,0.6439,0.7033
DRC2018,2019-04-02,0.6034816247582205,0.5729218870597337,0.6334505141296416,0.6033483401946513,0.5733239484981238,0.6328620439181529,0.6029828719174386,0.5729335915129485,0.6315918659656485,,,,,,,,,,0.6724944419152223,0.6299041366685526,0.7370341593358272,,,,0.675,0.645,0.7041000000000001
DRC2018,2019-04-03,0.6042267050912584,0.5737797506874867,0.6340825902973908,0.6040933625161617,0.5741783611310243,0.6334974449285333,0.6037340717526227,0.573767622755187,0.6322409928338517,,,,,,,,,,0.6721082782998764,0.6298898108222136,0.7370581366895037,,,,0.6739,0.644,0.7029000000000001
DRC2018,2019-04-04,0.6051379638439581,0.5748487785304639,0.6348366306752978,0.6050047337962217,0.5752426792791667,0.6342562882256199,0.6046452639406047,0.5748076690228688,0.6330169505547849,,,,,,,,,,0.67379803747566,0.632352565970115,0.7393292896423576,,,,0.6748000000000001,0.6451,0.7037
DRC2018,2019-04-05,0.6090225563909775,0.578963546198141,0.6384767558313058,0.6088860898219944,0.5793490141338105,0.637900248481539,0.6084846603787265,0.5789223409406313,0.6367230506589069,,,,,,,,,,0.6801798504518521,0.6385511843919004,0.746346574733905,,,,0.6809000000000001,0.6514,0.7094
DRC2018,2019-04-06,0.6064814814814815,0.57662477857704,0.63575631202895,0.6063501681047206,0.5770066760062413,0.635190470217059,0.6059804673334175,0.5765581396129718,0.6339804260944543,,,,,,,,,,0.6807757192720272,0.6385122016094639,0.7484464388547774,,,,0.6817000000000001,0.6524,0.7101000000000001
DRC2018,2019-04-07,0.6112132352941176,0.5815187613358508,0.640304461381946,0.6110770939725337,0.5818935983821125,0.6397388903800343,0.6106703377728165,0.5814866813613321,0.6386008016686097,,,,,,,,,,0.6837588331879567,0.6399843303470142,0.7531000644441777,,,,0.6856,0.6565000000000001,0.7137
DRC2018,2019-04-08,0.6125226860254084,0.5830360688541923,0.6414067666337087,0.6123866897581038,0.583404892121336,0.640847328069741,0.6119834479300714,0.582997250404038,0.639732093322025,,,,,,,,,,0.6874298003890864,0.6440999263026084,0.7574170554349952,,,,0.6893,0.6605000000000001,0.7173
DRC2018,2019-04-09,0.6116071428571429,0.5823541094728928,0.6402722352465542,0.6114744187009314,0.5827176630588535,0.639722534309766,0.6110773832138792,0.582314597429193,0.6385989124647246,,,,,,,,,,0.6903406631929275,0.646147763295893,0.7613015580100431,,,,0.6931,0.6644,0.7208
DRC2018,2019-04-10,0.612280701754386,0.5832985864348055,0.6406817902366374,0.6121495166825497,0.5836550521890213,0.6401412184909872,0.6117594511976445,0.5832505554092345,0.6390325771160104,,,,,,,,,,0.6952805020991837,0.6489729257856676,0.7684328532844314,,,,0.6989000000000001,0.6705,0.7263000000000001
DRC2018,2019-04-11,0.6117850953206239,0.5829780940454229,0.6400207148418224,0.6116560721428408,0.5833305555838295,0.6394870972815205,0.6112697230050332,0.582929602943338,0.6383750846355477,,,,,,,,,,0.6945793803582934,0.645973208150787,0.7699060731100296,,,,0.6992,0.671,0.7265
DRC2018,2019-04-12,0.6183986371379898,0.5899163545934145,0.6462860932099554,0.6182643061551831,0.590257236048878,0.6457565231468336,0.6178521221057699,0.5898148701776766,0.6446680923791933,,,,,,,,,,0.7054959594610701,0.6560404672635807,0.7834628466171619,,,,0.7102,0.6824,0.737
DRC2018,2019-04-13,0.6219409282700422,0.5936352566779506,0.6496396909353251,0.6218038612434706,0.5939700095139249,0.6491123629367951,0.6213840456467187,0.5935047754714844,0.6479529020558837,,,,,,,,,,0.7067429593234207,0.6555800185707252,0.7872306156246518,,,,0.7125,0.685,0.7391000000000001
DRC2018,2019-04-14,0.6243739565943238,0.596254869199299,0.6518807847079715,0.624235670238219,0.596583939876383,0.6513573646190483,0.6238035247180793,0.5961039668113296,0.6501532334767975,,,,,,,,,,0.7088604814399617,0.6580993951409385,0.7908751117445996,,,,0.7142000000000001,0.6868000000000001,0.7405
DRC2018,2019-04-15,0.6255178127589064,0.5975200797199507,0.6529022947190595,0.6253792941667609,0.5978457222225868,0.6523819313829664,0.624935784056603,0.5973598960185501,0.6511598645082535,,,,,,,,,,0.7070533004561681,0.6567196747330483,0.7905835205204036,,,,0.7121000000000001,0.6848000000000001,0.7383000000000001
DRC2018,2019-04-16,0.6266339869281046,0.5988495704350882,0.65380835733603,0.6264961756230261,0.5991697033225872,0.6532944081508452,0.6260422168507044,0.5986790705603445,0.6520611265931716,,,,,,,,,,0.7101858318531726,0.661123521351546,0.7951162564878128,,,,0.7145,0.6875,0.7406
DRC2018,2019-04-17,0.6286407766990292,0.6010194663254291,0.6556484277480601,0.6285021393114854,0.6013348448265722,0.6551380167142908,0.6280309638622492,0.6008340584090063,0.6538712741889947,,,,,,,,,,0.710655418531802,0.6608538504106757,0.797131396243216,,,,0.7145,0.6877,0.7404000000000001
DRC2018,2019-04-18,0.6306954436450839,0.6032698546109423,0.6575050965230305,0.6305562791532363,0.6035797704415053,0.6569993368766818,0.6300623395469662,0.6030340566833621,0.6557097617802944,,,,,,,,,,0.7132680190925376,0.6640149152431811,0.8009679176503697,,,,0.7169,0.6903,0.7426
DRC2018,2019-04-19,0.6288659793814433,0.6015291636144564,0.6556003488475126,0.6287298500594363,0.6018379750396061,0.6550998994178312,0.6282591973344543,0.6013385105536426,0.6538466255040031,,,,,,,,,,0.7086182137122952,0.6594714813328416,0.79667121427744,,,,0.7117,0.6851,0.7373000000000001
DRC2018,2019-04-20,0.6330708661417322,0.605886256728766,0.6596377890776581,0.6329312901046937,0.6061896124204976,0.659137922597179,0.6324404078978916,0.6055913428151356,0.6578948190379469,,,,,,,,,,0.7105206058824252,0.6625478698333627,0.7993189253078202,,,,0.7126,0.6861,0.738
DRC2018,2019-04-21,0.6342229199372057,0.6070968934472436,0.6607278770232345,0.634082577119953,0.607398395308459,0.6602287710693275,0.6335921425544362,0.6068098976954794,0.659005032315592,,,,,,,,,,0.7066621592604401,0.6603784325851905,0.7955193656214047,,,,0.7081000000000001,0.6817000000000001,0.7336
DRC2018,2019-04-22,0.6324786324786325,0.6054709478123663,0.6588795735600481,0.632341511394819,0.6057706524537761,0.6583867211044396,0.6318517009148885,0.6052004790011025,0.657144262895928,,,,,,,,,,0.7057863708451919,0.6616831507188238,0.7932509943422148,,,,0.7054,0.6791,0.7308
DRC2018,2019-04-23,0.6295157571099155,0.6026203495457865,0.6558244449726458,0.6293831440057205,0.6029189701727138,0.6553389378694687,0.6289101065394823,0.6024200878257943,0.6541002342036654,,,,,,,,,,0.7030458112548073,0.6591203350695789,0.7899182017786514,,,,0.7019000000000001,0.6757000000000001,0.7273000000000001
DRC2018,2019-04-24,0.630451415455241,0.6036307818882114,0.6566838201862918,0.630318456924964,0.6039273050097325,0.6561999000170159,0.6298418559854588,0.6034240395481634,0.6549462935357218,,,,,,,,,,0.7001957235119625,0.6564812716222871,0.7863343384003221,,,,0.6991,0.6729,0.7244
DRC2018,2019-04-25,0.6270676691729323,0.6004445343595526,0.6531278417960181,0.6269403971029333,0.6007382889585118,0.6526545781375335,0.6264944322434117,0.6002554385171136,0.6514843113574675,,,,,,,,,,0.7024736607606026,0.6601528168816719,0.7869558562713109,,,,0.7004,0.6744,0.7256
DRC2018,2019-04-26,0.6276831976313841,0.6012798304940903,0.6535297362837585,0.6275572951878128,0.6015684766910065,0.6530634223627365,0.6271064183357645,0.6010843487579952,0.6518940067412285,,,,,,,,,,0.7059097547640629,0.6615393210178482,0.7912397117153475,,,,0.7055,0.6797000000000001,0.7304
DRC2018,2019-04-27,0.6300072833211945,0.6038488762385428,0.6556078710920605,0.6298811414871508,0.6041311506981418,0.6551475081966982,0.6294221983534493,0.6036370425006735,0.653945852416507,,,,,,,,,,0.7113103245075747,0.665312677902415,0.7975678136743765,,,,0.7118,0.6863,0.7364
DRC2018,2019-04-28,0.6364285714285715,0.6106086983263697,0.6616744145222858,0.6362987498621415,0.6108809437443012,0.6612188063023032,0.6358266993550268,0.6103529084984942,0.6600913816001321,,,,,,,,,,0.72338287920405,0.6754171202229785,0.8110090430892043,,,,0.7256,0.7006,0.7497
DRC2018,2019-04-29,0.6393210749646393,0.6136694669948146,0.6643923148120991,0.639189812442074,0.6139369622128991,0.6639393791959513,0.6387032751367847,0.6134012268338853,0.6628481444287526,,,,,,,,,,0.7242896685573845,0.6733443851992273,0.8130450878650035,,,,0.7278,0.7030000000000001,0.7517
DRC2018,2019-04-30,0.642407277816655,0.616934354553141,0.6672932334467234,0.6422745147496789,0.6171968712725447,0.6668431118402764,0.6417945201538846,0.6166485173561378,0.6657371418093151,,,,,,,,,,0.7267078368191731,0.676172333672555,0.81627178345827,,,,0.7302000000000001,0.7056,0.7539
DRC2018,2019-05-01,0.6426592797783933,0.6173254891230499,0.6674112191544684,0.6425276621927904,0.6175850467926527,0.6669656134671473,0.642053313537466,0.6170374523722502,0.6658631333891681,,,,,,,,,,0.7259837367542163,0.67572750886989,0.8154160671656492,,,,0.7295,0.7050000000000001,0.7531
DRC2018,2019-05-02,0.6438824333561176,0.6187338186863273,0.6684518816379987,0.6437514098442809,0.6189891130300625,0.6680113085006149,0.6432791588152602,0.618454957917742,0.666907424490186,,,,,,,,,,0.7281424220948489,0.6783206744858505,0.8182734747690897,,,,0.7313000000000001,0.7070000000000001,0.7547
DRC2018,2019-05-03,0.6443542934415145,0.619351576241483,0.6687822774381772,0.6442242611671454,0.6196037348725557,0.6683461803055243,0.6437551311018319,0.6190868234800658,0.6672446355598617,,,,,,,,,,0.7276041539525575,0.6774397110323164,0.8185529556905086,,,,0.7307,0.7066,0.754
DRC2018,2019-05-04,0.6471774193548387,0.6222902585118525,0.671482160515168,0.6470456452343323,0.6225390030095045,0.6710469961912354,0.6465677040821217,0.6220031286829367,0.6699835766310711,,,,,,,,,,0.7265052304354278,0.6768306980567732,0.8176810619486001,,,,0.7295,0.7055,0.7527
DRC2018,2019-05-05,0.650066401062417,0.6253716347525811,0.6741744491778952,0.6499336449107205,0.6256154622478083,0.6737427602455097,0.649432379854172,0.625053746038268,0.6726440873276213,,,,,,,,,,0.7304964343565938,0.6825795700749893,0.8221383001868399,,,,0.7321000000000001,0.7083,0.7551
DRC2018,2019-05-06,0.6510862409479921,0.6265140891707763,0.6750727752837726,0.6509537255690913,0.6267551250895567,0.6746441744220817,0.6504517183636578,0.6261795155385032,0.6735237067226022,,,,,,,,,,0.7294171693007587,0.6815020762995061,0.8215303103977611,,,,0.7309,0.7072,0.7537
DRC2018,2019-05-07,0.6538461538461539,0.629436147067177,0.6776657028934313,0.6537125361802891,0.6296730102647279,0.6772396752399956,0.6532145892010999,0.6290955705772316,0.6761405267224477,,,,,,,,,,0.73168280089561,0.6847153099718051,0.824158139355344,,,,0.7325,0.7090000000000001,0.7552
DRC2018,2019-05-08,0.6553966189856957,0.6310413226294023,0.6791570591671179,0.655262005435129,0.6312765678085108,0.6787312352171792,0.6547635396097296,0.630685466720747,0.677654318147739,,,,,,,,,,0.7275409842525962,0.681116524672333,0.8195700798621992,,,,0.7278,0.7043,0.7505000000000001
DRC2018,2019-05-09,0.6515054452274183,0.6272797809914739,0.6751597863937406,0.6513761347740198,0.6275139224487445,0.6747424617399633,0.6508916398154696,0.6269515798722539,0.6736339224357891,,,,,,,,,,0.7273745649867817,0.6834618726301198,0.8187661621258561,,,,0.7259,0.7025,0.7486
DRC2018,2019-05-10,0.650571791613723,0.626435899616328,0.6741446131988695,0.6504443386703389,0.6266686444296481,0.6737312636924064,0.6499566504391229,0.6261074946680516,0.6726562173037041,,,,,,,,,,0.724205271311047,0.6794726441396494,0.8154946797621848,,,,0.7233,0.6999000000000001,0.7458
DRC2018,2019-05-11,0.6463567839195979,0.6223044508391367,0.6698680699895148,0.6462342985309326,0.622537097112867,0.6694617710359135,0.6457756491328004,0.6220184297793874,0.668445000948729,,,,,,,,,,0.7205052997412008,0.6764653591735561,0.8113218898739405,,,,0.7193,0.6959000000000001,0.7418
DRC2018,2019-05-12,0.6406926406926406,0.6167589481443381,0.6641143584126705,0.6405767147547028,0.6169913454302067,0.6637174980935829,0.6401260678911183,0.6164771646133849,0.6626808673400693,,,,,,,,,,0.7177631639671074,0.6738936477198101,0.8078370990174609,,,,0.7167,0.6934,0.7392000000000001
DRC2018,2019-05-13,0.6421568627450981,0.6183541349966095,0.6654470701377458,0.6420408061218108,0.6185834735407517,0.6650530449491092,0.6415890244397155,0.6180883807492299,0.664011953593591,,,,,,,,,,0.7175516778066419,0.6721970172542581,0.8076695583824327,,,,0.7175,0.6944,0.7399
DRC2018,2019-05-14,0.6414294367050273,0.6177580588712468,0.6645968326748702,0.6413153017679591,0.617985132970601,0.6642077383677103,0.6408651828717383,0.6174833011832527,0.663176308259485,,,,,,,,,,0.717415112585124,0.6724107774155763,0.8070412730705868,,,,0.7177,0.6947,0.74
DRC2018,2019-05-15,0.6417464114832536,0.6182313635117141,0.6647627379133227,0.6416334564450505,0.6184553400629904,0.6643783569966271,0.6411861959237203,0.6179676228429458,0.6633508620935132,,,,,,,,,,0.718848391853399,0.6735897543886225,0.8082692431845729,,,,0.7193,0.6965,0.7415
DRC2018,2019-05-16,0.6447602131438721,0.6214040710639607,0.6676121786969593,0.644646016693561,0.6216239995688316,0.6672300501479891,0.6442036729194247,0.6211340180466606,0.6662380097559258,,,,,,,,,,0.721212865907114,0.6753369184509304,0.8106923647243949,,,,0.7223,0.6996,0.7442000000000001
DRC2018,2019-05-17,0.647985989492119,0.6248388174315123,0.6706250074319609,0.6478708827677607,0.6250537550842584,0.670246526181547,0.64743550749006,0.6245593800161005,0.6692914862111777,,,,,,,,,,0.7269703110237508,0.6809576045327922,0.8169524697073399,,,,0.7279,0.7054,0.7495
DRC2018,2019-05-18,0.6487268518518519,0.6256921817446295,0.6712552858123393,0.6486121723624707,0.6259047936120377,0.6708796995910411,0.648175458012091,0.625413668528032,0.6699292703640881,,,,,,,,,,0.7255698933704262,0.6789022853612298,0.8158254493161422,,,,0.727,0.7047,0.7486
DRC2018,2019-05-19,0.6501726121979287,0.6272245926091595,0.6726124294402885,0.6500574836980089,0.627435139578297,0.6722382503785345,0.6496093835324324,0.6269178211368868,0.6712545337181081,,,,,,,,,,0.7235499873861807,0.6774416327186992,0.8135049830613907,,,,0.7244,0.7022,0.7459
DRC2018,2019-05-20,0.6452529846503695,0.6223826696709274,0.6676376828400259,0.6451429563389183,0.622593390318199,0.6672704983354809,0.6447122412664698,0.62212683597862,0.6663184922513808,,,,,,,,,,0.7197115019028351,0.6754210860025829,0.808275756010558,,,,0.7199,0.6977,0.7414000000000001
DRC2018,2019-05-21,0.6484814398200225,0.6257770157179925,0.6706947804578707,0.648370167049078,0.6259836581702738,0.6703298721253244,0.6479451804930487,0.6255008161206644,0.6693991257015293,,,,,,,,,,0.7230160848095575,0.6782781215573479,0.8121912587301252,,,,0.7230000000000001,0.7009000000000001,0.7443000000000001
DRC2018,2019-05-22,0.6484069312465064,0.6257730027378534,0.6705530631548675,0.6482963976973941,0.6259783886476128,0.6701904343932765,0.6478742408233835,0.6254972959826789,0.6692639182139123,,,,,,,,,,0.7196041573833405,0.6750478278962346,0.8082236486752374,,,,0.7198,0.6978000000000001,0.7411
DRC2018,2019-05-23,0.6477777777777778,0.6252066606816189,0.669866159392128,0.6476683850041167,0.6254111077440592,0.6695060616366304,0.6472475133672697,0.6249312395536094,0.6685846226977856,,,,,,,,,,0.7164380821460143,0.6734813516726349,0.8040683349257292,,,,0.7156,0.6936,0.7369
DRC2018,2019-05-24,0.6500829187396352,0.6275985897331358,0.6720794272054287,0.6499723719263344,0.62780074880684,0.6717199649939283,0.6495451835807542,0.6273032771362267,0.6707690652895013,,,,,,,,,,0.7157819429037078,0.6741876687689731,0.8023872967461533,,,,0.7143,0.6924,0.7355
DRC2018,2019-05-25,0.6507150715071507,0.6282958172797681,0.6726468899409395,0.6506046082689678,0.6284966133741607,0.6722888906519424,0.6501796464985847,0.6279916379556827,0.6713251395363592,,,,,,,,,,0.7137935052570161,0.6735564227041505,0.7986956137683939,,,,0.7113,0.6894,0.7324
DRC2018,2019-05-26,0.6500547645125958,0.6276772818345132,0.6719490919380797,0.6499452667619974,0.6278775343893976,0.6715929872111082,0.6495209366952908,0.6273847386503003,0.6706497786244898,,,,,,,,,,0.7104701464032699,0.6715935082442328,0.7934816726906472,,,,0.7069000000000001,0.6851,0.7281000000000001
DRC2018,2019-05-27,0.6512008733624454,0.6288755826684986,0.6730409185953089,0.6510909003849699,0.6290745518242078,0.6726854122617771,0.6506617272183596,0.6285769014186092,0.6717147445896327,,,,,,,,,,0.7086815594182292,0.6709158333187003,0.7896872634967913,,,,0.7043,0.6825,0.7254
DRC2018,2019-05-28,0.6526202052944354,0.6304306361155441,0.6743250305006547,0.652510338686636,0.6306267675123054,0.6739724750292049,0.6520651007173831,0.630136740599417,0.6729727453459231,,,,,,,,,,0.7124522203956948,0.6759070003859384,0.7921110290403038,,,,0.7072,0.6856,0.7282000000000001
DRC2018,2019-05-29,0.6548387096774193,0.6327330886857113,0.6764549253971748,0.6547277850087815,0.6329270799733142,0.6761029939273893,0.654280577818741,0.6324039536272349,0.6750530746222887,,,,,,,,,,0.7121976769400683,0.675836730123152,0.7908567339185637,,,,0.7073,0.6858000000000001,0.7282000000000001
DRC2018,2019-05-30,0.6537234042553192,0.6317236915008537,0.67524244877799,0.6536144494002543,0.6319161580248018,0.6748947940900294,0.6531728461466413,0.6314120129820795,0.6738785222940376,,,,,,,,,,0.7134260295596542,0.6777103341131533,0.7907179959468397,,,,0.7083,0.6869000000000001,0.7291000000000001
DRC2018,2019-05-31,0.6537234042553192,0.6317236915008537,0.67524244877799,0.6536144494002543,0.6319161580248018,0.6748947940900294,0.6531728461466413,0.6314120129820795,0.6738785222940376,,,,,,,,,,0.7074648329104738,0.6717815824852912,0.7831424554427092,,,,0.7031000000000001,0.6817000000000001,0.7240000000000001
DRC2018,2019-06-01,0.6552631578947369,0.6334021489417963,0.6766438228733895,0.6551542693467263,0.6335917510975557,0.6762990891693956,0.6547115140157282,0.6330664248128237,0.6752629364241212,,,,,,,,,,0.7122863425739632,0.6778736118900424,0.7858692527665031,,,,0.7070000000000001,0.6857000000000001,0.7277
DRC2018,2019-06-02,0.6541274817136886,0.6323335385915376,0.6754481128101899,0.6540201797969215,0.6325223076043598,0.675106435498869,0.6535805002859363,0.6320154391422625,0.6740935759815038,,,,,,,,,,0.7106030992225698,0.6760036852369206,0.7828404004217968,,,,0.7061000000000001,0.6849000000000001,0.7268
DRC2018,2019-06-03,0.6542056074766355,0.6324821508481833,0.6754584832164828,0.6540989196431586,0.6326696793363284,0.6751188955439607,0.6536605816413086,0.6321628288682755,0.6741088167433877,,,,,,,,,,0.7098783242666112,0.6753101069784864,0.780764311175511,,,,0.7059000000000001,0.6847000000000001,0.7265
DRC2018,2019-06-04,0.6540652511651994,0.6323687359835981,0.6752928405133771,0.6539589362683433,0.6325558401618412,0.6749541970952564,0.6535213595991803,0.6320515734355743,0.67394964968574,,,,,,,,,,0.7065101094136024,0.6724197988229972,0.7758843128524999,,,,0.7025,0.6814,0.7231000000000001
DRC2018,2019-06-05,0.6572018585441404,0.6355806251886924,0.6783460956541034,0.6570937149724465,0.6357655465519254,0.6780070317331474,0.6566486781236193,0.6352181865265424,0.6770199382387345,,,,,,,,,,0.7076884771158094,0.6745642434697957,0.7750752110983771,,,,0.7034,0.6823,0.7239
DRC2018,2019-06-06,0.6575835475578407,0.6360128396850582,0.6786780796973899,0.6574755870221309,0.6361967915281279,0.6783402306855396,0.6570290050111136,0.635648907234791,0.6773628729174115,,,,,,,,,,0.7068583942318347,0.6744036716061,0.7726190727641467,,,,0.7020000000000001,0.681,0.7225
DRC2018,2019-06-07,0.6589861751152074,0.6374792785188368,0.6800146320600498,0.6588776995244109,0.6376617548624756,0.6796775143550019,0.6584182666894478,0.6371177287527723,0.678729805160343,,,,,,,,,,0.7071574726728684,0.6752521044228317,0.7709689729909871,,,,0.7018,0.6809000000000001,0.7222000000000001
DRC2018,2019-06-08,0.6574923547400612,0.6360161439262857,0.6784968184762131,0.6573853910126832,0.6361985141540125,0.6781619350036255,0.656942026450817,0.6356528631905695,0.6771874922494797,,,,,,,,,,0.7048607229962678,0.6733941721348152,0.7664468674242458,,,,0.6993,0.6784,0.7197
DRC2018,2019-06-09,0.6585365853658537,0.6371076371166154,0.6794921112867635,0.6584292404934494,0.6372889179719861,0.6791577664140104,0.6579765085498879,0.636740542127659,0.6782053421595369,,,,,,,,,,0.7041668322739529,0.6732172445771204,0.7642043294854365,,,,0.6988000000000001,0.6779000000000001,0.7191000000000001
DRC2018,2019-06-10,0.6585735963581184,0.637195035397482,0.6794807951708824,0.6584667149176993,0.6373754552501878,0.679147953252867,0.6580150678390869,0.6368291865784844,0.678198665473241,,,,,,,,,,0.7037708248233727,0.6734395768987818,0.7620797769134704,,,,0.6979000000000001,0.677,0.7182000000000001
DRC2018,2019-06-11,0.6587939698492462,0.637489785241881,0.6796292413203036,0.6586876386449632,0.6376688928849434,0.6792984702997069,0.6582377416055633,0.6371294186073481,0.6783569151586426,,,,,,,,,,0.7048204364220829,0.6748668854803617,0.7616277051748477,,,,0.6993,0.6785,0.7196
DRC2018,2019-06-12,0.653922542204568,0.6326855943980889,0.6747104396615099,0.6538207005471891,0.6328649013150542,0.6743858018695128,0.6533929562186727,0.6323708168789258,0.6734161416161091,,,,,,,,,,0.7039666566420498,0.6741201862819526,0.7596153653857282,,,,0.6988000000000001,0.6781,0.7190000000000001
DRC2018,2019-06-13,0.6544916090819348,0.6333261798289372,0.6752090132554558,0.654389995984386,0.6335041270108142,0.674886040858119,0.6539632667908668,0.6330027486886033,0.6739066264893,,,,,,,,,,0.7035838645693244,0.6731525002604074,0.7593552611769139,,,,0.6998000000000001,0.6792,0.7200000000000001
DRC2018,2019-06-14,0.6534313725490196,0.6323268922422189,0.674093982087252,0.6533311489616143,0.6325041041724508,0.673773696684649,0.6529100966186479,0.6320197590528437,0.6728254626327695,,,,,,,,,,0.7029525433802373,0.6723793504849451,0.7580463054097679,,,,0.6998000000000001,0.6792,0.7199
DRC2018,2019-06-15,0.6553067185978578,0.6342994049000121,0.675869821650802,0.6552059610616944,0.6344744870590908,0.6755508862946884,0.6547847738662107,0.6339640451331455,0.6745614616090966,,,,,,,,,,0.7052709140202378,0.6743209025591066,0.7600628228482258,,,,0.7026,0.6821,0.7225
DRC2018,2019-06-16,0.6533269045323047,0.6323984601312693,0.6738210679997427,0.6532283901368594,0.6325727581848593,0.673506073971474,0.6528120998744338,0.6320930555070788,0.6725721499765607,,,,,,,,,,0.7054371195822884,0.6743065189150537,0.7600730430812213,,,,0.7032,0.6828000000000001,0.7231000000000001
DRC2018,2019-06-17,0.654048873981792,0.6331960496773091,0.6744681057799617,0.6539505118947468,0.6333689001847648,0.6741547568420982,0.6535353328008489,0.6328798372791742,0.6732076307913389,,,,,,,,,,0.7055935171810802,0.6736067681040911,0.7602733567536222,,,,0.7040000000000001,0.6837000000000001,0.7238
DRC2018,2019-06-18,0.6564885496183206,0.6357121333717105,0.6768263996834403,0.6563890585499235,0.6358830821727711,0.6765133349721376,0.6559761298576642,0.6353599526384072,0.6755546020810796,,,,,,,,,,0.7065660887000265,0.6745435673439437,0.7611610082000964,,,,0.7053,0.685,0.7250000000000001
DRC2018,2019-06-19,0.6563981042654028,0.6356910355491684,0.6766697888279828,0.6562993300781421,0.6358608693354737,0.676358837958334,0.6558889219281802,0.6353403943449021,0.6754018632247373,,,,,,,,,,0.7067411016944439,0.6751529419309369,0.7609384453260606,,,,0.7052,0.685,0.7249
DRC2018,2019-06-20,0.6589513462446859,0.6383118092911682,0.6791498525378339,0.6588512912687021,0.6384798835419766,0.6788388309759112,0.6584211024793503,0.6379688204160474,0.6779320853645862,,,,,,,,,,0.7072017980611003,0.6756447263704428,0.7615081599364586,,,,0.7056,0.6855,0.7252000000000001
DRC2018,2019-06-21,0.6580675422138836,0.637490969298341,0.6782086475115643,0.657968743220795,0.6376582449696571,0.6779001886295069,0.657545395656393,0.6371345740080032,0.6769802745161305,,,,,,,,,,0.7070840451597216,0.676181984609101,0.7611859305721924,,,,0.7050000000000001,0.685,0.7246
DRC2018,2019-06-22,0.6582750582750583,0.6377648833141658,0.6783518536194532,0.6581767288100271,0.6379310295208664,0.6780451737848207,0.6577536554490923,0.6374134416049401,0.6771322559644986,,,,,,,,,,0.7070002676721647,0.6760269230448153,0.7612929670983444,,,,0.7050000000000001,0.685,0.7244
DRC2018,2019-06-23,0.6576869484440316,0.6372082538599428,0.6777354916457853,0.6575893481602527,0.6373740390644804,0.6774301987344168,0.65717377305394,0.6368479172723208,0.6765080618095046,,,,,,,,,,0.7045622267339997,0.6737832481566659,0.7591980424213702,,,,0.7028,0.6828000000000001,0.7223
DRC2018,2019-06-24,0.6577614002763703,0.637370488149249,0.6777255498393145,0.657664563064355,0.6375348375249033,0.6774227538787655,0.6572512191905926,0.6370131963741859,0.6765062272003939,,,,,,,,,,0.7064838367694923,0.6763406211553311,0.7605199209888839,,,,0.7042,0.6843,0.7236
DRC2018,2019-06-25,0.6582684379294549,0.6379412070250743,0.6781699017788205,0.6581718232200187,0.6381044062909181,0.6778685566230225,0.6577557741513559,0.637593736099773,0.6769643145916368,,,,,,,,,,0.706172273219673,0.6756163789066415,0.7603174091085783,,,,0.7041000000000001,0.6843,0.7234
DRC2018,2019-06-26,0.6602739726027397,0.640005429777055,0.680112731550929,0.6601764461592128,0.6401671953897023,0.6798115140710614,0.6597543051800876,0.6396924008199879,0.6789463463120806,,,,,,,,,,0.706245111748243,0.6758224992614797,0.7601821089259491,,,,0.7044,0.6846,0.7236
DRC2018,2019-06-27,0.6622787108488425,0.6420971274148105,0.6820277105342951,0.6621805469011794,0.6422570229781073,0.6817274395149238,0.6617570965151294,0.6417763437903674,0.6809023462185466,,,,,,,,,,0.7086554151444875,0.6789355411455577,0.7619780843939851,,,,0.7062,0.6865,0.7254
DRC2018,2019-06-28,0.6605049594229035,0.6403703755608634,0.680214608799484,0.6604085247098896,0.6405299556021815,0.6799170939138351,0.6599889586839587,0.6400639201997639,0.6790623241518594,,,,,,,,,,0.7073623590697292,0.6777726070235468,0.7607892911576508,,,,0.7050000000000001,0.6854,0.7242000000000001
DRC2018,2019-06-29,0.6584491259524877,0.6383485452946251,0.6781326846160491,0.6583544808743913,0.6385080842282274,0.6778377412943865,0.6579465055355929,0.6380090655691966,0.6769476248784904,,,,,,,,,,0.7049538348624864,0.6753857476690519,0.7577395751926747,,,,0.7026,0.683,0.7217
DRC2018,2019-06-30,0.6581996434937611,0.6381554549750588,0.6778298958934323,0.6581056945864778,0.6383141608195033,0.677536760663932,0.6577005726934969,0.6378131448802372,0.6766448595490305,,,,,,,,,,0.7045322896907642,0.6750595868940336,0.7569493281418767,,,,0.7024,0.6828000000000001,0.7215
DRC2018,2019-07-01,0.6601769911504425,0.6402301123542334,0.6797077383787704,0.660082541039158,0.6403868108671189,0.6794158775943215,0.6596706106820175,0.6399221422023741,0.6785639698518636,,,,,,,,,,0.7073828548622876,0.6778876165537722,0.7597552875744578,,,,0.7051000000000001,0.6857000000000001,0.7241000000000001
DRC2018,2019-07-02,0.6610989010989011,0.6412308909255489,0.6805511584715878,0.6610045333718553,0.6413861366049569,0.6802608498653073,0.6605942175173123,0.6409269691771865,0.6794290023601813,,,,,,,,,,0.7086335098913451,0.6788472826123815,0.7608240258232295,,,,0.7068,0.6874,0.7256
DRC2018,2019-07-03,0.6608391608391608,0.6410255568521726,0.6802400575275649,0.6607454803018387,0.6411800147936417,0.6799514997746919,0.6603364213409777,0.640724935628973,0.6791175443752836,,,,,,,,,,0.7079517194469986,0.678069998484673,0.7599569663000195,,,,0.7062,0.6869000000000001,0.7250000000000001
DRC2018,2019-07-04,0.6618736383442266,0.6421039840208733,0.6812292017508284,0.6617796426939409,0.6422575174036138,0.6809411116879233,0.661370167286595,0.6417964399851818,0.6801274824379449,,,,,,,,,,0.7069320875702785,0.6770998069821065,0.7586967690796875,,,,0.7052,0.6859000000000001,0.7240000000000001
DRC2018,2019-07-05,0.6614583333333334,0.6417228671678024,0.6807823968385631,0.6613649448826794,0.6418759665219278,0.6804955950544542,0.6609594622010515,0.64141933709346,0.6796761812948348,,,,,,,,,,0.7054207652326436,0.6763147615161424,0.7566183515051496,,,,0.7033,0.6841,0.7221000000000001
DRC2018,2019-07-06,0.6616248919619706,0.6419350936499331,0.680904653973998,0.6615318109610173,0.6420874473736597,0.6806190242433585,0.6611278068281121,0.6416314021116132,0.6798046299712737,,,,,,,,,,0.7048933523467927,0.6762512825706387,0.7556437777983581,,,,0.7023,0.6831,0.7211000000000001
DRC2018,2019-07-07,0.6609294320137694,0.6412741650691722,0.6801781982956019,0.6608371501324903,0.6414261451539831,0.6798940691734143,0.6604332438613278,0.6409765877262685,0.6790689920924794,,,,,,,,,,0.7034605002044345,0.6750344478434345,0.7537527286971633,,,,0.7008,0.6816,0.7195
DRC2018,2019-07-08,0.6628106255355612,0.6432220846189718,0.6819896795447968,0.6627176647051944,0.6433726064350844,0.6817060303170892,0.6623124561556353,0.6429120664143851,0.6809170460899471,,,,,,,,,,0.7047569913079206,0.6767273426855502,0.7545091352297537,,,,0.7020000000000001,0.6828000000000001,0.7206
DRC2018,2019-07-09,0.6623986342296202,0.6428433096954724,0.6815470890835167,0.6623062646392284,0.6429934152108263,0.6812646883968208,0.6619017814826724,0.6425371900363543,0.6804699695088522,,,,,,,,,,0.7034375263189103,0.675798648168802,0.7525685374855788,,,,0.7004,0.6814,0.7191000000000001
DRC2018,2019-07-10,0.6588884174798473,0.6393487947100785,0.6780323592016921,0.6587985809901087,0.6394994586078209,0.6777529946279949,0.6584063801255385,0.6390286013892852,0.6768973496918186,,,,,,,,,,0.7004247635867789,0.6730921021927004,0.7488942476537822,,,,0.6972,0.6781,0.7158
DRC2018,2019-07-11,0.65625,0.6367247522149118,0.675387966722655,0.656162065485228,0.6368758000764851,0.6751109181365144,0.655786503646479,0.6363885496392031,0.6742094436398866,,,,,,,,,,0.6972332726607393,0.6699824686145618,0.7451986033854245,,,,0.6942,0.6751,0.7129000000000001
DRC2018,2019-07-12,0.6550566512798993,0.6355799650658642,0.6741514535818017,0.6549699373772884,0.6357305370854334,0.673876606030527,0.6545985056087951,0.6352647447692178,0.6729957767282296,,,,,,,,,,0.6968258443681187,0.6697624344723445,0.7442832815331852,,,,0.6937,0.6746,0.7123
DRC2018,2019-07-13,0.6559498956158664,0.6365336231793659,0.6749840177526897,0.6558631189303384,0.6366830592213186,0.6747102042847533,0.6554907216316455,0.6362053495202897,0.6738123464255709,,,,,,,,,,0.6974381896766193,0.670267687559524,0.744789783928098,,,,0.6947,0.6757000000000001,0.7132000000000001
DRC2018,2019-07-14,0.6539260490236809,0.6345353393524302,0.6729414677451915,0.653840825295938,0.6346848441325361,0.6726697890257922,0.6534735533096401,0.6342408295770816,0.6718210392067454,,,,,,,,,,0.6951445096512641,0.6681531317491374,0.7420489662678504,,,,0.6927,0.6737000000000001,0.7112
DRC2018,2019-07-15,0.6542597187758478,0.6349179251542332,0.6732271287207847,0.654174698654842,0.6350666011685944,0.6729565583471349,0.6538116434366987,0.6346191914407724,0.6721031356904584,,,,,,,,,,0.695029394936267,0.6681663256206218,0.7414748928634332,,,,0.6925,0.6736000000000001,0.7110000000000001
DRC2018,2019-07-16,0.6606260296540363,0.6414011038584072,0.6794627124877115,0.6605378651417531,0.6415465730241074,0.6791908528487278,0.6601468361233059,0.6411151872341193,0.6783802233330773,,,,,,,,,,0.7010102787107438,0.674115302227946,0.7474807550632385,,,,0.6987,0.6799000000000001,0.7171000000000001
DRC2018,2019-07-17,0.6607875307629204,0.6416048392964908,0.6795831926262791,0.6606996394185984,0.6417496350151607,0.6793123860883421,0.6603102128019429,0.6413196263654967,0.6785064905234216,,,,,,,,,,0.7006297616820261,0.6739158993955988,0.7466722323067949,,,,0.6981,0.6794,0.7164
DRC2018,2019-07-18,0.6610929853181077,0.641969966682254,0.6798304661386882,0.6610054295377494,0.6421137970060152,0.679561089871278,0.6606184062108016,0.6416839839528722,0.6787631985121453,,,,,,,,,,0.7015441826218242,0.6750161972972594,0.7470905864888422,,,,0.6991,0.6804,0.7174
DRC2018,2019-07-19,0.6615384615384615,0.6424920874917445,0.6802010653193362,0.6614513031495404,0.6426346717869822,0.6799334845571036,0.6610674605287894,0.6422047649035061,0.6791467455557847,,,,,,,,,,0.7034830882043805,0.6769398091352817,0.7488653688293717,,,,0.7011000000000001,0.6824,0.7192000000000001
DRC2018,2019-07-20,0.6614331723027376,0.6424403268771879,0.6800446733838663,0.6613465613998504,0.6425821339752225,0.6797786376657319,0.6609641742108245,0.6421550465237489,0.67899250826032,,,,,,,,,,0.7033000414715334,0.6764418486235407,0.7486074938813381,,,,0.7013,0.6827000000000001,0.7194
DRC2018,2019-07-21,0.6601281024819856,0.6411737816983196,0.6787063002089215,0.6600426730303517,0.6413152939655647,0.6784422324059836,0.6596562649427511,0.6408856071020853,0.6776354518398597,,,,,,,,,,0.7020902165797775,0.675107214214765,0.7476699557176069,,,,0.7006,0.6821,0.7187
DRC2018,2019-07-22,0.6600079904115062,0.6410715356745154,0.6785693602377603,0.6599227954865652,0.6412128071988118,0.6783058633234953,0.6595368041589285,0.6407818505810026,0.6774978444295576,,,,,,,,,,0.6996000022683303,0.6725670659803157,0.7450070866251612,,,,0.6980000000000001,0.6795,0.7161000000000001
DRC2018,2019-07-23,0.6600476568705321,0.6411692731380622,0.6785531117360841,0.6599629482273918,0.6413096716631717,0.6782911682793076,0.6595784126042817,0.6408814228602027,0.6774865080415692,,,,,,,,,,0.7006055328328825,0.674192858019457,0.7454577095951601,,,,0.6987,0.6803,0.7168
DRC2018,2019-07-24,0.6603325415676959,0.6414880837224698,0.6788045963880849,0.6602479507703549,0.6416279180093536,0.6785433781568241,0.6598651141948577,0.6412053883361507,0.6777451523076669,,,,,,,,,,0.6994567932658713,0.6728573529123607,0.7441704676977784,,,,0.6977,0.6793,0.7157
DRC2018,2019-07-25,0.6603325415676959,0.6414880837224698,0.6788045963880849,0.6602479507703549,0.6416279180093536,0.6785433781568241,0.6598651141948577,0.6412053883361507,0.6777451523076669,,,,,,,,,,0.6962525200884904,0.670186965380805,0.7404246543968748,,,,0.6940000000000001,0.6756,0.7120000000000001
DRC2018,2019-07-26,0.6603325415676959,0.6414880837224698,0.6788045963880849,0.6602479507703549,0.6416279180093536,0.6785433781568241,0.6598651141948577,0.6412053883361507,0.6777451523076669,,,,,,,,,,0.6936917461671548,0.6681980053547407,0.7368910096881127,,,,0.6906,0.6722,0.7087
DRC2018,2019-07-27,0.6580896686159844,0.6393652602175641,0.6764525095428872,0.65800752875999,0.6395037906616223,0.6761960613445623,0.6576430469332394,0.6390503834558365,0.6753651250922539,,,,,,,,,,0.6995990766183964,0.6748337866184437,0.741992547055089,,,,0.6957,0.6773,0.7136
DRC2018,2019-07-28,0.6581296080714009,0.6394501540109689,0.6764490978481056,0.6580478298746071,0.6395880121326265,0.6761938284109124,0.6576843733235824,0.6391368739728729,0.6753657016120107,,,,,,,,,,0.6980556274638677,0.6721722871961736,0.7415282398353831,,,,0.6958000000000001,0.6775,0.7137
DRC2018,2019-07-29,0.6590821442344774,0.6404726890799121,0.6773317119793139,0.659000380835549,0.6406093186636321,0.6770776786347035,0.6586288578729043,0.6401755539732511,0.6762690308835949,,,,,,,,,,0.6997736076435634,0.6738672794929152,0.7431999144634376,,,,0.6979000000000001,0.6797000000000001,0.7157
DRC2018,2019-07-30,0.6593785960874569,0.6408236223275027,0.6775749591172296,0.6592971200199096,0.6409593924748489,0.677322184094137,0.6589253305743489,0.6405322085644825,0.676521092098198,,,,,,,,,,0.7000581377865616,0.6738548827758939,0.7435478872910626,,,,0.6986,0.6804,0.7163
DRC2018,2019-07-31,0.6601756395570828,0.64167342995112,0.6783191039186813,0.6600941310399251,0.6418082663853162,0.6780672062764577,0.6597225111676821,0.6413953562908635,0.6772820083691129,,,,,,,,,,0.7004640161509914,0.6740778606379257,0.7438710176601926,,,,0.6992,0.6811,0.7169
DRC2018,2019-08-01,0.6612167300380228,0.6427663260684565,0.6793075730152895,0.6611350347066409,0.6429001976580744,0.6790563641648178,0.6607687751557985,0.6424954852772338,0.6782910429115176,,,,,,,,,,0.7009428594752338,0.6746261314688884,0.744254218942581,,,,0.6999000000000001,0.6818000000000001,0.7175
DRC2018,2019-08-02,0.6588590857574613,0.6404414675840456,0.676924698807956,0.6587791019301696,0.640575341911866,0.6766759201005792,0.6584152260464439,0.6401450402392256,0.6758724541380179,,,,,,,,,,0.6995086166988244,0.6733658450544696,0.7426238216405213,,,,0.6983,0.6802,0.7159
DRC2018,2019-08-03,0.6577660774727341,0.6393782097104515,0.6758059530872697,0.6576870022907617,0.6395118741044544,0.6755586741293643,0.6573315586360208,0.6390660122508699,0.6747381971853217,,,,,,,,,,0.697716652445094,0.6712730379369032,0.7408857795203581,,,,0.6967,0.6787000000000001,0.7143
DRC2018,2019-08-04,0.6575496440614462,0.6391944198892545,0.6755586642845197,0.6574709730956638,0.6393276543025519,0.6753123855870398,0.6571185283763317,0.6388797648082278,0.6744897994821509,,,,,,,,,,0.6965328409745778,0.6703661132816302,0.7397337187685271,,,,0.6955,0.6775,0.7130000000000001
DRC2018,2019-08-05,0.6575496440614462,0.6391944198892545,0.6755586642845197,0.6574709730956638,0.6393276543025519,0.6753123855870398,0.6571185283763317,0.6388797648082278,0.6744897994821509,,,,,,,,,,0.6929857068826024,0.6665910872998762,0.7361390107355634,,,,0.6917,0.6737000000000001,0.7093
DRC2018,2019-08-06,0.6594715295868999,0.6412012142662832,0.6773937733722116,0.659392432138556,0.6413328346114553,0.6771484847832472,0.6590322482813484,0.6409172229204172,0.6763621157575642,,,,,,,,,,0.6970269247513157,0.6715123121483908,0.7394363723247644,,,,0.6948000000000001,0.6769000000000001,0.7123
DRC2018,2019-08-07,0.6587448941700705,0.6404869183909838,0.6766571635287808,0.6586663324836175,0.64061850624,0.6764126691641302,0.6583089403172483,0.64019219555033,0.6756147026798053,,,,,,,,,,0.694237646759253,0.6686637252152945,0.7366179983571569,,,,0.6923,0.6745,0.7098
DRC2018,2019-08-08,0.6591330122267507,0.6409002072007639,0.6770200394850316,0.6590544334576591,0.641031355371084,0.6767759557805482,0.6586966949755124,0.640611886904472,0.6759856457476099,,,,,,,,,,0.6933253209851262,0.6681344027811945,0.7351365322129361,,,,0.6911,0.6732,0.7086
DRC2018,2019-08-09,0.6594015515330625,0.6411993218406458,0.6772584489748279,0.6593230726735464,0.6413299775225363,0.6770149946060957,0.6589659375301107,0.6409157015787624,0.6762305748541263,,,,,,,,,,0.6928670920975801,0.6682963587383556,0.7345013433833283,,,,0.6902,0.6724,0.7077
DRC2018,2019-08-10,0.6590742101396032,0.6409193747654651,0.676886334238799,0.6589963238368941,0.6410494159806188,0.676644330829413,0.6586410789136391,0.640631822676643,0.675856627715687,,,,,,,,,,0.6935994581662401,0.6693840887260609,0.7347711081311668,,,,0.6907,0.6729,0.7081000000000001
DRC2018,2019-08-11,0.6569236390208257,0.638795053418014,0.6747160174742501,0.6568472265960419,0.638925143958011,0.6744760628752264,0.6565055675857878,0.6384876265385494,0.6736537125418305,,,,,,,,,,0.6920325037955442,0.6677569169356816,0.7329580752224173,,,,0.6894,0.6716000000000001,0.7068
DRC2018,2019-08-12,0.6576740794750273,0.6395741962680621,0.6754368888239055,0.6575974694969221,0.6397037273536041,0.675197206551218,0.657251439095033,0.6392670601591209,0.6743887288000736,,,,,,,,,,0.6911612485560862,0.6667283567437304,0.7318600255668478,,,,0.6888000000000001,0.671,0.7061000000000001
DRC2018,2019-08-13,0.6590247452692868,0.6409570449759396,0.6767531023235809,0.6589476195542984,0.6410858513604736,0.6765134029829845,0.658594563619881,0.6406705992772896,0.675728887444354,,,,,,,,,,0.6911459497208897,0.6671847145681834,0.7314034132167863,,,,0.6886,0.6709,0.7059000000000001
DRC2018,2019-08-14,0.6595358955765047,0.6415074540037988,0.6772251434188947,0.6594588023769026,0.6416356021031532,0.6769861416515832,0.6591061767345396,0.6412294841680543,0.6762119037565612,,,,,,,,,,0.691764641109416,0.6681316553118606,0.7313330605279608,,,,0.6890000000000001,0.6713,0.7063
DRC2018,2019-08-15,0.6602818937477413,0.642291926872431,0.6779321935990509,0.6602046918718443,0.6424193846332166,0.6776937201518495,0.6598522383089573,0.642025904380944,0.6769335704401037,,,,,,,,,,0.6921176662435269,0.6686790146186135,0.7312580843251549,,,,0.6891,0.6715,0.7064
DRC2018,2019-08-16,0.6604181687094448,0.642452911224086,0.6780443330253374,0.6603410960901509,0.6425799930616226,0.6778064154923182,0.6599891110739888,0.6421894233204221,0.6770496291418526,,,,,,,,,,0.6913995467586785,0.6681430670370929,0.7300981094109633,,,,0.6884,0.6708000000000001,0.7057
DRC2018,2019-08-17,0.6611570247933884,0.6432299186248371,0.6787445819693108,0.6610798474761187,0.6433563200804554,0.6785071885618341,0.6607313716285788,0.6429717088215751,0.6777642852387634,,,,,,,,,,0.6919362600082986,0.6688789143070828,0.7299787444447924,,,,0.6891,0.6715,0.7063
DRC2018,2019-08-18,0.6599856836077308,0.6420810800560297,0.6775545449875491,0.6599093687573254,0.6422073885589592,0.6773184713734641,0.6595593220644604,0.6418123710496275,0.6765572926551656,,,,,,,,,,0.6909710499862908,0.6680583855686736,0.7283899656546162,,,,0.6880000000000001,0.6705,0.7052
DRC2018,2019-08-19,0.6590584878744651,0.6411758633936673,0.6766085165025442,0.6589828857832742,0.6413020395945956,0.6763735887261221,0.6586343207553268,0.6408938349111087,0.6755981395865107,,,,,,,,,,0.6899022150548664,0.6669357843869014,0.7269820900903484,,,,0.6872,0.6697000000000001,0.7044
DRC2018,2019-08-20,0.6576895818568391,0.6398497104548087,0.6752018398510331,0.6576151083004571,0.6399755460327595,0.6749688565392904,0.6572761161268658,0.6395485531082343,0.6741728392336527,,,,,,,,,,0.6903392068619325,0.6676270527214191,0.7270832083786155,,,,0.6876,0.6701,0.7048
DRC2018,2019-08-21,0.6574761399787911,0.6396563713209749,0.6749695537319597,0.6574019511763729,0.6397819644334569,0.6747372160312995,0.6570655145871385,0.6393526014294749,0.6739386272667288,,,,,,,,,,0.688785262818367,0.6656558691938222,0.7253338901162556,,,,0.6868000000000001,0.6694,0.7040000000000001
DRC2018,2019-08-22,0.6577370461755375,0.6399457971390821,0.6752023261820808,0.6576629439184771,0.6400709391047896,0.674970558240401,0.6573244841432991,0.6396463904594605,0.6741775999735354,,,,,,,,,,0.6885409615224705,0.6656804853687449,0.7247783942106357,,,,0.6865,0.6691,0.7036
DRC2018,2019-08-23,0.6569420035149385,0.6391673890064038,0.6743932117933489,0.6568684819947215,0.6392924485116429,0.6741623529431414,0.6565404945808466,0.6388696036629126,0.6733571067876813,,,,,,,,,,0.6872565463743244,0.6645290907887936,0.7231194544883903,,,,0.6851,0.6677000000000001,0.7022
DRC2018,2019-08-24,0.6570031435557108,0.6392861895933978,0.6743986113843609,0.6569300556197526,0.639410427952876,0.6741691831053356,0.6566031123509875,0.6389891771456062,0.6733676714205865,,,,,,,,,,0.6892042910122289,0.6666587813482879,0.7248946124160285,,,,0.687,0.6696000000000001,0.7040000000000001
DRC2018,2019-08-25,0.6565656565656566,0.6388690210068679,0.6739426017387149,0.6564929752972359,0.6389930574066913,0.6737139529765307,0.6561725185884081,0.6385786956457841,0.6729137082037282,,,,,,,,,,0.6876980705768652,0.664778010066915,0.7230779258478796,,,,0.686,0.6686000000000001,0.7030000000000001
DRC2018,2019-08-26,0.6563585823488534,0.6386815929075652,0.673717086001028,0.656286173681863,0.6388053933056426,0.6734890594056115,0.6559691429346076,0.638394740837978,0.6726944761035069,,,,,,,,,,0.6866731241958572,0.6639340853725693,0.721683602543361,,,,0.6849000000000001,0.6676000000000001,0.7019000000000001
DRC2018,2019-08-27,0.6545643153526971,0.6369113868322493,0.671903950980056,0.6544930839687781,0.637035189368026,0.6716776008300999,0.6541814559644228,0.6366505319730951,0.6709227148528555,,,,,,,,,,0.68577328010421,0.6632340995527745,0.7205763243378528,,,,0.6839000000000001,0.6666000000000001,0.7009000000000001
DRC2018,2019-08-28,0.6557433597792343,0.6381249431993041,0.6730468571131061,0.6556717582624455,0.6382480405051669,0.6728206772025094,0.6553626767839782,0.6378483539551788,0.672042856181795,,,,,,,,,,0.685911751399346,0.6632420166308397,0.7205277699322565,,,,0.6843,0.667,0.7013
DRC2018,2019-08-29,0.6559065934065934,0.6383300342973721,0.6731693184738772,0.6558352366982084,0.6384525172297698,0.6729440957709816,0.6555263679221146,0.6380522623040366,0.6721654131893543,,,,,,,,,,0.6867742920498071,0.6642784693352183,0.7212580538687878,,,,0.6851,0.6678000000000001,0.7020000000000001
DRC2018,2019-08-30,0.6576422206991089,0.6401030965709607,0.6748646684774768,0.6575702179025864,0.6402247364819178,0.6746393588755724,0.6572422484470003,0.6398078810245373,0.6738566513892371,,,,,,,,,,0.6874333334629645,0.6648607568447241,0.7205868610007351,,,,0.6856,0.6684,0.7025
DRC2018,2019-08-31,0.6582365003417635,0.6407283698796966,0.6754276331995155,0.6581644236318214,0.640849470995809,0.6752027514830095,0.6578344414624893,0.6404422537796151,0.6744311395827274,,,,,,,,,,0.687605583469155,0.6651764583199893,0.7204509646864558,,,,0.6857000000000001,0.6685,0.7025
DRC2018,2019-09-01,0.6584783350392358,0.6409880937514127,0.6756516383677189,0.6584062712664107,0.641108903244787,0.6754270637344193,0.658076264717222,0.6407058714123836,0.6746602007852316,,,,,,,,,,0.6867260433846993,0.6644174683294454,0.7192196099640484,,,,0.6847000000000001,0.6675,0.7015
DRC2018,2019-09-02,0.6598500340831629,0.6423841789888692,0.6769965328032458,0.6597774208532128,0.6425044013755241,0.6767717558191819,0.6594401934482792,0.64212238658883,0.676028204467055,,,,,,,,,,0.6867895333247729,0.664734184806067,0.7187883823899632,,,,0.6844,0.6672,0.7012
DRC2018,2019-09-03,0.6602040816326531,0.6427603486458949,0.6773284069442109,0.6601314560305312,0.642880202496625,0.6771039770675407,0.6597925946974852,0.6425041459687351,0.6763671390550178,,,,,,,,,,0.686626291881052,0.6648873541774969,0.7181959016917296,,,,0.684,0.6668000000000001,0.7007
DRC2018,2019-09-04,0.6597623089983022,0.6423287165933675,0.6768779198038746,0.6596900065814835,0.6424485114494818,0.6766540091235657,0.6593557102344971,0.6420663041329093,0.6759104992383758,,,,,,,,,,0.6853997245037782,0.663857157993314,0.7167360580540151,,,,0.6825,0.6654,0.6993
DRC2018,2019-09-05,0.6578769438810007,0.6404615288953015,0.6749795242926797,0.6578058086012869,0.6405814171155761,0.6747571856978857,0.6574803603451436,0.6401723138874315,0.6739840584836466,,,,,,,,,,0.6846152628518684,0.6634116248470716,0.71550392811185,,,,0.6814,0.6643,0.6982
DRC2018,2019-09-06,0.6576637407157326,0.6402579609463002,0.6747575333587619,0.6575927973964975,0.6403777554804022,0.6745355613133281,0.6572695826240713,0.6399659669557178,0.6737594373762071,,,,,,,,,,0.6831036697994095,0.6619227913437197,0.7137914627886734,,,,0.6802,0.6632,0.6970000000000001
DRC2018,2019-09-07,0.6580188679245284,0.640634902457343,0.6750907783956961,0.6579479084905492,0.6407543325399163,0.6748691441132684,0.6576223879604361,0.6403483568639421,0.6740997721247087,,,,,,,,,,0.6830726235249129,0.6621172071756121,0.713314499710828,,,,0.6801,0.663,0.6968000000000001
DRC2018,2019-09-08,0.6595959595959596,0.6422353771776612,0.6766415815860974,0.659524340193059,0.6423542013398139,0.6764196056980654,0.6591957484466751,0.6419720411869477,0.675676720000588,,,,,,,,,,0.6833328987084344,0.6625270562031425,0.7132236715350623,,,,0.6805,0.6635,0.6972
DRC2018,2019-09-09,0.6592667339387823,0.6419114184244883,0.6763080587248322,0.6591953343708226,0.6420302298966563,0.6760864089476005,0.6588677075746866,0.6416434366459651,0.675338465078857,,,,,,,,,,0.6821733921014079,0.6614382778712481,0.7115000649737745,,,,0.679,0.662,0.6957
DRC2018,2019-09-10,0.6587248322147651,0.6413842941136422,0.6757531888515027,0.6586538426646559,0.6415030011243343,0.675532227335888,0.6583279931650515,0.6411088068114608,0.6747762387392748,,,,,,,,,,0.681725678792273,0.6613932343446386,0.710752982695433,,,,0.6784,0.6614,0.6951
DRC2018,2019-09-11,0.6579651941097724,0.6406399629198878,0.674980576736192,0.6578947333914849,0.6407585975035881,0.6747604413622657,0.6575718530986143,0.6403539339677602,0.6739929332659492,,,,,,,,,,0.6811684928555855,0.660943439761875,0.7096271651429025,,,,0.6778000000000001,0.6608,0.6945
DRC2018,2019-09-12,0.6575616255829447,0.6402731620668474,0.6745424830068825,0.6574916725075812,0.6403913665123981,0.6743234977658671,0.6571736699443691,0.6399823056664429,0.6735512105460795,,,,,,,,,,0.6822384433267815,0.6621309265778704,0.710420686430393,,,,0.6791,0.6622,0.6958000000000001
DRC2018,2019-09-13,0.6585690515806988,0.6413003825305412,0.6755284558421177,0.6584987214866991,0.6414181360517994,0.6753093789962792,0.658175518225351,0.6410241712902419,0.6745541910001174,,,,,,,,,,0.681917960959626,0.6617835178130951,0.7098149110826057,,,,0.6794,0.6625,0.6961
DRC2018,2019-09-14,0.6582614465826144,0.6410156755973915,0.6751994806615607,0.6581914624422407,0.6411331721576272,0.6749811518405332,0.6578697119924075,0.6407355423517206,0.6742220861650008,,,,,,,,,,0.6821150445143036,0.6620931984688928,0.7097464504490004,,,,0.6795,0.6626000000000001,0.6961
DRC2018,2019-09-15,0.6577203445990722,0.640480312464119,0.6746541023247699,0.6576506921416524,0.6405978275677329,0.6744362284906622,0.6573330841789966,0.6401927183261228,0.6736687512907545,,,,,,,,,,0.680700339242134,0.6607761528519118,0.7079977059414437,,,,0.6785,0.6616000000000001,0.6951
DRC2018,2019-09-16,0.6581649552832064,0.6409326731007206,0.6750902007915089,0.6580951296022337,0.6410500032544459,0.6748722628328201,0.6577740315279208,0.6406514474182736,0.6741122743525012,,,,,,,,,,0.6799076422551428,0.6599781104190086,0.7068410751511818,,,,0.6776,0.6607000000000001,0.6942
DRC2018,2019-09-17,0.6565589980224127,0.639352747939662,0.6734628446204274,0.6564902229132525,0.639470010448822,0.673246473137775,0.6561848791197427,0.6390759262373661,0.67247716539529,,,,,,,,,,0.680351357548636,0.660639280788215,0.7072805210699676,,,,0.6776,0.6608,0.6942
DRC2018,2019-09-18,0.6571240539651201,0.639938300308599,0.6740068134403069,0.6570551441473151,0.6400551830979497,0.6737906255818826,0.6567446778674413,0.6396544147635691,0.6730161328318851,,,,,,,,,,0.6800429610323899,0.6602334363765606,0.7066054799085713,,,,0.678,0.6611,0.6945
DRC2018,2019-09-19,0.6565988181221274,0.639427521281988,0.6734688330518286,0.6565302964294049,0.639544301044163,0.6732533012817634,0.6562258239883567,0.6391511083804039,0.6724853455622855,,,,,,,,,,0.6795420657972226,0.6597768117307752,0.7060230624129384,,,,0.6774,0.6605000000000001,0.6939000000000001
DRC2018,2019-09-20,0.6569367005575598,0.639777634194425,0.6737941328734257,0.6568680985585964,0.6398941877283979,0.67357871042412,0.6565611406586453,0.6394969773309679,0.6728045194913115,,,,,,,,,,0.6789371907218489,0.6592420982597857,0.7053291112827519,,,,0.6768000000000001,0.66,0.6933
DRC2018,2019-09-21,0.6564035375040943,0.6392501918021856,0.6732566714546055,0.656335258111002,0.6393667623667292,0.6730416927420522,0.6560330741388092,0.6389769096879533,0.6722788961751722,,,,,,,,,,0.6779064395237311,0.6583022836390844,0.7040651369285573,,,,0.6758000000000001,0.6589,0.6923
DRC2018,2019-09-22,0.6565260058881256,0.6393853957258117,0.673366564319061,0.6564577624067864,0.6395017716282239,0.6731518296079528,0.6561549735385359,0.6391108007652402,0.6723872904667964,,,,,,,,,,0.677554237661284,0.6580888328022979,0.7035155695006048,,,,0.6752,0.6584,0.6917
DRC2018,2019-09-23,0.6564236678653155,0.639287664980591,0.6732600126522279,0.6563555135742467,0.6394039965147318,0.6730454492193231,0.6560537560291909,0.6390145777164028,0.6722833119157875,,,,,,,,,,0.6765864691923552,0.657213924866984,0.7022621429714987,,,,0.6742,0.6574,0.6907
DRC2018,2019-09-24,0.6562193927522038,0.639092596294961,0.6730473160585543,0.6561514163179243,0.6392088391404692,0.6728330943985106,0.6558517152720982,0.6388225151435147,0.6720757475098346,,,,,,,,,,0.6760808668190915,0.6567954450776325,0.7013327172619194,,,,0.6735,0.6567000000000001,0.6900000000000001
DRC2018,2019-09-25,0.6568819308545336,0.6397707539070707,0.673693260761447,0.6568137328938145,0.6398866678182421,0.6734790484449632,0.6565089318390324,0.639492154912438,0.6727089886882578,,,,,,,,,,0.6761965883416274,0.657053261037395,0.7012075204286446,,,,0.6735,0.6567000000000001,0.6900000000000001
DRC2018,2019-09-26,0.6562398175301402,0.6391302834814641,0.6730510270779493,0.6561719650704824,0.6392462886411463,0.6728372177810344,0.6558726825874296,0.6388603875834212,0.6720805150439539,,,,,,,,,,0.6750391421443378,0.6560808176533154,0.6997602629720696,,,,0.6724,0.6556000000000001,0.6889000000000001
DRC2018,2019-09-27,0.6555989583333334,0.6384911079501254,0.6724100013454906,0.65553145015603,0.6386072037634398,0.6721965939613255,0.6552350702469719,0.6382298935654704,0.6714532108878207,,,,,,,,,,0.6739488052524258,0.6550661226213669,0.6982863273835309,,,,0.6711,0.6543,0.6876
DRC2018,2019-09-28,0.6554977228366948,0.6383944624013976,0.672304563371448,0.655430302458349,0.638510513898819,0.6720913252583711,0.6551339666185233,0.638134730538426,0.6713503079523475,,,,,,,,,,0.6732474797626762,0.6545037171979422,0.6973613985896109,,,,0.6705,0.6537000000000001,0.687
DRC2018,2019-09-29,0.6561585960350991,0.6390708436548873,0.6729489589278901,0.6560909551012322,0.639186568143334,0.6727357295985035,0.6557931085907716,0.6388026219639037,0.6719820446633242,,,,,,,,,,0.673655612879064,0.6550447012374737,0.6974653567684573,,,,0.6707000000000001,0.6539,0.6872
DRC2018,2019-09-30,0.6564935064935065,0.6394177950361144,0.6732714817617753,0.6564257864899217,0.6395332975821391,0.6730583592552957,0.6561255118497625,0.6391453916408414,0.6722985188283833,,,,,,,,,,0.6737119911507493,0.6551568265484564,0.6972443323571177,,,,0.6708000000000001,0.6541,0.6873
DRC2018,2019-10-01,0.6558546869931885,0.6387806313422115,0.6726325136923375,0.6557873090334181,0.6388962240776144,0.6724197903928396,0.6554924420993784,0.6385168574355786,0.671673204164114,,,,,,,,,,0.6727828934735609,0.6544054886167976,0.696190541685402,,,,0.6699,0.6532,0.6864
DRC2018,2019-10-02,0.6559662775616083,0.6388962240776144,0.6727399863899158,0.6558988732141924,0.6390117429893112,0.6725272984965205,0.6556032612013623,0.6386310562261732,0.6717786611651703,,,,,,,,,,0.6722149146120402,0.6539393553154519,0.6953618870847554,,,,0.6694,0.6526000000000001,0.6859000000000001
DRC2018,2019-10-03,0.6559766763848397,0.6389151751939942,0.6727421028162379,0.6559093330271869,0.6390305766182413,0.6725296183598541,0.6556139240828611,0.6386500930538798,0.671781291533884,,,,,,,,,,0.6721279887417135,0.6539116647227391,0.6950786140699288,,,,0.6694,0.6526000000000001,0.6859000000000001
DRC2018,2019-10-04,0.6559870550161813,0.6389340933800064,0.6727442113013111,0.6559197725386202,0.6390493775540658,0.6725319298930587,0.6556245663818389,0.6386690970385672,0.6717839132793,,,,,,,,,,0.6719594015752856,0.6538703976251462,0.6947126642818406,,,,0.6692,0.6524,0.6856
DRC2018,2019-10-05,0.6563106796116505,0.6392611587153985,0.6730637806217048,0.6562432575426054,0.6393763395286964,0.672851402175077,0.6559454307441828,0.6389919134397917,0.6720969439579467,,,,,,,,,,0.6714913516261611,0.6535335830721826,0.693945596376904,,,,0.6688000000000001,0.6521,0.6853
DRC2018,2019-10-06,0.656098350048528,0.6390493775540658,0.672851402175077,0.6560310413396129,0.6391645882664803,0.6726391560365288,0.6557350296053674,0.6387829941096078,0.671889096572094,,,,,,,,,,0.6708683462844939,0.6529398047482107,0.6931682207788588,,,,0.6682,0.6515000000000001,0.6846
DRC2018,2019-10-07,0.6562095730918499,0.6391645882664803,0.6729585227433927,0.6561422381995723,0.639279725587282,0.6727463118737347,0.6558454218463623,0.6388968195843137,0.6719942116685624,,,,,,,,,,0.6705877559125819,0.6526676002792181,0.6925881563960046,,,,0.6679,0.6511,0.6843
DRC2018,2019-10-08,0.6563207242159715,0.639279725587282,0.6730655730755367,0.6562533631882461,0.6393947895864153,0.6728533974739344,0.655955743173321,0.6390105735300358,0.6720992586355885,,,,,,,,,,0.6703501365578899,0.6524708055454003,0.6920105246523414,,,,0.6678000000000001,0.651,0.6842
DRC2018,2019-10-09,0.6561085972850679,0.6390681458862895,0.6728533974739344,0.6560413494005877,0.6391832397301795,0.6726413539282421,0.6557455415043884,0.6388018507982415,0.6718916074362069,,,,,,,,,,0.6697809315733267,0.6519228162861588,0.6910149696800738,,,,0.6671,0.6504,0.6835
DRC2018,2019-10-10,0.6563307493540051,0.6392982603273688,0.673067358239892,0.6562634492577281,0.6394132077475942,0.672855385096131,0.6559660357351396,0.6390292015539991,0.6721015653208045,,,,,,,,,,0.6699319090913576,0.6521196776641032,0.6910445130274853,,,,0.6673,0.6506000000000001,0.6838000000000001
DRC2018,2019-10-11,0.6565526145900581,0.6395280820605072,0.6732810388866481,0.6564852624727727,0.6396428833356693,0.6730691361414021,0.656186247137718,0.6392562670214907,0.6723112514827977,,,,,,,,,,0.6700702660181583,0.6522693641014702,0.6910138136380528,,,,0.6675,0.6508,0.684
DRC2018,2019-10-12,0.6559278350515464,0.6389134192340054,0.6726478993398848,0.6558608813513618,0.6390281935005574,0.6724365924430696,0.6555674848418034,0.6386502298227119,0.6716921522486764,,,,,,,,,,0.6702275384057952,0.6524877865997231,0.6910018596840304,,,,0.6677000000000001,0.651,0.6842
DRC2018,2019-10-13,0.6555054732775274,0.6384921669073103,0.6722254166120206,0.6554387439157734,0.6386070002197574,0.6720143717279645,0.6551456277731111,0.6382346508176154,0.671278657789099,,,,,,,,,,0.6695050168608752,0.6518171235466474,0.6900878995361291,,,,0.6673,0.6506000000000001,0.6837000000000001
DRC2018,2019-10-14,0.6556270096463023,0.6386261211186746,0.6723346853430237,0.6555603139911277,0.6387407656837822,0.6721238755053882,0.6552677854343569,0.6383673026116116,0.6713864253476064,,,,,,,,,,0.6698869991603085,0.6522797867531478,0.6903458301969365,,,,0.6679,0.6512,0.6843
DRC2018,2019-10-15,0.6553164150337295,0.6383205892345913,0.6720198975978964,0.6552499166103734,0.6384352199188787,0.6718093832825184,0.6549575008286892,0.6380660454386192,0.6710785991667857,,,,,,,,,,0.6695567914676592,0.6519924163442452,0.6898945541934065,,,,0.6677000000000001,0.6511,0.6842
DRC2018,2019-10-16,0.6563904945407836,0.6394087988915544,0.6730779176302365,0.6563235577423248,0.639523051739318,0.672867151164379,0.6560273770909001,0.6391403011507569,0.6721152391542439,,,,,,,,,,0.6702347411625991,0.6527171671161651,0.6904550410112155,,,,0.6686000000000001,0.6519,0.685
DRC2018,2019-10-17,0.6564003849855631,0.6394271111479835,0.6730796525074526,0.656333508357645,0.6395412490439885,0.6728690858199231,0.6560375321761673,0.6391587071265237,0.6721174906715343,,,,,,,,,,0.6703538955514393,0.6528502683200519,0.6905238202456364,,,,0.6686000000000001,0.6519,0.685
DRC2018,2019-10-18,0.6569413273485092,0.6399793413214139,0.6736084790678882,0.656874262427452,0.6400932336058169,0.6733978865866823,0.6565738020495855,0.6397040394497101,0.6726359181077899,,,,,,,,,,0.6707232232161537,0.6532855146826803,0.6908162776918038,,,,0.6691,0.6525000000000001,0.6855
DRC2018,2019-10-19,0.6573807236631444,0.6404344792808303,0.6740316880193933,0.657313557081249,0.6405480843392324,0.6738212347090426,0.6570095162948886,0.640153919579721,0.6730620599332355,,,,,,,,,,0.6714659283153763,0.6540923319401603,0.6914252201158807,,,,0.6698000000000001,0.6531,0.6861
DRC2018,2019-10-20,0.6571794051806844,0.6402420452615958,0.6738222427153407,0.6571124102935866,0.6403555660939642,0.6736121180747918,0.6568103940305221,0.6399642874683196,0.672850172064498,,,,,,,,,,0.6714946745311058,0.6541547781589142,0.6913140015746418,,,,0.67,0.6534,0.6863
DRC2018,2019-10-21,0.6563398275311402,0.6394045645048247,0.6729825199104689,0.6562732756018125,0.6395182025468654,0.6727729120540757,0.6559791041796497,0.6391379818606286,0.6720248961843632,,,,,,,,,,0.6708362940907957,0.6534531629560573,0.6905444561424803,,,,0.6693,0.6527000000000001,0.6857000000000001
DRC2018,2019-10-22,0.6565592084264283,0.6396317691155549,0.6731938540982843,0.6564926056364937,0.6397452642781474,0.6729843150517072,0.6561968617409163,0.6393624844435133,0.6722323018994139,,,,,,,,,,0.670815968112319,0.6533096845255862,0.690379767333675,,,,0.6696000000000001,0.6529,0.6859000000000001
DRC2018,2019-10-23,0.6562599553998089,0.639345818295148,0.672882421074599,0.6561936069336866,0.6394591869684211,0.6726733706573398,0.655900822889214,0.6390808574930861,0.6719282828701142,,,,,,,,,,0.6711724526227874,0.6537305954798913,0.6907522963038929,,,,0.6699,0.6533,0.6862
DRC2018,2019-10-24,0.6557429207763283,0.638834288805824,0.6723612197910992,0.6556768759751826,0.6389476731405286,0.6721525877820955,0.6553877615197878,0.6385763210681733,0.6714183744778673,,,,,,,,,,0.6707107454629033,0.6532525094391838,0.6901846860879812,,,,0.6696000000000001,0.653,0.6859000000000001
DRC2018,2019-10-25,0.6561704834605598,0.6392690908831804,0.6727808380916922,0.6561042784006264,0.6393823043238105,0.6725721463011036,0.6558126749699593,0.6390056528293684,0.6718296636563902,,,,,,,,,,0.6706055810767907,0.653148746516488,0.6900194519651502,,,,0.6696000000000001,0.653,0.6859000000000001
DRC2018,2019-10-26,0.6557533375715194,0.6388530188752685,0.6723635823359233,0.6556873513131916,0.638966290007621,0.6721551460817474,0.6553985037793828,0.6385951290756878,0.6714212254773799,,,,,,,,,,0.6700008561679134,0.6525967574814854,0.6894061567364218,,,,0.6689,0.6523,0.6852
DRC2018,2019-10-27,0.655862726406101,0.638966290007621,0.6724689776454362,0.6557967147786251,0.6390794902359265,0.6722605753495537,0.6555073192674639,0.638707054142596,0.6715246634828027,,,,,,,,,,0.669712750663594,0.6522938350547243,0.6889924911689228,,,,0.6686000000000001,0.652,0.6849000000000001
DRC2018,2019-10-28,0.6553475087273881,0.6384565797102973,0.6719495823512178,0.6552817987982019,0.6385697952090401,0.6717415960868072,0.6549928320110786,0.6382042980475036,0.6710165021355404,,,,,,,,,,0.6694881925643654,0.6521407951685757,0.6887175792282535,,,,0.6683,0.6517000000000001,0.6846
DRC2018,2019-10-29,0.6551395939086294,0.6382492154921493,0.6717415960868072,0.6550739927367413,0.6383624595716546,0.6715337369527848,0.6547850066425266,0.63799969554947,0.670812904271254,,,,,,,,,,0.6688012150545937,0.6513794300966411,0.6879081925960224,,,,0.6676000000000001,0.651,0.6839000000000001
DRC2018,2019-10-30,0.6548335974643423,0.6379481962295024,0.6714314672373698,0.6547681879168021,0.6380614265467881,0.6712238956076297,0.6544788883324545,0.6377028434122883,0.670509579977426,,,,,,,,,,0.6685739109284672,0.6512127999987062,0.6875824541375594,,,,0.6673,0.6507000000000001,0.6836
DRC2018,2019-10-31,0.6549429657794676,0.6380614265467881,0.6715368618761164,0.6548775307611068,0.6381745861887002,0.6713293238299729,0.6545886876560831,0.6378147258446838,0.6706130163840133,,,,,,,,,,0.6682861231850168,0.6509350548665859,0.6872298848425525,,,,0.667,0.6504,0.6833
DRC2018,2019-11-01,0.6550522648083623,0.6381745861887002,0.6716421888172334,0.6549868043645615,0.6382876752212345,0.6714346843541679,0.6546980606203645,0.6379265393735735,0.6707163871011632,,,,,,,,,,0.668088491665992,0.6508637674343754,0.6869579397149214,,,,0.6667000000000001,0.6501,0.683
DRC2018,2019-11-02,0.6550522648083623,0.6381745861887002,0.6716421888172334,0.6549868043645615,0.6382876752212345,0.6714346843541679,0.6546980606203645,0.6379265393735735,0.6707163871011632,,,,,,,,,,0.6675867493183447,0.6504223183101273,0.6863784948861962,,,,0.666,0.6495000000000001,0.6823
DRC2018,2019-11-03,0.6550522648083623,0.6381745861887002,0.6716421888172334,0.6549868043645615,0.6382876752212345,0.6714346843541679,0.6546980606203645,0.6379265393735735,0.6707163871011632,,,,,,,,,,0.6671458187074552,0.6500385233749895,0.686000218939704,,,,0.6656000000000001,0.649,0.6819000000000001
DRC2018,2019-11-04,0.6542351453855879,0.6373679744226866,0.6708167170631696,0.6541701739255127,0.6374810639514822,0.6706099110460084,0.6538831842739222,0.6371309644561516,0.6699088224352149,,,,,,,,,,0.6674279946943766,0.6502173308705236,0.686192680901025,,,,0.6658000000000001,0.6493,0.6821
DRC2018,2019-11-05,0.6545626776128829,0.6377070319145536,0.6711323894054195,0.6544976298318664,0.6378199104798294,0.6709256832100994,0.6542094825157917,0.6374659871454973,0.6702186329638151,,,,,,,,,,0.6676824888955322,0.6505967718986734,0.6863444229161757,,,,0.6663,0.6498,0.6826
DRC2018,2019-11-06,0.6546717171717171,0.6378199104798294,0.6712374788136735,0.654606644040491,0.6379327188547961,0.6710308058914515,0.6543182337562685,0.6375775242965517,0.6703217724228223,,,,,,,,,,0.6674460977201137,0.6503863175866175,0.6860242324666745,,,,0.6662,0.6497,0.6825
DRC2018,2019-11-07,0.6546717171717171,0.6378199104798294,0.6712374788136735,0.654606644040491,0.6379327188547961,0.6710308058914515,0.6543182337562685,0.6375775242965517,0.6703217724228223,,,,,,,,,,0.6669734020213836,0.6499132519680223,0.6855587118336117,,,,0.6658000000000001,0.6493,0.6821
DRC2018,2019-11-08,0.6546717171717171,0.6378199104798294,0.6712374788136735,0.654606644040491,0.6379327188547961,0.6710308058914515,0.6543182337562685,0.6375775242965517,0.6703217724228223,,,,,,,,,,0.6665863289869741,0.6495138007281404,0.685104013016698,,,,0.6652,0.6486000000000001,0.6815
DRC2018,2019-11-09,0.6547806879141685,0.6379327188547961,0.6713425009769657,0.654715589477668,0.6380454571047516,0.6711358613273838,0.6544274473208087,0.637688993013163,0.6704248466275143,,,,,,,,,,0.6665757453112324,0.6495566430152647,0.6850224499111073,,,,0.6651,0.6485000000000001,0.6814
DRC2018,2019-11-10,0.6547806879141685,0.6379327188547961,0.6713425009769657,0.654715589477668,0.6380454571047516,0.6711358613273838,0.6544274473208087,0.637688993013163,0.6704248466275143,,,,,,,,,,0.6661976125442585,0.6491536293174808,0.6845704812124236,,,,0.6647000000000001,0.6481,0.6809000000000001
DRC2018,2019-11-11,0.6547806879141685,0.6379327188547961,0.6713425009769657,0.654715589477668,0.6380454571047516,0.6711358613273838,0.6544274473208087,0.637688993013163,0.6704248466275143,,,,,,,,,,0.6659008381115524,0.6488221153219719,0.684108185037178,,,,0.6645,0.6479,0.6807000000000001
DRC2018,2019-11-12,0.6539552473999369,0.6371095320925566,0.6705166956154645,0.6538905777316222,0.6372223825799693,0.6703105577520941,0.6536055869465971,0.6368767224018307,0.669616398079232,,,,,,,,,,0.6656299583139365,0.6485185052137576,0.683781353835496,,,,0.664,0.6475000000000001,0.6803
DRC2018,2019-11-13,0.6537492123503466,0.6369040707283296,0.6703105577520941,0.6536846495687634,0.6370169491264648,0.6701045450568337,0.653400637874844,0.6366739846243571,0.6694145895642398,,,,,,,,,,0.6651618416383074,0.6480745324547171,0.6832185768306347,,,,0.6638000000000001,0.6473,0.6801
DRC2018,2019-11-14,0.6543793320730938,0.6375407024435507,0.6709330008745946,0.6543145046876564,0.6376533849366203,0.6707268039107657,0.6540277644679535,0.6373024859315295,0.6700244733010408,,,,,,,,,,0.6654640943107846,0.6483590216042464,0.6834470133405804,,,,0.664,0.6475000000000001,0.6803
DRC2018,2019-11-15,0.6543793320730938,0.6375407024435507,0.6709330008745946,0.6543145046876564,0.6376533849366203,0.6707268039107657,0.6540277644679535,0.6373024859315295,0.6700244733010408,,,,,,,,,,0.6651842147985816,0.6481115230697005,0.6831499768500621,,,,0.6638000000000001,0.6473,0.6801
DRC2018,2019-11-16,0.6543793320730938,0.6375407024435507,0.6709330008745946,0.6543145046876564,0.6376533849366203,0.6707268039107657,0.6540277644679535,0.6373024859315295,0.6700244733010408,,,,,,,,,,0.6649570021669358,0.6478303181563319,0.6828969224812536,,,,0.6636000000000001,0.6471,0.6799000000000001
DRC2018,2019-11-17,0.6538703587161737,0.6370372519534723,0.6704198048781962,0.6538058263578468,0.6371499483102614,0.6702140159629593,0.6535216365566404,0.6368058578686704,0.6695223098517806,,,,,,,,,,0.6650658840785499,0.6478898633116893,0.6830055032596486,,,,0.6635,0.647,0.6798000000000001
DRC2018,2019-11-18,0.6541850220264317,0.6373551643743993,0.6707306382440483,0.6541203576989534,0.6374677630246444,0.6705247574205901,0.6538348065743287,0.6371197138753472,0.6698268754945369,,,,,,,,,,0.6649699484502982,0.647893715304444,0.6828151267522612,,,,0.6636000000000001,0.6471,0.6799000000000001
DRC2018,2019-11-19,0.6537735849056604,0.6369448657396344,0.6703190014124578,0.6537091336797904,0.6370575200748985,0.6701133701090143,0.6534255353334308,0.6367148466392455,0.6694238766118824,,,,,,,,,,0.6647400771720609,0.647604811993184,0.6825709718011299,,,,0.6634,0.6469,0.6797000000000001
DRC2018,2019-11-20,0.6537735849056604,0.6369448657396344,0.6703190014124578,0.6537091336797904,0.6370575200748985,0.6701133701090143,0.6534255353334308,0.6367148466392455,0.6694238766118824,,,,,,,,,,0.664404335044549,0.6473265389561109,0.6822303000966138,,,,0.6632,0.6467,0.6795
DRC2018,2019-11-21,0.6538824269097768,0.6370575200748985,0.6704239199363408,0.653817950332575,0.6371701046454924,0.6702183214794558,0.6535339676844101,0.6368261619343633,0.6695268492081449,,,,,,,,,,0.6645086830515562,0.6474145711557056,0.6823186954756104,,,,0.6633,0.6468,0.6796
DRC2018,2019-11-22,0.6534715677034244,0.636647810332708,0.6700128475566106,0.6534073036671216,0.6367604503629132,0.6698074980575052,0.6531252693744903,0.6364218726293754,0.6691243968804584,,,,,,,,,,0.6642498816425733,0.6472032343195523,0.6820342008547056,,,,0.6631,0.6466000000000001,0.6794
DRC2018,2019-11-23,0.6534715677034244,0.636647810332708,0.6700128475566106,0.6534073036671216,0.6367604503629132,0.6698074980575052,0.6531252693744903,0.6364218726293754,0.6691243968804584,,,,,,,,,,0.6639341743901352,0.6469646744139069,0.6816968158677914,,,,0.6629,0.6464000000000001,0.6791
DRC2018,2019-11-24,0.6533751962323391,0.6365558227553242,0.6699124480784475,0.6533110128643709,0.6366684207426473,0.6697072555591476,0.6530295665566265,0.6363312512859487,0.669026354278181,,,,,,,,,,0.664040309115862,0.6470475713064763,0.6817802368979602,,,,0.663,0.6465000000000001,0.6792
DRC2018,2019-11-25,0.6531701192718142,0.6363513279941471,0.6697072555591476,0.6531060418347365,0.6364639535697795,0.6695021871835318,0.652825567028722,0.6361294781354079,0.6688254609072429,,,,,,,,,,0.6637552005437075,0.6468104329659513,0.6814794491340583,,,,0.6628000000000001,0.6463,0.679
DRC2018,2019-11-26,0.6531701192718142,0.6363513279941471,0.6697072555591476,0.6531060418347365,0.6364639535697795,0.6695021871835318,0.652825567028722,0.6361294781354079,0.6688254609072429,,,,,,,,,,0.6635044694126377,0.6465853705916746,0.6812333266993533,,,,0.6624,0.6459,0.6786
DRC2018,2019-11-27,0.6527734252585397,0.6359639858528434,0.6693023827457729,0.6527096138825602,0.6360765547089289,0.6690977509974607,0.6524312772971865,0.6357474212205486,0.6684295646900876,,,,,,,,,,0.6639331763142328,0.6469876604140702,0.68159751772689,,,,0.6628000000000001,0.6463,0.679
DRC2018,2019-11-28,0.6527734252585397,0.6359639858528434,0.6693023827457729,0.6527096138825602,0.6360765547089289,0.6690977509974607,0.6524312772971865,0.6357474212205486,0.6684295646900876,,,,,,,,,,0.6635046448375304,0.6464556632915984,0.6811603126481041,,,,0.6626000000000001,0.6461,0.6788000000000001
DRC2018,2019-11-29,0.6528822055137845,0.6360765547089289,0.6694072628676107,0.6528183686992168,0.6361890540943871,0.6692026635465755,0.6525396475072032,0.6358588271188154,0.6685324990374075,,,,,,,,,,0.6635670592777551,0.6466468156272058,0.6812399426523116,,,,0.6627000000000001,0.6462,0.6789000000000001
DRC2018,2019-11-30,0.6525821596244131,0.6357814755710267,0.6691030660615055,0.6525185078975229,0.6358939602442459,0.6688987459938087,0.6522413346204781,0.6355648250005136,0.668234912924763,,,,,,,,,,0.6636179141199966,0.6466900901520548,0.68112876461491,,,,0.6628000000000001,0.6463,0.679
DRC2018,2019-12-01,0.6528951486697966,0.6360976562093059,0.6694122888846445,0.6528313663741633,0.6362100442271762,0.6692078778261212,0.6525528435684785,0.635879945171158,0.6685379174924461,,,,,,,,,,0.6635752530919935,0.6466363989172773,0.6809996534580616,,,,0.6627000000000001,0.6462,0.6789000000000001
DRC2018,2019-12-02,0.6535211267605634,0.6367300410777963,0.670030710924196,0.6534570833274193,0.6368422357717065,0.6698261179122369,0.6531758619471107,0.6365042136201379,0.6691439038196787,,,,,,,,,,0.6639755526175926,0.6470242283686279,0.6813430615689798,,,,0.6631,0.6466000000000001,0.6793
DRC2018,2019-12-03,0.6538341158059467,0.637046245317983,0.6703399101306007,0.6537699418040359,0.6371583433432819,0.6701352261560647,0.6534873713793499,0.6368163973018731,0.6694468855829108,,,,,,,,,,0.6640713346090601,0.6471315346399178,0.6814113631398818,,,,0.6632,0.6467,0.6794
DRC2018,2019-12-04,0.6528125,0.6360275161437401,0.6693177236532849,0.6527488517516782,0.636139751153676,0.6691136558329462,0.6524711075532057,0.6358111863636059,0.6684460732258545,,,,,,,,,,0.6638749539466222,0.6469902476949366,0.6811936162021236,,,,0.6628000000000001,0.6463,0.679
DRC2018,2019-12-05,0.6530293566520925,0.6362519170920975,0.6695268144820703,0.6529656578765612,0.6363640140225992,0.6693228111600612,0.6526871487310498,0.6360328942346776,0.6686512914063214,,,,,,,,,,0.6640478224847599,0.6471369292207815,0.6813661994814896,,,,0.6632,0.6467,0.6794
DRC2018,2019-12-06,0.6532333645735707,0.6364553449084823,0.6697309406997958,0.6531695609598309,0.6365674145473854,0.6695268144820703,0.6528900890540663,0.636233611857077,0.6688511527045434,,,,,,,,,,0.6636868320336642,0.6468067927151213,0.6810168286430794,,,,0.663,0.6465000000000001,0.6792
DRC2018,2019-12-07,0.6530293566520925,0.6362519170920975,0.6695268144820703,0.6529656578765612,0.6363640140225992,0.6693228111600612,0.6526871487310498,0.6360328942346776,0.6686512914063214,,,,,,,,,,0.6634617170936712,0.6465484097125004,0.6807295661100496,,,,0.6628000000000001,0.6463,0.679
DRC2018,2019-12-08,0.6522145976294448,0.6354395180304062,0.6687115374867476,0.6521513170238469,0.6355517235524379,0.6685080246666204,0.6518752145100225,0.6352228058304074,0.6678530355755892,,,,,,,,,,0.6631924757166583,0.646291690642121,0.6804393145343589,,,,0.6624,0.6459,0.6786
DRC2018,2019-12-09,0.651307596513076,0.6345393019493002,0.6677999301358966,0.6512448104407549,0.6346515730275684,0.6675970597430054,0.6509704195763439,0.6343217832330434,0.666948929033112,,,,,,,,,,0.6630374485127739,0.6462275429184866,0.6803513490939579,,,,0.6625,0.646,0.6787000000000001
DRC2018,2019-12-10,0.6492861576660459,0.6325242027958979,0.6657766926408831,0.6492244026021066,0.63263673859226,0.6655750350592057,0.6489562643596681,0.6323115108359826,0.6649272933760006,,,,,,,,,,0.6624956160869202,0.6456335164272744,0.6799502241784904,,,,0.6621,0.6456000000000001,0.6783
DRC2018,2019-12-11,0.6486821705426357,0.6319221916155984,0.6651720818806506,0.6486207225245083,0.6320348057353677,0.6649707860723673,0.6483480657487233,0.6317149211067369,0.6643230136106212,,,,,,,,,,0.6616938000244788,0.6446836584103303,0.6791807320609917,,,,0.6617000000000001,0.6452,0.6779000000000001
DRC2018,2019-12-12,0.6489922480620155,0.6322353214254859,0.6654785432131878,0.6489306718926889,0.6323478407266794,0.6652771579530624,0.6486601698264047,0.6320253632404436,0.6646295475896606,,,,,,,,,,0.6614036394851921,0.6443805874353434,0.6790705569392008,,,,0.6616000000000001,0.6451,0.6778000000000001
DRC2018,2019-12-13,0.6494110353378797,0.6326608833351268,0.6658898788585548,0.649349305223018,0.6327732391669302,0.6656884352472018,0.6490823107650194,0.6324473775381766,0.6650411358882956,,,,,,,,,,0.6615909781149993,0.6445482355396572,0.6792040590256432,,,,0.6616000000000001,0.6451,0.6778000000000001
DRC2018,2019-12-14,0.6490086741016109,0.6322598277558706,0.6654871120560448,0.6489471483557718,0.632372235782142,0.6652859091796967,0.6486768631810396,0.6320499133346935,0.6646385902000094,,,,,,,,,,0.6611364223103825,0.6441148015563325,0.678744546609236,,,,0.6609,0.6445000000000001,0.6771
DRC2018,2019-12-15,0.6486068111455109,0.6318592854439935,0.6650848265128858,0.6485454893100722,0.6319717454430351,0.6648838639504576,0.6482729405341396,0.6316529746660233,0.6642365222365076,,,,,,,,,,0.6606657683849568,0.6436462161840458,0.6782673634227142,,,,0.6603,0.6439,0.6765
DRC2018,2019-12-16,0.6487155679356237,0.6319717454430351,0.665189766568389,0.6486542202080232,0.6320841368811843,0.6649888348711124,0.6483821144961912,0.6317645539648912,0.6643416445226216,,,,,,,,,,0.6605037452251941,0.643506545458468,0.6781331700004921,,,,0.6602,0.6438,0.6764
DRC2018,2019-12-17,0.6492421899164862,0.6325088175156419,0.6657051508788363,0.649180663017919,0.6326209776642905,0.6655041919027378,0.6489124506721183,0.6322971932071639,0.6648574652274961,,,,,,,,,,0.6610079625322947,0.6440936463003468,0.6786168701594262,,,,0.6605000000000001,0.6441,0.6767000000000001
DRC2018,2019-12-18,0.6495673671199012,0.6328450930730942,0.6660188924923014,0.649505763305106,0.6329570484576759,0.6658180262900464,0.6492403290968682,0.6326308920733574,0.6651717502272495,,,,,,,,,,0.6614933219469643,0.6445913967228831,0.6790638264407629,,,,0.6609,0.6444000000000001,0.677
DRC2018,2019-12-19,0.6494749845583694,0.6327570492276002,0.665922506719347,0.6494134568074869,0.6328689624860491,0.6657217910949638,0.649147308246828,0.6325437570231146,0.6650756553573495,,,,,,,,,,0.6612948548765631,0.6444042581101102,0.678873032286852,,,,0.6608,0.6443,0.6769000000000001
DRC2018,2019-12-20,0.6498919419573943,0.6331807548976984,0.6663320448220366,0.6498302616166685,0.6332925060771136,0.6661312713980321,0.6495633096455213,0.6329657893998922,0.6654854443701256,,,,,,,,,,0.6614435124226605,0.6445812191428191,0.6790196587865841,,,,0.6608,0.6444000000000001,0.6769000000000001
DRC2018,2019-12-21,0.65,0.6332925060771136,0.6664362982674379,0.6499382942370567,0.6334041893119895,0.6662355557704087,0.6496706924998368,0.6330783820396553,0.6655898780715052,,,,,,,,,,0.6613441356424837,0.6444883657893956,0.6788576937519898,,,,0.6607000000000001,0.6443,0.6768000000000001
DRC2018,2019-12-22,0.6498150431565968,0.6331161937079146,0.6662433676170791,0.6497534894446494,0.6332277932480026,0.6660429256128992,0.6494873067059996,0.6329008782998835,0.6653975289839013,,,,,,,,,,0.6615792932146181,0.6447549779653989,0.6790603815208691,,,,0.6609,0.6445000000000001,0.677
DRC2018,2019-12-23,0.6499229583975347,0.6332277932480026,0.6663474873569268,0.6498613793221746,0.6333393250396717,0.6661470761686228,0.6495944876062507,0.6330133177222791,0.6655018288979054,,,,,,,,,,0.6613633209723263,0.6445676817523661,0.6788525373210692,,,,0.6606000000000001,0.6442,0.6767000000000001
DRC2018,2019-12-24,0.6493226600985221,0.6326294083051489,0.6657466110094579,0.6492613842192618,0.6327410177163888,0.665546556831452,0.6489942347299791,0.6324180308950764,0.6649012790041251,,,,,,,,,,0.6609521884242507,0.6441508713424199,0.6784414670924394,,,,0.6602,0.6438,0.6763
DRC2018,2019-12-25,0.6486320319704888,0.6319450484980185,0.6650513758991485,0.6485711332126067,0.6320566929920282,0.6648518267139505,0.6483003337067823,0.6317399175254593,0.6642066485396538,,,,,,,,,,0.6607927583669053,0.6440130047764616,0.6782347213623867,,,,0.6601,0.6437,0.6762
DRC2018,2019-12-26,0.6490473263675476,0.6323670212951369,0.6654593261410882,0.6489862762109391,0.6324785050590813,0.6652597194895726,0.6487170044058985,0.6321583731475846,0.6646148561940499,,,,,,,,,,0.6608368524142234,0.6439193032370402,0.6782564295266258,,,,0.6603,0.6439,0.6764
DRC2018,2019-12-27,0.6491551459293394,0.6324785050590813,0.6655633701337831,0.6490940703717509,0.6325899213532284,0.6653637939657192,0.6488257177242814,0.6322689899325485,0.6647190809810695,,,,,,,,,,0.660713545869792,0.6438615504115222,0.6781642201361527,,,,0.6602,0.6438,0.6763
DRC2018,2019-12-28,0.6492628992628993,0.6325899213532284,0.6656673493274917,0.6492017983470376,0.6327012702386645,0.6654678036434386,0.6489343640140923,0.6323795450717257,0.6648232407949376,,,,,,,,,,0.6606073859878536,0.6438011323279804,0.6780703869818194,,,,0.6599,0.6435000000000001,0.676
DRC2018,2019-12-29,0.6488643339472069,0.6321926470848717,0.6652683761692624,0.6488034335801559,0.6323040471750445,0.6650690668024264,0.6485337825978434,0.6319858177220856,0.664424477930394,,,,,,,,,,0.6602254794479212,0.6434162667611137,0.6776270122566505,,,,0.6595000000000001,0.6431,0.6756
DRC2018,2019-12-30,0.6486652347345812,0.6319941988870879,0.6650690668024264,0.6486044344746351,0.6321056244987584,0.6648698754405067,0.648334178103632,0.6317891437511248,0.6642252724211403,,,,,,,,,,0.6597972281836861,0.6430037131226642,0.6772299094309416,,,,0.6591,0.6427,0.6752
DRC2018,2019-12-31,0.648068669527897,0.6313996085766995,0.6644718463222787,0.6480081689218409,0.6315111104304221,0.6642730083616826,0.6477368602243373,0.6311998698454893,0.663628358380689,,,,,,,,,,0.6594261029100487,0.6426571139230216,0.6768341380343547,,,,0.6587000000000001,0.6423,0.6748000000000001
DRC2018,2020-01-01,0.647671568627451,0.6310038423899802,0.6640742879974261,0.6476112672359471,0.6311153948039022,0.6638756851276439,0.6473431816083149,0.6308076426994488,0.6632310000913361,,,,,,,,,,0.6589752231117563,0.6422021782190696,0.6763977352649636,,,,0.6583,0.6419,0.6744
DRC2018,2020-01-02,0.6470768288950107,0.6304111317163027,0.6634788314646021,0.6470168254962265,0.6305227595704961,0.6632805804681696,0.6467487992541665,0.6302203279624052,0.6626358372649501,,,,,,,,,,0.658556845726054,0.6417886391101659,0.6759460112720801,,,,0.6578,0.6415000000000001,0.674
DRC2018,2020-01-03,0.6471848225214198,0.6305227595704961,0.6635830782213628,0.6471247934314968,0.630634320139604,0.6633848571055443,0.6468570386835666,0.6303310460622208,0.6627402668804888,,,,,,,,,,0.65839583932833,0.6415979820516028,0.6757804137019076,,,,0.6577000000000001,0.6414000000000001,0.6739
DRC2018,2020-01-04,0.6467889908256881,0.6301282934775676,0.6631867530234401,0.6467291597792764,0.6302399040862625,0.6629887658738215,0.6464608475181457,0.6299402343726739,0.6623441337187785,,,,,,,,,,0.6580205647878576,0.6412564525315971,0.6753649252205748,,,,0.6573,0.641,0.6735
DRC2018,2020-01-05,0.6463936430317848,0.6297343255115547,0.6627908955555719,0.6463340095897332,0.6298459859482011,0.6625931419676843,0.6460651399656808,0.6295499164234145,0.6619484649393028,,,,,,,,,,0.6576112750940435,0.6408539765682199,0.6749362571584762,,,,0.6569,0.6406000000000001,0.6731
DRC2018,2020-01-06,0.6465016804155209,0.6298459859482011,0.6628951968422025,0.6464420211907558,0.6299575791839621,0.6626974729187767,0.6461734230785798,0.6296606648634088,0.6620529497877778,,,,,,,,,,0.6575112919903456,0.6407618733317249,0.6748179406777023,,,,0.6568,0.6405000000000001,0.673
DRC2018,2020-01-07,0.646609651802077,0.6299575791839621,0.6629994335226171,0.6465499668372103,0.6300691052793388,0.662801739264659,0.6462816400626921,0.6297713472864701,0.6621573698526725,,,,,,,,,,0.657447603097121,0.640735899921185,0.6747614400594976,,,,0.6567000000000001,0.6404000000000001,0.6729
DRC2018,2020-01-08,0.646609651802077,0.6299575791839621,0.6629994335226171,0.6465499668372103,0.6300691052793388,0.662801739264659,0.6462816400626921,0.6297713472864701,0.6621573698526725,,,,,,,,,,0.6571025558325738,0.6403977679202675,0.6743861291732759,,,,0.6563,0.64,0.6725
DRC2018,2020-01-09,0.646412213740458,0.629760831374087,0.662801739264659,0.6463526273467284,0.6298723823161698,0.6626041615280791,0.6460840220437881,0.6295764211343422,0.6619597691284546,,,,,,,,,,0.6568335184295668,0.6401570007005455,0.6740049647750471,,,,0.6559,0.6396000000000001,0.6721
DRC2018,2020-01-10,0.646412213740458,0.629760831374087,0.662801739264659,0.6463526273467284,0.6298723823161698,0.6626041615280791,0.6460840220437881,0.6295764211343422,0.6619597691284546,,,,,,,,,,0.6565265887780696,0.639856959258048,0.673718068385959,,,,0.6555000000000001,0.6392,0.6717000000000001
DRC2018,2020-01-11,0.6460176991150443,0.6293677078349902,0.6624067002122527,0.6459583095361338,0.629479308312775,0.6622093552166628,0.6456896402870285,0.6291869376305508,0.6615649146527839,,,,,,,,,,0.6562855466282345,0.6395886602889004,0.6734169368121621,,,,0.6553,0.639,0.6715
DRC2018,2020-01-12,0.6454268292682926,0.6287789509390709,0.6618150137846814,0.6453677340951421,0.6288906253274003,0.6616180171478065,0.6450991972797735,0.6286036325887991,0.6609734988924822,,,,,,,,,,0.6559587046244986,0.6392697964665558,0.6730882173080538,,,,0.6549,0.6386000000000001,0.6711
DRC2018,2020-01-13,0.6447488584474886,0.6281074419948596,0.6611321887317376,0.6446901282696054,0.6282191471808305,0.6609356843026695,0.6444167500199856,0.6279384593926686,0.6602910974500849,,,,,,,,,,0.6558751770790638,0.6391962840838294,0.6729896975519483,,,,0.655,0.6387,0.6712
DRC2018,2020-01-14,0.6441605839416058,0.6275213458405251,0.6605430217456374,0.6441021457998664,0.6276331238634563,0.6603468634188754,0.6438249297156844,0.6273577896373301,0.6597020230610766,,,,,,,,,,0.655369691513064,0.6386345031899576,0.6725419331663783,,,,0.6548,0.6385000000000001,0.671
DRC2018,2020-01-15,0.6435733819507748,0.6269363530192702,0.6599548921726754,0.6435152348785464,0.6270482034150622,0.6597590790550886,0.6432365336138324,0.6267782134001783,0.6591139791608269,,,,,,,,,,0.6549321842598083,0.6381451036766315,0.6721784214905141,,,,0.6544,0.6381,0.6706000000000001
DRC2018,2020-01-16,0.6433778857837181,0.6267416000495544,0.6597590790550886,0.6433198355205141,0.626853474466885,0.6595633808092586,0.6430404126837668,0.6265852637780395,0.6589181930708436,,,,,,,,,,0.6544866254237014,0.637665777538277,0.6717562480072832,,,,0.654,0.6377,0.6702
DRC2018,2020-01-17,0.6433778857837181,0.6267416000495544,0.6597590790550886,0.6433198355205141,0.626853474466885,0.6595633808092586,0.6430404126837668,0.6265852637780395,0.6589181930708436,,,,,,,,,,0.6541095570070206,0.6373196087934916,0.6713593163568362,,,,0.6536000000000001,0.6373,0.6698000000000001
DRC2018,2020-01-18,0.6431825083510476,0.6265469692034109,0.6595633808092586,0.6431245547900328,0.6266588675910435,0.6593677973363802,0.6428439694589491,0.6263924351894755,0.6587225210907567,,,,,,,,,,0.6538154539610593,0.6370916188512022,0.6710428485827757,,,,0.6532,0.6369,0.6694
DRC2018,2020-01-19,0.6427921092564491,0.6261580734146466,0.6591723285377562,0.6427343487798642,0.6262700195895003,0.6589769743147982,0.6424540232677447,0.6260053808382803,0.65833151907263,,,,,,,,,,0.653486535117966,0.6368137924621391,0.670704676511506,,,,0.6528,0.6365000000000001,0.669
DRC2018,2020-01-20,0.6424021838034577,0.625769664720129,0.6587817345690239,0.6423446159856441,0.6258816584782396,0.6585866092020596,0.6420634166290411,0.6256134266310827,0.6579409723321994,,,,,,,,,,0.6531234501306413,0.6364287217777213,0.6703278588150188,,,,0.6525000000000001,0.6361,0.6686000000000001
DRC2018,2020-01-21,0.6427054898392478,0.6260757782307509,0.659081693752533,0.6426477994054247,0.6261876813323425,0.6588864825575984,0.6423673769502796,0.6259223183842226,0.6582411250783526,,,,,,,,,,0.6530571828739629,0.6363541825557912,0.6702709682537675,,,,0.6524,0.636,0.6685
DRC2018,2020-01-22,0.6427054898392478,0.6260757782307509,0.659081693752533,0.6426477994054247,0.6261876813323425,0.6588864825575984,0.6423673769502796,0.6259223183842226,0.6582411250783526,,,,,,,,,,0.6527889598604909,0.6360715572299691,0.6699924358513255,,,,0.6522,0.6358,0.6683
DRC2018,2020-01-23,0.643312101910828,0.6266880266346562,0.6596815907249156,0.6432541662449696,0.6267997484113248,0.6594862078980248,0.6429746387729536,0.62653252414151,0.6588414048581072,,,,,,,,,,0.6531345152722859,0.6364983106728161,0.6702816699918007,,,,0.6524,0.636,0.6685
DRC2018,2020-01-24,0.643312101910828,0.6266880266346562,0.6596815907249156,0.6432541662449696,0.6267997484113248,0.6594862078980248,0.6429746387729536,0.62653252414151,0.6588414048581072,,,,,,,,,,0.6529222753128111,0.6362685764719421,0.6699660821676903,,,,0.652,0.6356,0.6681
DRC2018,2020-01-25,0.6431170406306853,0.6264937113086942,0.6594862078980248,0.6430592013579532,0.6266054569725605,0.6592909394894984,0.6427785137590101,0.6263400064186925,0.6586460474893284,,,,,,,,,,0.6527104183890788,0.6360538059273786,0.6697171446815082,,,,0.6518,0.6354000000000001,0.6679
DRC2018,2020-01-26,0.6429220976053349,0.6262995176033626,0.6592909394894984,0.6428643546195328,0.6264112871035142,0.6590957854010868,0.6425843524251479,0.6261476092311744,0.6584508037827793,,,,,,,,,,0.6524607561961616,0.6358268259644339,0.6694403829211213,,,,0.6516000000000001,0.6352,0.6677000000000001
DRC2018,2020-01-27,0.6425325658891246,0.6259114945902157,0.6589007455346472,0.6424750151591505,0.6260233116105298,0.6587058197921445,0.6421943990239598,0.6257565048305264,0.658060656970886,,,,,,,,,,0.6522385431653044,0.6355684624533459,0.6691660919344805,,,,0.6514,0.635,0.6675
DRC2018,2020-01-28,0.6429436705027256,0.6263289652688864,0.6593048311292663,0.642885971251892,0.6264406252043151,0.6591098482712799,0.6426060375264446,0.6261770068643732,0.6584651519699283,,,,,,,,,,0.6525634467559587,0.6359502707898924,0.6695076433252045,,,,0.6518,0.6355000000000001,0.6679
DRC2018,2020-01-29,0.6431598062953995,0.6265522185538905,0.6595136202165974,0.6431020547678176,0.6266637453770072,0.6593186943733681,0.6428220032361673,0.6263984193956398,0.6586743728178927,,,,,,,,,,0.652938883374243,0.6363184043487149,0.6698598977552643,,,,0.6522,0.6359,0.6683
DRC2018,2020-01-30,0.6434624697336562,0.6268576985870178,0.6598129299626254,0.6434045961089673,0.626969135125895,0.6596179186678937,0.6431264387449203,0.6267011894883578,0.6589738730030175,,,,,,,,,,0.6529540843511019,0.6363422594291367,0.6698754545831987,,,,0.6523,0.636,0.6684
DRC2018,2020-01-31,0.6437651331719129,0.6271631857187127,0.6601122326060974,0.6437071374501114,0.6272745319694182,0.6599171358678244,0.6434297357315859,0.6270039684171475,0.6592733646523247,,,,,,,,,,0.6530686347811028,0.6364324525785835,0.6699665215866414,,,,0.6524,0.6361,0.6685
DRC2018,2020-02-01,0.6435703479576399,0.626969135125895,0.6599171358678244,0.6435124483317137,0.6270805052506374,0.6597221531363696,0.6432346298424748,0.6268117094067553,0.6590782940305333,,,,,,,,,,0.6528890028269114,0.6362424758883041,0.6697890911789625,,,,0.6522,0.6359,0.6683
DRC2018,2020-02-02,0.6435703479576399,0.626969135125895,0.6599171358678244,0.6435124483317137,0.6270805052506374,0.6597221531363696,0.6432346298424748,0.6268117094067553,0.6590782940305333,,,,,,,,,,0.6526844534431009,0.6360428068472311,0.6695786896587188,,,,0.652,0.6357,0.6681
DRC2018,2020-02-03,0.6435703479576399,0.626969135125895,0.6599171358678244,0.6435124483317137,0.6270805052506374,0.6597221531363696,0.6432346298424748,0.6268117094067553,0.6590782940305333,,,,,,,,,,0.6525098319219302,0.6358902316585499,0.6694074842928889,,,,0.6518,0.6355000000000001,0.6679
DRC2018,2020-02-04,0.6436781609195402,0.6270805052506374,0.6600212778477131,0.6436202353344114,0.6271918090204536,0.6598263236810059,0.6433427459039947,0.626922164082256,0.6591826509243721,,,,,,,,,,0.6526840389059922,0.6360585821016648,0.6695556631565648,,,,0.6519,0.6356,0.668
DRC2018,2020-02-05,0.6434835198064711,0.6268865996810993,0.6598263236810059,0.64342569017984,0.6269979272805148,0.659631483371405,0.6431477842902225,0.6267300481979745,0.6589877223550589,,,,,,,,,,0.6525093799798058,0.6359199500668765,0.6693669080573081,,,,0.6517000000000001,0.6354000000000001,0.6678000000000001
DRC2018,2020-02-06,0.6434835198064711,0.6268865996810993,0.6598263236810059,0.64342569017984,0.6269979272805148,0.659631483371405,0.6431477842902225,0.6267300481979745,0.6589877223550589,,,,,,,,,,0.6523105648755838,0.6357533490657226,0.6691682043306847,,,,0.6515000000000001,0.6352,0.6676000000000001
DRC2018,2020-02-07,0.6432889963724304,0.6266928151453932,0.659631483371405,0.6432312625988836,0.6268041665238435,0.6594367568214126,0.6429522641517282,0.6265380522722853,0.6587929068907273,,,,,,,,,,0.6521734554285425,0.635640135326768,0.6690083166664659,,,,0.6515000000000001,0.6352,0.6676000000000001
DRC2018,2020-02-08,0.6432889963724304,0.6266928151453932,0.659631483371405,0.6432312625988836,0.6268041665238435,0.6594367568214126,0.6429522641517282,0.6265380522722853,0.6587929068907273,,,,,,,,,,0.6520067977751377,0.6354870921891429,0.6688435046690128,,,,0.6513,0.635,0.6674
DRC2018,2020-02-09,0.6438935912938332,0.6273030464944827,0.6602293702671871,0.643835613916157,0.6274142177317943,0.6600344732343089,0.6435587818784154,0.6271428779350131,0.6593911725477908,,,,,,,,,,0.6525033259531348,0.6360050376940969,0.6692893959154896,,,,0.6517000000000001,0.6354000000000001,0.6678000000000001
DRC2018,2020-02-10,0.6438935912938332,0.6273030464944827,0.6602293702671871,0.643835613916157,0.6274142177317943,0.6600344732343089,0.6435587818784154,0.6271428779350131,0.6593911725477908,,,,,,,,,,0.6523906044848812,0.6358920382889279,0.6691777840985614,,,,0.6517000000000001,0.6354000000000001,0.6678000000000001
DRC2018,2020-02-11,0.6436990027198549,0.6271091885903535,0.6600344732343089,0.6436411212371842,0.6272203836696597,0.6598396899545695,0.6433638728936713,0.6269508080760026,0.6591963015814151,,,,,,,,,,0.6522733607888869,0.6357688230877899,0.6690822777004124,,,,0.6515000000000001,0.6352,0.6676000000000001
DRC2018,2020-02-12,0.6436990027198549,0.6271091885903535,0.6600344732343089,0.6436411212371842,0.6272203836696597,0.6598396899545695,0.6433638728936713,0.6269508080760026,0.6591963015814151,,,,,,,,,,0.6521445197507201,0.6356549722707378,0.6689322644438775,,,,0.6515000000000001,0.6352,0.6676000000000001
DRC2018,2020-02-13,0.6436990027198549,0.6271091885903535,0.6600344732343089,0.6436411212371842,0.6272203836696597,0.6598396899545695,0.6433638728936713,0.6269508080760026,0.6591963015814151,,,,,,,,,,0.6520456908169788,0.6355470091011379,0.6688375407737154,,,,0.6513,0.635,0.6674
DRC2018,2020-02-14,0.6436990027198549,0.6271091885903535,0.6600344732343089,0.6436411212371842,0.6272203836696597,0.6598396899545695,0.6433638728936713,0.6269508080760026,0.6591963015814151,,,,,,,,,,0.651954366894457,0.6354668051016479,0.6687680518984663,,,,0.6513,0.635,0.6674
DRC2018,2020-02-15,0.6436990027198549,0.6271091885903535,0.6600344732343089,0.6436411212371842,0.6272203836696597,0.6598396899545695,0.6433638728936713,0.6269508080760026,0.6591963015814151,,,,,,,,,,0.6518782039444992,0.6353728705896174,0.6686725804605369,,,,0.6511,0.6348,0.6672
DRC2018,2020-02-16,0.6436990027198549,0.6271091885903535,0.6600344732343089,0.6436411212371842,0.6272203836696597,0.6598396899545695,0.6433638728936713,0.6269508080760026,0.6591963015814151,,,,,,,,,,0.6518042321152577,0.635268404119344,0.6686019993607073,,,,0.6511,0.6348,0.6672
DRC2018,2020-02-17,0.6435045317220544,0.6269154516189531,0.6598396899545695,0.6434467460291204,0.627026670489744,0.6596450203306239,0.6431690816141116,0.6267588580772692,0.6590015436161442,,,,,,,,,,0.6517429305818547,0.635187518635123,0.6685186671811895,,,,0.6511,0.6348,0.6672
DRC2018,2020-02-18,0.6435045317220544,0.6269154516189531,0.6598396899545695,0.6434467460291204,0.627026670489744,0.6596450203306239,0.6431690816141116,0.6267588580772692,0.6590015436161442,,,,,,,,,,0.6516380785794125,0.6350901562049627,0.6684242377740222,,,,0.651,0.6347,0.667
DRC2018,2020-02-19,0.6435045317220544,0.6269154516189531,0.6598396899545695,0.6434467460291204,0.627026670489744,0.6596450203306239,0.6431690816141116,0.6267588580772692,0.6590015436161442,,,,,,,,,,0.6515742761006866,0.6349951942377559,0.6683192978253742,,,,0.651,0.6347,0.667
DRC2018,2020-02-20,0.6435045317220544,0.6269154516189531,0.6598396899545695,0.6434467460291204,0.627026670489744,0.6596450203306239,0.6431690816141116,0.6267588580772692,0.6590015436161442,,,,,,,,,,0.6515116005202299,0.6349077959784215,0.6682356095092621,,,,0.651,0.6347,0.667
DRC2018,2020-02-21,0.6435045317220544,0.6269154516189531,0.6598396899545695,0.6434467460291204,0.627026670489744,0.6596450203306239,0.6431690816141116,0.6267588580772692,0.6590015436161442,,,,,,,,,,0.6514534612469168,0.6348585079127349,0.668161537765701,,,,0.6508,0.6345000000000001,0.6668000000000001
DRC2018,2020-02-22,0.6435045317220544,0.6269154516189531,0.6598396899545695,0.6434467460291204,0.627026670489744,0.6596450203306239,0.6431690816141116,0.6267588580772692,0.6590015436161442,,,,,,,,,,0.6513937740747971,0.634821796291193,0.6680799085174253,,,,0.6508,0.6345000000000001,0.6668000000000001
DRC2018,2020-02-23,0.6435045317220544,0.6269154516189531,0.6598396899545695,0.6434467460291204,0.627026670489744,0.6596450203306239,0.6431690816141116,0.6267588580772692,0.6590015436161442,,,,,,,,,,0.6513439278421098,0.6347892161289674,0.6679997629035872,,,,0.6508,0.6345000000000001,0.6668000000000001
DRC2018,2020-02-24,0.6435045317220544,0.6269154516189531,0.6598396899545695,0.6434467460291204,0.627026670489744,0.6596450203306239,0.6431690816141116,0.6267588580772692,0.6590015436161442,,,,,,,,,,0.6512927563632789,0.6347427698249127,0.6679271779445699,,,,0.6508,0.6345000000000001,0.6668000000000001
DRC2018,2020-02-25,0.6435045317220544,0.6269154516189531,0.6598396899545695,0.6434467460291204,0.627026670489744,0.6596450203306239,0.6431690816141116,0.6267588580772692,0.6590015436161442,,,,,,,,,,0.651262245697626,0.6346364577849651,0.6678876750189523,,,,0.6508,0.6345000000000001,0.6668000000000001
DRC2018,2020-02-26,0.6435045317220544,0.6269154516189531,0.6598396899545695,0.6434467460291204,0.627026670489744,0.6596450203306239,0.6431690816141116,0.6267588580772692,0.6590015436161442,,,,,,,,,,0.6512284498282617,0.6345724717726219,0.6678386500209682,,,,0.6508,0.6345000000000001,0.6668000000000001
DRC2018,2020-02-27,0.6435045317220544,0.6269154516189531,0.6598396899545695,0.6434467460291204,0.627026670489744,0.6596450203306239,0.6431690816141116,0.6267588580772692,0.6590015436161442,,,,,,,,,,0.6511885645474159,0.6345441345634627,0.6677942813968557,,,,0.6506000000000001,0.6343,0.6666000000000001
DRC2018,2020-02-28,0.6435045317220544,0.6269154516189531,0.6598396899545695,0.6434467460291204,0.627026670489744,0.6596450203306239,0.6431690816141116,0.6267588580772692,0.6590015436161442,,,,,,,,,,0.6511544059517529,0.6345266564311564,0.6677414390253311,,,,0.6506000000000001,0.6343,0.6666000000000001
DRC2018,2020-02-29,0.6435045317220544,0.6269154516189531,0.6598396899545695,0.6434467460291204,0.627026670489744,0.6596450203306239,0.6431690816141116,0.6267588580772692,0.6590015436161442,,,,,,,,,,0.6511314990859869,0.6344690182264741,0.6677004259370968,,,,0.6506000000000001,0.6343,0.6666000000000001
DRC2018,2020-03-01,0.6435045317220544,0.6269154516189531,0.6598396899545695,0.6434467460291204,0.627026670489744,0.6596450203306239,0.6431690816141116,0.6267588580772692,0.6590015436161442,,,,,,,,,,0.6511103797540871,0.6344432706945577,0.6676745730506182,,,,0.6506000000000001,0.6343,0.6666000000000001
DRC2018,2020-03-02,0.6435045317220544,0.6269154516189531,0.6598396899545695,0.6434467460291204,0.627026670489744,0.6596450203306239,0.6431690816141116,0.6267588580772692,0.6590015436161442,,,,,,,,,,0.651095773842301,0.6344197794479833,0.667629770260508,,,,0.6506000000000001,0.6343,0.6666000000000001
DRC2018,2020-03-03,0.6435045317220544,0.6269154516189531,0.6598396899545695,0.6434467460291204,0.627026670489744,0.6596450203306239,0.6431690816141116,0.6267588580772692,0.6590015436161442,,,,,,,,,,0.6510581239081756,0.6343969905157699,0.6675886967631462,,,,0.6506000000000001,0.6343,0.6666000000000001
DRC2018,2020-03-04,0.6435045317220544,0.6269154516189531,0.6598396899545695,0.6434467460291204,0.627026670489744,0.6596450203306239,0.6431690816141116,0.6267588580772692,0.6590015436161442,,,,,,,,,,0.6510290365699973,0.6343748682235828,0.6675260747986118,,,,0.6506000000000001,0.6343,0.6666000000000001
DRC2018,2020-03-05,0.6435045317220544,0.6269154516189531,0.6598396899545695,0.6434467460291204,0.627026670489744,0.6596450203306239,0.6431690816141116,0.6267588580772692,0.6590015436161442,,,,,,,,,,0.6510158468151845,0.6343533803087169,0.6675030488654575,,,,0.6506000000000001,0.6343,0.6666000000000001
DRC2018,2020-03-06,0.6435045317220544,0.6269154516189531,0.6598396899545695,0.6434467460291204,0.627026670489744,0.6596450203306239,0.6431690816141116,0.6267588580772692,0.6590015436161442,,,,,,,,,,0.6510041278167586,0.6343324973787801,0.6674640193953315,,,,0.6506000000000001,0.6343,0.6666000000000001
DRC2018,2020-03-07,0.6435045317220544,0.6269154516189531,0.6598396899545695,0.6434467460291204,0.627026670489744,0.6596450203306239,0.6431690816141116,0.6267588580772692,0.6590015436161442,,,,,,,,,,0.6509749256148464,0.6343122284775387,0.6674224075223216,,,,0.6506000000000001,0.6343,0.6666000000000001
DRC2018,2020-03-08,0.6435045317220544,0.6269154516189531,0.6598396899545695,0.6434467460291204,0.627026670489744,0.6596450203306239,0.6431690816141116,0.6267588580772692,0.6590015436161442,,,,,,,,,,0.650961578239708,0.6342982223508064,0.6673978885065729,,,,0.6506000000000001,0.6343,0.6666000000000001
DRC2018,2020-03-09,0.6435045317220544,0.6269154516189531,0.6598396899545695,0.6434467460291204,0.627026670489744,0.6596450203306239,0.6431690816141116,0.6267588580772692,0.6590015436161442,,,,,,,,,,0.6509499380973499,0.6342907643358962,0.6673738589518164,,,,0.6506000000000001,0.6343,0.6666000000000001
DRC2018,2020-03-10,0.6435045317220544,0.6269154516189531,0.6598396899545695,0.6434467460291204,0.627026670489744,0.6596450203306239,0.6431690816141116,0.6267588580772692,0.6590015436161442,,,,,,,,,,0.6509378834403461,0.6342844313620962,0.6672985997240201,,,,0.6506000000000001,0.6343,0.6666000000000001
DRC2018,2020-03-11,0.6435045317220544,0.6269154516189531,0.6598396899545695,0.6434467460291204,0.627026670489744,0.6596450203306239,0.6431690816141116,0.6267588580772692,0.6590015436161442,,,,,,,,,,0.6509295692457036,0.6342792138088456,0.6672841631717754,,,,0.6506000000000001,0.6343,0.6666000000000001
DRC2018,2020-03-12,0.6435045317220544,0.6269154516189531,0.6598396899545695,0.6434467460291204,0.627026670489744,0.6596450203306239,0.6431690816141116,0.6267588580772692,0.6590015436161442,,,,,,,,,,0.6509263431961352,0.6342748987341548,0.6672754221995031,,,,0.6506000000000001,0.6343,0.6666000000000001
DRC2018,2020-03-13,0.6435045317220544,0.6269154516189531,0.6598396899545695,0.6434467460291204,0.627026670489744,0.6596450203306239,0.6431690816141116,0.6267588580772692,0.6590015436161442,,,,,,,,,,0.6509212850394296,0.634257161793854,0.6672672099740755,,,,0.6506000000000001,0.6343,0.6666000000000001
DRC2018,2020-03-14,0.6435045317220544,0.6269154516189531,0.6598396899545695,0.6434467460291204,0.627026670489744,0.6596450203306239,0.6431690816141116,0.6267588580772692,0.6590015436161442,,,,,,,,,,0.6509156680414783,0.6342571528173984,0.6672594910991143,,,,0.6506000000000001,0.6343,0.6666000000000001
DRC2018,2020-03-15,0.6435045317220544,0.6269154516189531,0.6598396899545695,0.6434467460291204,0.627026670489744,0.6596450203306239,0.6431690816141116,0.6267588580772692,0.6590015436161442,,,,,,,,,,0.6509085507547328,0.6342571447785191,0.6672342346936884,,,,0.6506000000000001,0.6343,0.6666000000000001
DRC2018,2020-03-16,0.6435045317220544,0.6269154516189531,0.6598396899545695,0.6434467460291204,0.627026670489744,0.6596450203306239,0.6431690816141116,0.6267588580772692,0.6590015436161442,,,,,,,,,,0.6509010903338412,0.6342345025064975,0.6672300373711229,,,,0.6506000000000001,0.6343,0.6666000000000001
DRC2018,2020-03-17,0.6435045317220544,0.6269154516189531,0.6598396899545695,0.6434467460291204,0.627026670489744,0.6596450203306239,0.6431690816141116,0.6267588580772692,0.6590015436161442,,,,,,,,,,0.6508862688938445,0.6342313673954968,0.6671906265479011,,,,0.6506000000000001,0.6343,0.6666000000000001
DRC2018,2020-03-18,0.6435045317220544,0.6269154516189531,0.6598396899545695,0.6434467460291204,0.627026670489744,0.6596450203306239,0.6431690816141116,0.6267588580772692,0.6590015436161442,,,,,,,,,,0.6508797473061827,0.6342101549262064,0.6671860200099172,,,,0.6506000000000001,0.6343,0.6666000000000001
DRC2018,2020-03-19,0.6435045317220544,0.6269154516189531,0.6598396899545695,0.6434467460291204,0.627026670489744,0.6596450203306239,0.6431690816141116,0.6267588580772692,0.6590015436161442,,,,,,,,,,0.6508726027137695,0.634197365990066,0.6671856914438835,,,,0.6506000000000001,0.6343,0.6666000000000001
DRC2018,2020-03-20,0.6435045317220544,0.6269154516189531,0.6598396899545695,0.6434467460291204,0.627026670489744,0.6596450203306239,0.6431690816141116,0.6267588580772692,0.6590015436161442,,,,,,,,,,0.6508697582653765,0.6341947381833696,0.6671791408783635,,,,0.6506000000000001,0.6343,0.6666000000000001
DRC2018,2020-03-21,0.6435045317220544,0.6269154516189531,0.6598396899545695,0.6434467460291204,0.627026670489744,0.6596450203306239,0.6431690816141116,0.6267588580772692,0.6590015436161442,,,,,,,,,,0.6508624827546934,0.6341923895508847,0.6671713655846166,,,,0.6506000000000001,0.6343,0.6666000000000001
DRC2018,2020-03-22,0.6435045317220544,0.6269154516189531,0.6598396899545695,0.6434467460291204,0.627026670489744,0.6596450203306239,0.6431690816141116,0.6267588580772692,0.6590015436161442,,,,,,,,,,0.650858778564751,0.6341918628323613,0.6671598806778066,,,,0.6506000000000001,0.6343,0.6666000000000001
DRC2018,2020-03-23,0.6435045317220544,0.6269154516189531,0.6598396899545695,0.6434467460291204,0.627026670489744,0.6596450203306239,0.6431690816141116,0.6267588580772692,0.6590015436161442,,,,,,,,,,0.6508522195991484,0.6341918107926471,0.6671489749815224,,,,0.6506000000000001,0.6343,0.6666000000000001
DRC2018,2020-03-24,0.6435045317220544,0.6269154516189531,0.6598396899545695,0.6434467460291204,0.627026670489744,0.6596450203306239,0.6431690816141116,0.6267588580772692,0.6590015436161442,,,,,,,,,,0.6508465938095918,0.634191765277446,0.6671386172728354,,,,0.6506000000000001,0.6343,0.6666000000000001
DRC2018,2020-03-25,0.6435045317220544,0.6269154516189531,0.6598396899545695,0.6434467460291204,0.627026670489744,0.6596450203306239,0.6431690816141116,0.6267588580772692,0.6590015436161442,,,,,,,,,,0.650843559046347,0.6341917252435447,0.6671287782108162,,,,0.6506000000000001,0.6343,0.6666000000000001
DRC2018,2020-03-26,0.6435045317220544,0.6269154516189531,0.6598396899545695,0.6434467460291204,0.627026670489744,0.6596450203306239,0.6431690816141116,0.6267588580772692,0.6590015436161442,,,,,,,,,,0.6508405243584381,0.6341916898805443,0.6671194301991612,,,,0.6506000000000001,0.6343,0.6666000000000001
DRC2018,2020-03-27,0.6435045317220544,0.6269154516189531,0.6598396899545695,0.6434467460291204,0.627026670489744,0.6596450203306239,0.6431690816141116,0.6267588580772692,0.6590015436161442,,,,,,,,,,0.6508399022650206,0.6341916585442571,0.6671104146771245,,,,0.6506000000000001,0.6343,0.6666000000000001
DRC2018,2020-03-28,0.6435045317220544,0.6269154516189531,0.6598396899545695,0.6434467460291204,0.627026670489744,0.6596450203306239,0.6431690816141116,0.6267588580772692,0.6590015436161442,,,,,,,,,,0.6508380945748738,0.634191630711283,0.6671010272640898,,,,0.6506000000000001,0.6343,0.6666000000000001
DRC2018,2020-03-29,0.6435045317220544,0.6269154516189531,0.6598396899545695,0.6434467460291204,0.627026670489744,0.6596450203306239,0.6431690816141116,0.6267588580772692,0.6590015436161442,,,,,,,,,,0.6508323849192814,0.6341916059478706,0.6670919865192102,,,,0.6506000000000001,0.6343,0.6666000000000001
DRC2018,2020-03-30,0.6435045317220544,0.6269154516189531,0.6598396899545695,0.6434467460291204,0.627026670489744,0.6596450203306239,0.6431690816141116,0.6267588580772692,0.6590015436161442,,,,,,,,,,0.6508285509251448,0.6341915838883897,0.6670617274018694,,,,0.6506000000000001,0.6343,0.6666000000000001
DRC2018,2020-03-31,0.6435045317220544,0.6269154516189531,0.6598396899545695,0.6434467460291204,0.627026670489744,0.6596450203306239,0.6431690816141116,0.6267588580772692,0.6590015436161442,,,,,,,,,,0.650825536127164,0.6341915642202636,0.667026484930088,,,,0.6506000000000001,0.6343,0.6666000000000001
DRC2018,2020-04-01,0.6435045317220544,0.6269154516189531,0.6598396899545695,0.6434467460291204,0.627026670489744,0.6596450203306239,0.6431690816141116,0.6267588580772692,0.6590015436161442,,,,,,,,,,0.6508234054618928,0.634191546673248,0.6669898403460922,,,,0.6506000000000001,0.6343,0.6666000000000001
DRC2018,2020-04-02,0.6435045317220544,0.6269154516189531,0.6598396899545695,0.6434467460291204,0.627026670489744,0.6596450203306239,0.6431690816141116,0.6267588580772692,0.6590015436161442,,,,,,,,,,0.650821903487676,0.6341915310116476,0.6669553044431169,,,,0.6506000000000001,0.6343,0.6666000000000001
DRC2018,2020-04-03,0.6435045317220544,0.6269154516189531,0.6598396899545695,0.6434467460291204,0.627026670489744,0.6596450203306239,0.6431690816141116,0.6267588580772692,0.6590015436161442,,,,,,,,,,0.6508184137696983,0.6341915170285308,0.6669342221077906,,,,0.6506000000000001,0.6343,0.6666000000000001
DRC2018,2020-04-04,0.6435045317220544,0.6269154516189531,0.6598396899545695,0.6434467460291204,0.627026670489744,0.6596450203306239,0.6431690816141116,0.6267588580772692,0.6590015436161442,,,,,,,,,,0.650815876830805,0.6341836583412539,0.6669315707008214,,,,0.6506000000000001,0.6343,0.6666000000000001
DRC2018,2020-04-05,0.6435045317220544,0.6269154516189531,0.6598396899545695,0.6434467460291204,0.627026670489744,0.6596450203306239,0.6431690816141116,0.6267588580772692,0.6590015436161442,,,,,,,,,,0.6508136412066313,0.634175688806198,0.666931494877393,,,,0.6506000000000001,0.6343,0.6666000000000001
DRC2018,2020-04-06,0.6435045317220544,0.6269154516189531,0.6598396899545695,0.6434467460291204,0.627026670489744,0.6596450203306239,0.6431690816141116,0.6267588580772692,0.6590015436161442,,,,,,,,,,0.6508123853873489,0.6341753003993752,0.6669314246204123,,,,0.6506000000000001,0.6343,0.6666000000000001
DRC2018,2020-04-07,0.6435045317220544,0.6269154516189531,0.6598396899545695,0.6434467460291204,0.627026670489744,0.6596450203306239,0.6431690816141116,0.6267588580772692,0.6590015436161442,,,,,,,,,,0.650811354818544,0.6341749533842262,0.6669309105562506,,,,0.6506000000000001,0.6343,0.6666000000000001
DRC2018,2020-04-08,0.6435045317220544,0.6269154516189531,0.6598396899545695,0.6434467460291204,0.627026670489744,0.6596450203306239,0.6431690816141116,0.6267588580772692,0.6590015436161442,,,,,,,,,,0.6508093438150484,0.634174643352635,0.6669285580603503,,,,0.6506000000000001,0.6343,0.6666000000000001
DRC2018,2020-04-09,0.6435045317220544,0.6269154516189531,0.6598396899545695,0.6434467460291204,0.627026670489744,0.6596450203306239,0.6431690816141116,0.6267588580772692,0.6590015436161442,,,,,,,,,,0.6508039670918211,0.6341743663656941,0.6669263782559782,,,,0.6506000000000001,0.6343,0.6666000000000001
DRC2018,2020-04-10,0.6435045317220544,0.6269154516189531,0.6598396899545695,0.6434467460291204,0.627026670489744,0.6596450203306239,0.6431690816141116,0.6267588580772692,0.6590015436161442,,,,,,,,,,0.6508032318436333,0.6341741189037656,0.6669021507114032,,,,0.6506000000000001,0.6343,0.6666000000000001
DRC2018,2020-04-11,0.6435045317220544,0.6269154516189531,0.6598396899545695,0.6434467460291204,0.627026670489744,0.6596450203306239,0.6431690816141116,0.6267588580772692,0.6590015436161442,,,,,,,,,,0.6508017039411249,0.6341738978218607,0.6668553525346083,,,,0.6506000000000001,0.6343,0.6666000000000001
DRC2018,2020-04-12,0.6435045317220544,0.6269154516189531,0.6598396899545695,0.6434467460291204,0.627026670489744,0.6596450203306239,0.6431690816141116,0.6267588580772692,0.6590015436161442,,,,,,,,,,0.6508002555152117,0.6341737003097723,0.6668553499852709,,,,0.6506000000000001,0.6343,0.6666000000000001
DRC2018,2020-04-13,0.6435045317220544,0.6269154516189531,0.6598396899545695,0.6434467460291204,0.627026670489744,0.6596450203306239,0.6431690816141116,0.6267588580772692,0.6590015436161442,,,,,,,,,,0.6507993725715986,0.6341735238564524,0.6668553477774034,,,,0.6506000000000001,0.6343,0.6666000000000001
DRC2018,2020-04-14,0.6435045317220544,0.6269154516189531,0.6598396899545695,0.6434467460291204,0.627026670489744,0.6596450203306239,0.6431690816141116,0.6267588580772692,0.6590015436161442,,,,,,,,,,0.6507940632225322,0.6341733662181823,0.6668548955991451,,,,0.6506000000000001,0.6343,0.6666000000000001
DRC2018,2020-04-15,0.6435045317220544,0.6269154516189531,0.6598396899545695,0.6434467460291204,0.627026670489744,0.6596450203306239,0.6431690816141116,0.6267588580772692,0.6590015436161442,,,,,,,,,,0.6507925090527918,0.6341732253901265,0.6668254207920897,,,,0.6506000000000001,0.6343,0.6666000000000001
DRC2018,2020-04-16,0.6435045317220544,0.6269154516189531,0.6598396899545695,0.6434467460291204,0.627026670489744,0.6596450203306239,0.6431690816141116,0.6267588580772692,0.6590015436161442,,,,,,,,,,0.6507904747507245,0.6341730995809173,0.6668122272090758,,,,0.6506000000000001,0.6343,0.6666000000000001
DRC2018,2020-04-17,0.6435045317220544,0.6269154516189531,0.6598396899545695,0.6434467460291204,0.627026670489744,0.6596450203306239,0.6431690816141116,0.6267588580772692,0.6590015436161442,,,,,,,,,,0.6507876800085053,0.6341671078774227,0.6668054385106675,,,,0.6506000000000001,0.6343,0.6666000000000001
DRC2018,2020-04-18,0.6435045317220544,0.6269154516189531,0.6598396899545695,0.6434467460291204,0.627026670489744,0.6596450203306239,0.6431690816141116,0.6267588580772692,0.6590015436161442,,,,,,,,,,0.6507814500958399,0.6341669926930223,0.6667726318638195,,,,0.6506000000000001,0.6343,0.6666000000000001
DRC2018,2020-04-19,0.6435045317220544,0.6269154516189531,0.6598396899545695,0.6434467460291204,0.627026670489744,0.6596450203306239,0.6431690816141116,0.6267588580772692,0.6590015436161442,,,,,,,,,,0.6507781673114649,0.6341612234101334,0.6667551043804236,,,,0.6506000000000001,0.6343,0.6666000000000001
DRC2018,2020-04-20,0.6435045317220544,0.6269154516189531,0.6598396899545695,0.6434467460291204,0.627026670489744,0.6596450203306239,0.6431690816141116,0.6267588580772692,0.6590015436161442,,,,,,,,,,0.6507766353698006,0.6341588408646207,0.6667550987640032,,,,0.6506000000000001,0.6343,0.6666000000000001
DRC2018,2020-04-21,0.6435045317220544,0.6269154516189531,0.6598396899545695,0.6434467460291204,0.627026670489744,0.6596450203306239,0.6431690816141116,0.6267588580772692,0.6590015436161442,,,,,,,,,,0.6507749807834947,0.6341588380538525,0.6667550567663326,,,,0.6506000000000001,0.6343,0.6666000000000001
DRC2018,2020-04-22,0.6435045317220544,0.6269154516189531,0.6598396899545695,0.6434467460291204,0.627026670489744,0.6596450203306239,0.6431690816141116,0.6267588580772692,0.6590015436161442,,,,,,,,,,0.6507732053962381,0.6341588356888817,0.6667345304844761,,,,0.6506000000000001,0.6343,0.6666000000000001
DRC2018,2020-04-23,0.6435045317220544,0.6269154516189531,0.6598396899545695,0.6434467460291204,0.627026670489744,0.6596450203306239,0.6431690816141116,0.6267588580772692,0.6590015436161442,,,,,,,,,,0.6507708355985901,0.6341588336991859,0.6667332637900664,,,,0.6506000000000001,0.6343,0.6666000000000001
DRC2018,2020-04-24,0.6435045317220544,0.6269154516189531,0.6598396899545695,0.6434467460291204,0.627026670489744,0.6596450203306239,0.6431690816141116,0.6267588580772692,0.6590015436161442,,,,,,,,,,0.6507653406705587,0.6341588320253655,0.6667320596505248,,,,0.6506000000000001,0.6343,0.6666000000000001
DRC2018,2020-04-25,0.6435045317220544,0.6269154516189531,0.6598396899545695,0.6434467460291204,0.627026670489744,0.6596450203306239,0.6431690816141116,0.6267588580772692,0.6590015436161442,,,,,,,,,,0.6507632271126442,0.6341588306173953,0.666730914882897,,,,0.6506000000000001,0.6343,0.6666000000000001
DRC2018,2020-04-26,0.6435045317220544,0.6269154516189531,0.6598396899545695,0.6434467460291204,0.627026670489744,0.6596450203306239,0.6431690816141116,0.6267588580772692,0.6590015436161442,,,,,,,,,,0.6507563963499822,0.6341588294331513,0.6667298264728246,,,,0.6506000000000001,0.6343,0.6666000000000001
DRC2018,2020-04-27,0.6435045317220544,0.6269154516189531,0.6598396899545695,0.6434467460291204,0.627026670489744,0.6596450203306239,0.6431690816141116,0.6267588580772692,0.6590015436161442,,,,,,,,,,0.6507563045655136,0.6341510869518384,0.6667287915651163,,,,0.6506000000000001,0.6343,0.6666000000000001
DRC2018,2020-04-28,0.6435045317220544,0.6269154516189531,0.6598396899545695,0.6434467460291204,0.627026670489744,0.6596450203306239,0.6431690816141116,0.6267588580772692,0.6590015436161442,,,,,,,,,,0.6507552007135545,0.6341507837440246,0.6667170234049367,,,,0.6506000000000001,0.6343,0.6666000000000001
DRC2018,2020-04-29,0.6435045317220544,0.6269154516189531,0.6598396899545695,0.6434467460291204,0.627026670489744,0.6596450203306239,0.6431690816141116,0.6267588580772692,0.6590015436161442,,,,,,,,,,0.6507551285109894,0.6341504845635174,0.6667169840559619,,,,0.6506000000000001,0.6343,0.6666000000000001
DRC2018,2020-04-30,0.6435045317220544,0.6269154516189531,0.6598396899545695,0.6434467460291204,0.627026670489744,0.6596450203306239,0.6431690816141116,0.6267588580772692,0.6590015436161442,,,,,,,,,,0.6507550632941235,0.634150189344353,0.6667168228196774,,,,0.6506000000000001,0.6343,0.6666000000000001
DRC2018,2020-05-01,0.6435045317220544,0.6269154516189531,0.6598396899545695,0.6434467460291204,0.627026670489744,0.6596450203306239,0.6431690816141116,0.6267588580772692,0.6590015436161442,,,,,,,,,,0.6507550043878512,0.6341498980220228,0.6667073392872819,,,,0.6506000000000001,0.6343,0.6666000000000001
DRC2018,2020-05-02,0.6435045317220544,0.6269154516189531,0.6598396899545695,0.6434467460291204,0.627026670489744,0.6596450203306239,0.6431690816141116,0.6267588580772692,0.6590015436161442,,,,,,,,,,0.6507549511822179,0.6341498722651523,0.6666947076269425,,,,0.6506000000000001,0.6343,0.6666000000000001
DRC2018,2020-05-03,0.6435045317220544,0.6269154516189531,0.6598396899545695,0.6434467460291204,0.627026670489744,0.6596450203306239,0.6431690816141116,0.6267588580772692,0.6590015436161442,,,,,,,,,,0.6507549031261433,0.6341498722641574,0.666682249824683,,,,0.6506000000000001,0.6343,0.6666000000000001
DRC2018,2020-05-04,0.6435045317220544,0.6269154516189531,0.6598396899545695,0.6434467460291204,0.627026670489744,0.6596450203306239,0.6431690816141116,0.6267588580772692,0.6590015436161442,,,,,,,,,,0.6507548597217485,0.6341498722633279,0.6666699629928252,,,,0.6506000000000001,0.6343,0.6666000000000001
DRC2018,2020-05-05,0.6435045317220544,0.6269154516189531,0.6598396899545695,0.6434467460291204,0.627026670489744,0.6596450203306239,0.6431690816141116,0.6267588580772692,0.6590015436161442,,,,,,,,,,0.6507548205192291,0.6341498722626356,0.6666577780776712,,,,0.6506000000000001,0.6343,0.6666000000000001
DRC2018,2020-05-06,0.6435045317220544,0.6269154516189531,0.6598396899545695,0.6434467460291204,0.627026670489744,0.6596450203306239,0.6431690816141116,0.6267588580772692,0.6590015436161442,,,,,,,,,,0.6507508905525362,0.6341498722620572,0.6666441582437002,,,,0.6506000000000001,0.6343,0.6666000000000001
DRC2018,2020-05-07,0.6435045317220544,0.6269154516189531,0.6598396899545695,0.6434467460291204,0.627026670489744,0.6596450203306239,0.6431690816141116,0.6267588580772692,0.6590015436161442,,,,,,,,,,0.6507426826705733,0.6341498722615738,0.6666018759506088,,,,0.6506000000000001,0.6343,0.6666000000000001
DRC2018,2020-05-08,0.6435045317220544,0.6269154516189531,0.6598396899545695,0.6434467460291204,0.627026670489744,0.6596450203306239,0.6431690816141116,0.6267588580772692,0.6590015436161442,,,,,,,,,,0.6507352514379895,0.6341498722611696,0.6665980178567947,,,,0.6506000000000001,0.6343,0.6666000000000001
DRC2018,2020-05-09,0.6435045317220544,0.6269154516189531,0.6598396899545695,0.6434467460291204,0.627026670489744,0.6596450203306239,0.6431690816141116,0.6267588580772692,0.6590015436161442,,,,,,,,,,0.6507320034240509,0.6341498722608312,0.6665538439395404,,,,0.6506000000000001,0.6343,0.6666000000000001
DRC2018,2020-05-10,0.6435045317220544,0.6269154516189531,0.6598396899545695,0.6434467460291204,0.627026670489744,0.6596450203306239,0.6431690816141116,0.6267588580772692,0.6590015436161442,,,,,,,,,,0.6507316822816354,0.6341498722605481,0.6665537343281095,,,,0.6506000000000001,0.6343,0.6666000000000001
DRC2018,2020-05-11,0.6435045317220544,0.6269154516189531,0.6598396899545695,0.6434467460291204,0.627026670489744,0.6596450203306239,0.6431690816141116,0.6267588580772692,0.6590015436161442,,,,,,,,,,0.650731654014379,0.6341498722603108,0.666553448026158,,,,0.6506000000000001,0.6343,0.6666000000000001
DRC2018,2020-05-12,0.6435045317220544,0.6269154516189531,0.6598396899545695,0.6434467460291204,0.627026670489744,0.6596450203306239,0.6431690816141116,0.6267588580772692,0.6590015436161442,,,,,,,,,,0.6507309445352082,0.6341498722601121,0.666553165569789,,,,0.6506000000000001,0.6343,0.6666000000000001
DRC2018,2020-05-13,0.6435045317220544,0.6269154516189531,0.6598396899545695,0.6434467460291204,0.627026670489744,0.6596450203306239,0.6431690816141116,0.6267588580772692,0.6590015436161442,,,,,,,,,,0.6507294758378126,0.6341498722599455,0.6665528868979173,,,,0.6506000000000001,0.6343,0.6666000000000001
DRC2018,2020-05-14,0.6435045317220544,0.6269154516189531,0.6598396899545695,0.6434467460291204,0.627026670489744,0.6596450203306239,0.6431690816141116,0.6267588580772692,0.6590015436161442,,,,,,,,,,0.650728053001628,0.6341498722598059,0.6665518046202014,,,,0.6506000000000001,0.6343,0.6666000000000001
DRC2018,2020-05-15,0.6435045317220544,0.6269154516189531,0.6598396899545695,0.6434467460291204,0.627026670489744,0.6596450203306239,0.6431690816141116,0.6267588580772692,0.6590015436161442,,,,,,,,,,0.6507273495014045,0.6341498722596887,0.6665412246518647,,,,0.6506000000000001,0.6343,0.6666000000000001
DRC2018,2020-05-16,0.6435045317220544,0.6269154516189531,0.6598396899545695,0.6434467460291204,0.627026670489744,0.6596450203306239,0.6431690816141116,0.6267588580772692,0.6590015436161442,,,,,,,,,,0.6507269742487365,0.6341498722595904,0.6665272656115856,,,,0.6506000000000001,0.6343,0.6666000000000001
DRC2018,2020-05-17,0.6435045317220544,0.6269154516189531,0.6598396899545695,0.6434467460291204,0.627026670489744,0.6596450203306239,0.6431690816141116,0.6267588580772692,0.6590015436161442,,,,,,,,,,0.6507228035698437,0.6341498722595081,0.6664998655419931,,,,0.6506000000000001,0.6343,0.6666000000000001
DRC2018,2020-05-18,0.6435045317220544,0.6269154516189531,0.6598396899545695,0.6434467460291204,0.627026670489744,0.6596450203306239,0.6431690816141116,0.6267588580772692,0.6590015436161442,,,,,,,,,,0.6507227742516809,0.6341411485645602,0.6664996020229249,,,,0.6506000000000001,0.6343,0.6666000000000001
DRC2018,2020-05-19,0.6435045317220544,0.6269154516189531,0.6598396899545695,0.6434467460291204,0.627026670489744,0.6596450203306239,0.6431690816141116,0.6267588580772692,0.6590015436161442,,,,,,,,,,0.6507196749873521,0.6341287992251897,0.6664989583090887,,,,0.6506000000000001,0.6343,0.6666000000000001
DRC2018,2020-05-20,0.6435045317220544,0.6269154516189531,0.6598396899545695,0.6434467460291204,0.627026670489744,0.6596450203306239,0.6431690816141116,0.6267588580772692,0.6590015436161442,,,,,,,,,,0.6507190159981722,0.6341166285990497,0.6664890332779779,,,,0.6506000000000001,0.6343,0.6666000000000001
DRC2018,2020-05-21,0.6435045317220544,0.6269154516189531,0.6598396899545695,0.6434467460291204,0.627026670489744,0.6596450203306239,0.6431690816141116,0.6267588580772692,0.6590015436161442,,,,,,,,,,0.6507163689318861,0.6341046337328048,0.6664788053873479,,,,0.6506000000000001,0.6343,0.6666000000000001
DRC2018,2020-05-22,0.6435045317220544,0.6269154516189531,0.6598396899545695,0.6434467460291204,0.627026670489744,0.6596450203306239,0.6431690816141116,0.6267588580772692,0.6590015436161442,,,,,,,,,,0.6507163685582649,0.6340983583749232,0.666461837232851,,,,0.6506000000000001,0.6343,0.6666000000000001
DRC2018,2020-05-23,0.6435045317220544,0.6269154516189531,0.6598396899545695,0.6434467460291204,0.627026670489744,0.6596450203306239,0.6431690816141116,0.6267588580772692,0.6590015436161442,,,,,,,,,,0.6507129241439591,0.6340964643414303,0.6664440449660884,,,,0.6506000000000001,0.6343,0.6666000000000001
DRC2018,2020-05-24,0.6435045317220544,0.6269154516189531,0.6598396899545695,0.6434467460291204,0.627026670489744,0.6596450203306239,0.6431690816141116,0.6267588580772692,0.6590015436161442,,,,,,,,,,0.6507116395868897,0.634096169861126,0.6664264514523276,,,,0.6506000000000001,0.6343,0.6666000000000001
DRC2018,2020-05-25,0.6435045317220544,0.6269154516189531,0.6598396899545695,0.6434467460291204,0.627026670489744,0.6596450203306239,0.6431690816141116,0.6267588580772692,0.6590015436161442,,,,,,,,,,0.6507084319540138,0.634095879599386,0.6664113605867032,,,,0.6506000000000001,0.6343,0.6666000000000001
DRC2018,2020-05-26,0.6435045317220544,0.6269154516189531,0.6598396899545695,0.6434467460291204,0.627026670489744,0.6596450203306239,0.6431690816141116,0.6267588580772692,0.6590015436161442,,,,,,,,,,0.6507059573862991,0.634095593487671,0.6664101616907714,,,,0.6506000000000001,0.6343,0.6666000000000001
DRC2018,2020-05-27,0.6435045317220544,0.6269154516189531,0.6598396899545695,0.6434467460291204,0.627026670489744,0.6596450203306239,0.6431690816141116,0.6267588580772692,0.6590015436161442,,,,,,,,,,0.6507034967706993,0.6340953114587775,0.6664089841803307,,,,0.6506000000000001,0.6343,0.6666000000000001
DRC2018,2020-05-28,0.6435045317220544,0.6269154516189531,0.6598396899545695,0.6434467460291204,0.627026670489744,0.6596450203306239,0.6431690816141116,0.6267588580772692,0.6590015436161442,,,,,,,,,,0.6507034953294395,0.6340950334468035,0.666405832161133,,,,0.6506000000000001,0.6343,0.6666000000000001
DRC2018,2020-05-29,0.6435045317220544,0.6269154516189531,0.6598396899545695,0.6434467460291204,0.627026670489744,0.6596450203306239,0.6431690816141116,0.6267588580772692,0.6590015436161442,,,,,,,,,,0.6507034940150952,0.634094936948194,0.6664032662048555,,,,0.6506000000000001,0.6343,0.6666000000000001
DRC2018,2020-05-30,0.6435045317220544,0.6269154516189531,0.6598396899545695,0.6434467460291204,0.627026670489744,0.6596450203306239,0.6431690816141116,0.6267588580772692,0.6590015436161442,,,,,,,,,,0.650703492816445,0.6340949369481418,0.6663953771029987,,,,0.6506000000000001,0.6343,0.6666000000000001
DRC2018,2020-05-31,0.6435045317220544,0.6269154516189531,0.6598396899545695,0.6434467460291204,0.627026670489744,0.6596450203306239,0.6431690816141116,0.6267588580772692,0.6590015436161442,,,,,,,,,,0.6507004451119784,0.6340949369481007,0.6663878965369663,,,,0.6506000000000001,0.6343,0.6666000000000001
DRC2018,2020-06-01,0.6435045317220544,0.6269154516189531,0.6598396899545695,0.6434467460291204,0.627026670489744,0.6596450203306239,0.6431690816141116,0.6267588580772692,0.6590015436161442,,,,,,,,,,0.6507004432097616,0.6340949369480682,0.6663878965023579,,,,0.6506000000000001,0.6343,0.6666000000000001
DRC2018,2020-06-02,0.6435045317220544,0.6269154516189531,0.6598396899545695,0.6434467460291204,0.627026670489744,0.6596450203306239,0.6431690816141116,0.6267588580772692,0.6590015436161442,,,,,,,,,,0.650700441479068,0.6340949369480426,0.6663878964727824,,,,0.6506000000000001,0.6343,0.6666000000000001
DRC2018,2020-06-03,0.6435045317220544,0.6269154516189531,0.6598396899545695,0.6434467460291204,0.627026670489744,0.6596450203306239,0.6431690816141116,0.6267588580772692,0.6590015436161442,,,,,,,,,,0.6506985222762607,0.6340949369480225,0.6663878964475096,,,,0.6506000000000001,0.6343,0.6666000000000001
DRC2018,2020-06-04,0.6435045317220544,0.6269154516189531,0.6598396899545695,0.6434467460291204,0.627026670489744,0.6596450203306239,0.6431690816141116,0.6267588580772692,0.6590015436161442,,,,,,,,,,0.6506985215998558,0.6340949369480066,0.666387896425915,,,,0.6506000000000001,0.6343,0.6666000000000001
DRC2018,2020-06-05,0.6435045317220544,0.6269154516189531,0.6598396899545695,0.6434467460291204,0.627026670489744,0.6596450203306239,0.6431690816141116,0.6267588580772692,0.6590015436161442,,,,,,,,,,0.6506985209860958,0.6340949369479939,0.6663878964074651,,,,0.6506000000000001,0.6343,0.6666000000000001
DRC2018,2020-06-06,0.6435045317220544,0.6269154516189531,0.6598396899545695,0.6434467460291204,0.627026670489744,0.6596450203306239,0.6431690816141116,0.6267588580772692,0.6590015436161442,,,,,,,,,,0.650698520429168,0.6340949369479841,0.6663878813282679,,,,0.6506000000000001,0.6343,0.6666000000000001
DRC2018,2020-06-07,0.6435045317220544,0.6269154516189531,0.6598396899545695,0.6434467460291204,0.627026670489744,0.6596450203306239,0.6431690816141116,0.6267588580772692,0.6590015436161442,,,,,,,,,,0.6506985199238002,0.6340949369479765,0.6663878656951133,,,,0.6506000000000001,0.6343,0.6666000000000001
DRC2018,2020-06-08,0.6435045317220544,0.6269154516189531,0.6598396899545695,0.6434467460291204,0.627026670489744,0.6596450203306239,0.6431690816141116,0.6267588580772692,0.6590015436161442,,,,,,,,,,0.6506978621230143,0.6340949369479701,0.6663878506473145,,,,0.6506000000000001,0.6343,0.6666000000000001
DRC2018,2020-06-09,0.6435045317220544,0.6269154516189531,0.6598396899545695,0.6434467460291204,0.627026670489744,0.6596450203306239,0.6431690816141116,0.6267588580772692,0.6590015436161442,,,,,,,,,,0.6506978541756019,0.6340949369479654,0.6663878361623451,,,,0.6506000000000001,0.6343,0.6666000000000001
DRC2018,2020-06-10,0.6433524268917696,0.6267797282781014,0.6596720113341226,0.6432948242226528,0.6268907539870809,0.6594777953442392,0.6430167704793763,0.6266248320916975,0.6588347970433398,,,,,,,,,,0.6519089967198048,0.6353132922919147,0.6675766956539698,,,,0.6518,0.6355000000000001,0.6678000000000001
DRC2018,2020-06-11,0.6433524268917696,0.6267797282781014,0.6596720113341226,0.6432948242226528,0.6268907539870809,0.6594777953442392,0.6430167704793763,0.6266248320916975,0.6588347970433398,,,,,,,,,,0.6515603295527863,0.6349016746907452,0.6673313105625487,,,,0.6518,0.6355000000000001,0.6678000000000001
DRC2018,2020-06-12,0.6433524268917696,0.6267797282781014,0.6596720113341226,0.6432948242226528,0.6268907539870809,0.6594777953442392,0.6430167704793763,0.6266248320916975,0.6588347970433398,,,,,,,,,,0.6514727146260058,0.6348813758083891,0.6672178688220985,,,,0.6518,0.6355000000000001,0.6678000000000001
DRC2018,2020-06-13,0.6433524268917696,0.6267797282781014,0.6596720113341226,0.6432948242226528,0.6268907539870809,0.6594777953442392,0.6430167704793763,0.6266248320916975,0.6588347970433398,,,,,,,,,,0.6513784009329194,0.634843047342736,0.667129980735976,,,,0.6516000000000001,0.6353,0.6676000000000001
DRC2018,2020-06-14,0.6433524268917696,0.6267797282781014,0.6596720113341226,0.6432948242226528,0.6268907539870809,0.6594777953442392,0.6430167704793763,0.6266248320916975,0.6588347970433398,,,,,,,,,,0.651310314302763,0.6347753656522999,0.6670739650001688,,,,0.6514,0.6351,0.6674
DRC2018,2020-06-15,0.6433524268917696,0.6267797282781014,0.6596720113341226,0.6432948242226528,0.6268907539870809,0.6594777953442392,0.6430167704793763,0.6266248320916975,0.6588347970433398,,,,,,,,,,0.651236137071974,0.6346869914134605,0.6670400133491041,,,,0.6514,0.6351,0.6674
DRC2018,2020-06-16,0.6433524268917696,0.6267797282781014,0.6596720113341226,0.6432948242226528,0.6268907539870809,0.6594777953442392,0.6430167704793763,0.6266248320916975,0.6588347970433398,,,,,,,,,,0.6511711330421974,0.634606450374803,0.6669566271493546,,,,0.6512,0.6349,0.6672
DRC2026,2026-05-14,1.0,0.9373325190855151,1.0,0.9881203138880517,0.9383789910960801,0.9995635813275813,0.949954006155538,0.8498391002512062,0.9956047196359311,,,,,,,,,,0.9883123501969371,0.9386752221860609,0.999521442237333,,,,,,
DRC2026,2026-05-15,1.0,0.9373325190855151,1.0,0.9881203138880517,0.9383789910960801,0.9995635813275813,0.949954006155538,0.8498391002512062,0.9956047196359311,,,,,,,,,,0.9883123501969371,0.9386752221860609,0.999521442237333,,,,,,
DRC2026,2026-05-18,1.0,0.9722333948899635,1.0,0.9947626479992424,0.9724408222765425,0.9998082168171077,0.9765462808967038,0.9222474851629419,0.9979980607078682,,,,,,,,,,0.9948507545650485,0.9723116343389867,0.9997879160190312,,,,,,
DRC2026,2026-05-19,0.0,0.0,0.06977703074953864,0.013241305740134806,0.000486762415492083,0.06848220870331956,0.08338155660302578,0.010479434939215831,0.23811136892297222,,,,,,,,,,0.9948507545650485,0.9723116343389867,0.9997879160190312,,,,,,
DRC2026,2026-05-20,0.0,0.0,0.06266748091448493,0.011879686111948286,0.0004364186724187789,0.06162100890391983,0.07581872427367442,0.009403310571299665,0.22068972937075154,,,,,,,,,,0.9948507545650485,0.9723116343389867,0.9997879160190312,,,,,,
DRC2026,2026-05-21,0.02531645569620253,0.003080780785419974,0.08847699279560357,0.0332853177681894,0.007801187265716697,0.08740715593059226,0.0816794229028395,0.02181860904477153,0.1967197493788977,,,,,,,,,,0.9949154050973853,0.9726784685737477,0.9997901177270819,,,,,,
DRC2026,2026-05-22,0.060240963855421686,0.01984732124174054,0.1350082396842335,0.06723333199482812,0.02666300403183683,0.13346573291396713,0.11106403847327889,0.0467429950217024,0.21633496719341747,,,,,,,,,,0.9947247292189778,0.9537861307563307,0.9997909883538151,,,,,,
DRC2026,2026-05-23,0.05263157894736842,0.017307875846439967,0.11856278880488619,0.05885847809381642,0.023279587730772523,0.11737120004655993,0.09823556428329197,0.04089199777156517,0.19445550892136343,,,,,,,,,,0.9945485354585271,0.9229704289867022,0.9997887126136228,,,,,,
DRC2026,2026-05-24,0.04950495049504951,0.016267215110638195,0.11175505863466603,0.055407579496035315,0.02189072028890789,0.11069566263552737,0.0927923892683642,0.0385409368465657,0.18512858763381537,,,,,,,,,,0.9938090259541225,0.8558331467570615,0.9997713074904576,,,,,,
DRC2026,2026-05-25,0.05,0.016431879182052155,0.11283491110546275,0.055954351005211754,0.022110572409418047,0.11175505863466603,0.09367062437038537,0.03891370734850296,0.18659596114771584,,,,,,,,,,0.993205660215317,0.818857942167106,0.999750597956396,,,,,,
DRC2026,2026-05-26,0.04504504504504504,0.014785567688502671,0.10199332558883982,0.050475264606123685,0.019910945394111087,0.10111007355718239,0.08493778555545937,0.035042226410446055,0.17150925502867811,,,,,,,,,,0.9924370865245578,0.8062001069390983,0.9997321833957695,,,,,,
DRC2026,2026-05-27,0.04201680672268908,0.013781395190122775,0.09533092973764726,0.047119636825131005,0.01856758678266915,0.09455879997593716,0.07960397591349949,0.032794386632296064,0.16136717547154728,,,,,,,,,,0.9897686741442743,0.7575822636795133,0.9997027080045313,,,,,,
DRC2026,2026-05-28,0.17695473251028807,0.13112227102823168,0.23086005217551323,0.17871915482588238,0.13419004716002736,0.22994531995792233,0.19172011154725094,0.14492686476051797,0.24798567250885423,,,,,,,,,,0.9956835399605208,0.9378775563921135,0.9998277493065776,,,,,,
DRC2026,2026-05-29,0.1728395061728395,0.1274978187695833,0.22636074182527002,0.17462643218425736,0.1305715355211828,0.22546345929153433,0.1879148820434867,0.14167964556764379,0.2443587536552455,,,,,,,,,,0.9883089497213173,0.6006896097956225,0.9997221954620603,,,,,,
DRC2026,2026-05-30,0.1728395061728395,0.1274978187695833,0.22636074182527002,0.17462643218425736,0.1305715355211828,0.22546345929153433,0.1879148820434867,0.14167964556764379,0.2443587536552455,,,,,,,,,,0.9558033357337896,0.5886060283107923,0.999628325968024,,,,,,
DRC2026,2026-06-01,0.1744186046511628,0.13581878908208364,0.21873052830984216,0.17567647172519507,0.1380302658305434,0.21811373940682927,0.18568735168066752,0.14602026222372935,0.23207830583312025,,,,,,,,,,0.9673513902519095,0.6422425142376462,0.999667427225787,,,,,,
DRC2026,2026-06-02,0.17079889807162535,0.13352979659815378,0.21353811203632178,0.1720043942677923,0.13563551762696788,0.21296675660136719,0.18157133162063432,0.14319630773550954,0.22650155611246628,,,,,,,,,,0.8396853885942177,0.5029141815779151,0.9995966046128624,,,,,,
DRC2026,2026-06-03,0.14285714285714285,0.10917504316685771,0.18225221831248575,0.14411331952481138,0.11123092577249545,0.18178250105488528,0.1536125438111378,0.11840043931808442,0.1957556459841229,,,,,,,,,,0.7535157144816256,0.4754619492337002,0.9994201443158626,,,,0.9023,0.8580000000000001,0.9372
DRC2026,2026-06-04,0.18222222222222223,0.147632816734167,0.22105150176251903,0.18316144603852322,0.14933450032432433,0.22057312366329468,0.19080355122426745,0.1560156061794885,0.2306327016810111,,,,,,,,,,0.7889850513237662,0.5232810475099874,0.9995538217012516,,,,0.9212,0.8827,0.9507000000000001
DRC2026,2026-06-05,0.1762295081967213,0.14344759851385006,0.21299175140064022,0.17711210892818396,0.1450284096464915,0.21256600033982292,0.18430449910442398,0.15114849636423475,0.22289288713650374,,,,,,,,,,0.7172387121875223,0.4628611249216211,0.9993538744888764,,,,0.8401000000000001,0.7933,0.8806
DRC2026,2026-06-06,0.1766990291262136,0.1447213751566845,0.21243959335558965,0.17753424410546656,0.14622183715888745,0.21203691108783546,0.18437817132148243,0.1521683823175309,0.22193097972497844,,,,,,,,,,0.6652864610049349,0.44042029521284526,0.9990656421633454,,,,0.77,0.7203,0.8151
DRC2026,2026-06-07,0.18363636363636363,0.1521406309352235,0.2185747145499878,0.184401744357507,0.15354156673977548,0.21818659694381454,0.19073382686419982,0.15900947299431908,0.2273427739499771,,,,,,,,,,0.6383297687222261,0.4361528296684451,0.9989483837290474,,,,0.7259,0.6764,0.772
DRC2026,2026-06-08,0.1929530201342282,0.16201944459382614,0.22696443116400877,0.1936386271251886,0.16330592778524014,0.22659234302795359,0.1993392175071883,0.16853814705457326,0.2345309769490157,,,,,,,,,,0.6229791342251496,0.43356276069773925,0.9988699436534191,,,,0.6967,0.6484,0.7423000000000001
DRC2026,2026-06-09,0.2,0.16955548898242445,0.23326333460643922,0.20062879813898968,0.17075794889311585,0.2329042649598654,0.20586579671857777,0.17549685361987657,0.2402898011659204,,,,,,,,,,0.6012158786559283,0.4247506924433659,0.9986155168152708,,,,0.6675,0.6204000000000001,0.7124
DRC2026,2026-06-10,0.20118343195266272,0.17158246357471463,0.2334194437847783,0.20177182587369652,0.17271270251858697,0.2330816792988246,0.20669308523695212,0.1772529362028377,0.24017061310467938,,,,,,,,,,0.5772540431855903,0.4145188444893898,0.998344821423869,,,,0.633,0.5872,0.6773
DRC2026,2026-06-11,0.20609579100145137,0.176478445195995,0.23825464226712065,0.2066636081226558,0.17758303956287624,0.2379164035849877,0.21143069512695095,0.18197109322045601,0.24470374845586004,,,,,,,,,,0.5496831181405885,0.39820660439953653,0.997730346583286,,,,0.5975,0.5528000000000001,0.641
DRC2026,2026-06-13,0.23145780051150894,0.20231608825241512,0.2626399155122335,0.23191499916258237,0.20326865769028554,0.26231135598974487,0.23587542771084266,0.206953191910096,0.26763744851316007,,,,,,,,,,0.5917100051512549,0.4451749824110358,0.9982102452248645,,,,0.6306,0.5882000000000001,0.6718000000000001
DRC2026,2026-06-14,0.2376237623762376,0.20865869234651693,0.26851703310075553,0.2380561081950187,0.2095754053604328,0.26819190864883624,0.24178587816780384,0.21309972635748997,0.27332887756023466,,,,,,,,,,0.5660427357112556,0.4131709898986955,0.99783224681929,,,,0.6092000000000001,0.5678000000000001,0.6495000000000001
DRC2026,2026-06-15,0.22528735632183908,0.19792087822932308,0.25452815711054144,0.22570781644116808,0.19878409400515196,0.25424149477238567,0.22933655292739358,0.2022797878859283,0.2592020424512623,,,,,,,,,,0.541406582189925,0.4029105608907173,0.9972675614158562,,,,0.5753,0.535,0.615
DRC2026,2026-06-16,0.25096030729833546,0.22090059794002448,0.2829132877828604,0.2513848397976794,0.22183541402874263,0.28255929880168956,0.25505567889880865,0.2252648774554415,0.2877288084099527,,,,,,,,,,0.5067567286239968,0.3778069428256669,0.9952419442139283,,,,0.5385,0.4993,0.5773
DRC2026,2026-06-17,0.25975473801560756,0.23132925758998307,0.28976755680727595,0.2601113841559819,0.23213711100929357,0.2894514789872812,0.2632174867876273,0.23531819477611796,0.29395941511925155,,,,,,,,,,0.5377201608245916,0.4147307057907452,0.9953232567574365,,,,0.5617,0.5239,0.5991000000000001
DRC2026,2026-06-18,0.26746724890829693,0.2390424745329073,0.29739585943883906,0.26780529360978084,0.2398270346135421,0.297078233825882,0.27081728063897137,0.24285246187253715,0.3013576964183877,,,,,,,,,,0.5163978431036985,0.386324880664248,0.9954608077283892,,,,0.5461,0.5093,0.5826
DRC2026,2026-06-19,0.2583682008368201,0.23087658710703585,0.28735684313960863,0.2587047948213964,0.23163636518991434,0.28706249662083405,0.2616522064813176,0.23467002933641293,0.2913674845139216,,,,,,,,,,0.492901385776473,0.37844689491272526,0.9763243960804026,,,,0.5174,0.48160000000000003,0.553
DRC2026,2026-06-20,0.25324027916251246,0.22658587509853184,0.28135134594430516,0.2535679283799471,0.22731459275236351,0.28107643631499635,0.256451316357439,0.2302057962521097,0.28525279672557174,,,,,,,,,,0.47702250466894747,0.3709127628678545,0.9149564541250249,,,,0.4975,0.46280000000000004,0.5322
DRC2026,2026-06-21,0.2547709923664122,0.22863212331437827,0.28229464539328264,0.2550826427675193,0.2293287635675451,0.282030549418277,0.25781922348771114,0.23212265768571264,0.2859920621405754,,,,,,,,,,0.46947952305051016,0.3678025531198895,0.874725459463292,,,,0.4868,0.4531,0.5207
DRC2026,2026-06-22,0.253199268738574,0.2276667431341321,0.280066341562379,0.2534997426354397,0.2283356052472011,0.27981521267822945,0.2561616319865239,0.2310491253657249,0.2835652793140114,,,,,,,,,,0.4588898688855626,0.36261365535424855,0.8353725239443812,,,,0.47390000000000004,0.441,0.5068
DRC2026,2026-06-23,0.2609865470852018,0.2354187951659084,0.2878218782613554,0.26127206449855916,0.2360695190112025,0.28756869573697247,0.2638053456879824,0.23866708303083098,0.2912396513024608,,,,,,,,,,0.4530516461548721,0.3607247331913125,0.8067114789429821,,,,0.46590000000000004,0.434,0.49810000000000004
DRC2026,2026-06-24,0.2623376623376623,0.2371666610926148,0.2887249674240488,0.2626117433923754,0.23779413079288245,0.2884797099866425,0.2650594459832912,0.24025626671992475,0.2920135687029628,,,,,,,,,,0.447881955331507,0.36228324284584185,0.7776304261626287,,,,0.4567,0.42560000000000003,0.48810000000000003
DRC2026,2026-06-25,0.2891891891891892,0.26265482656296507,0.3168458675366386,0.28944214769734067,0.26328735713051843,0.3165662767392668,0.29181532000970994,0.26573407560750695,0.31983313269366215,,,,,,,,,,0.44813308505453353,0.3652985000125166,0.7611186200799878,,,,0.4551,0.42460000000000003,0.4858
DRC2026,2026-06-29,0.29932483120780196,0.27482997571752643,0.32470766026347786,0.2995253794109041,0.2753508848070984,0.32446869793621735,0.3012851251403064,0.2769270560612407,0.32536655480913673,,,,,,,,,,0.5083083848369931,0.4237229459363803,0.8358399961350776,,,,0.5104000000000001,0.4803,0.5405
DRC2026,2026-06-30,0.31152204836415365,0.2873740107738213,0.3364602578959318,0.3117006352081711,0.2878604876604599,0.3362254930268521,0.3133284457627634,0.28929767513172044,0.3367744542557758,,,,,,,,,,0.5100843158935949,0.4006409662463998,0.8441529211902676,,,,0.5259,0.4964,0.5553
DRC2026,2026-07-01,0.3095890410958904,0.28593464912789146,0.33401196729900595,0.3097627919439121,0.2864043733866362,0.3337874261813999,0.3113359492940169,0.28777620767497786,0.3343338221005232,,,,,,,,,,0.4962787791913338,0.38993585186764435,0.818160087024703,,,,0.5161,0.4873,0.5449
DRC2026,2026-07-02,0.31491344873502,0.2914715570220421,0.33908126453316345,0.31507762191811595,0.2919250959849313,0.33885967425478575,0.3165912521180311,0.2932698368878787,0.3392939233903643,,,,,,,,,,0.49067735922832895,0.389038248044371,0.8015124015457221,,,,0.5104000000000001,0.4822,0.5386000000000001
DRC2026,2026-07-03,0.3219895287958115,0.29859561509711957,0.3460695656058585,0.3221447406312477,0.29903738382402595,0.3458472816800222,0.3236198697408888,0.30044531440049177,0.3461684111179471,,,,,,,,,,0.4850358903651006,0.3898470491569321,0.7839258587790164,,,,0.5028,0.4752,0.5303
DRC2026,2026-07-04,0.3241511851377322,0.30096067795255915,0.3480050213076693,0.32430127320113517,0.30139191325794795,0.3477861915994976,0.3257545609906436,0.3027708467267373,0.34809789783260675,,,,,,,,,,0.47765640825104116,0.3905002638549743,0.761572806823524,,,,0.4909,0.464,0.5178
DRC2026,2026-07-05,0.3208128078817734,0.2981432123142545,0.3441319328970284,0.3209598167422743,0.29855959618744443,0.3439238246563048,0.3223635164728484,0.2998642433019045,0.3442141402883563,,,,,,,,,,0.4715337202252722,0.3899791440221496,0.7395118370711184,,,,0.4811,0.45480000000000004,0.5075000000000001
DRC2026,2026-07-06,0.3395784543325527,0.3171187074145599,0.3625907592880929,0.33970359889055035,0.31750485615172364,0.3623823210806773,0.3409320491738045,0.31865726718328535,0.3625765619044994,,,,,,,,,,0.49513510235571195,0.41192592104883596,0.7684588958021122,,,,0.5035000000000001,0.4776,0.5293
DRC2026,2026-07-07,0.34110289937464466,0.3189443503578466,0.36379276062333915,0.34122326318951635,0.3193185426287396,0.3635896485029365,0.3424203970588094,0.32044873477297814,0.36376138414046466,,,,,,,,,,0.48878387557087327,0.40573765532480477,0.7525204491217099,,,,0.49760000000000004,0.4723,0.523
DRC2026,2026-07-08,0.3487982112912241,0.326697292348796,0.3713961280746261,0.3489108264814951,0.32706133528511966,0.37119227417780226,0.3500620488741737,0.32807334507115143,0.37131067669818607,,,,,,,,,,0.48707504602904084,0.40723650439813286,0.7426576697535928,,,,0.49510000000000004,0.4703,0.52
DRC2026,2026-07-09,0.3540983606557377,0.3321624187198532,0.3765030307883913,0.35420459518918995,0.33251568726804515,0.376300999799102,0.35528686241122487,0.3334986288868681,0.37637839143377594,,,,,,,,,,0.48734361964612305,0.41189997152696994,0.7322572676402285,,,,0.49250000000000005,0.4681,0.5169
DRC2026,2026-07-10,0.35942492012779553,0.3376909284311366,0.38159887973712714,0.35952466174254616,0.3380325916481807,0.3813993377823729,0.3605539557933126,0.33898523551143694,0.38150768907830934,,,,,,,,,,0.48923001145064793,0.41665452182514845,0.7268472865955365,,,,0.4924,0.46840000000000004,0.5165000000000001
DRC2026,2026-07-11,0.3644859813084112,0.342952145165103,0.3864332817369241,0.3645797371346682,0.34328289519835525,0.38623623699210646,0.36554079957764063,0.34414935175266104,0.38625980184560554,,,,,,,,,,0.4907430995731109,0.4201135605359006,0.7206642493960868,,,,0.4924,0.46880000000000005,0.516
DRC2026,2026-07-13,0.37493784186971657,0.3537260705181417,0.39651491746091705,0.37502071146058163,0.35403806727713044,0.39632127222044816,0.37587640964934776,0.35483424695254456,0.3963224580511569,,,,,,,,,,0.5063580976327016,0.43602664400140856,0.7352505667932502,,,,0.5071,0.4838,0.5303
DRC2026,2026-07-15,0.3898305084745763,0.36901797908376804,0.4109475744193319,0.3898996281181896,0.3693068810889146,0.41075756168681526,0.3905939410123531,0.3700829046727765,0.4107648329584376,,,,,,,,,,0.531028464086712,0.4558997050358247,0.7648707969415071,,,,0.5333,0.5104000000000001,0.5562
DRC2026,2026-07-17,0.3940864960282436,0.3738941529715463,0.41455314045458297,0.394148783584015,0.3741631706463329,0.4143733898581102,0.394765524453108,0.37490231594745155,0.41438427154126767,,,,,,,,,,0.5468826518373646,0.4654872158943638,0.7828714367918831,,,,0.5527000000000001,0.5302,0.5751000000000001
DRC2026,2026-07-18,0.3967576791808874,0.3768786866145829,0.416895097360464,0.39681637640604817,0.3771376709967695,0.41672030820314443,0.39739219047644725,0.3778594177688364,0.4167074402437277,,,,,,,,,,0.5447776183281094,0.45636299567607846,0.7799576590865557,,,,0.5553,0.5331,0.5773
DRC2026,2026-07-19,0.3990920346677672,0.37951860735348564,0.41890975487617843,0.39914753513324025,0.3797682286082881,0.4187398097736792,0.39968373388388234,0.3804607053923674,0.418710684765194,,,,,,,,,,0.5441902013957085,0.45697726002479866,0.7762494808164896,,,,0.556,0.5342,0.5777
DRC2026,2026-07-20,0.40396279822078446,0.38454458371524125,0.42360877787722195,0.4040145522556717,0.38478730325861066,0.4234403979985442,0.40449421406176633,0.38543296517871306,0.42342608184388947,,,,,,,,,,0.5409586024272064,0.4554425086608843,0.7683167707495743,,,,0.5532,0.5317000000000001,0.5745
DRC2026,2026-07-22,0.4368330464716007,0.4186957823257378,0.4550977021420861,0.4368620268096742,0.4188916231274165,0.45494365545491955,0.43716378712237514,0.41920765556324235,0.4548006050999483,,,,,,,,,,0.6485958262057276,0.5510561624948884,0.9112648602698813,,,,0.6615,0.6413,0.6813
DRC2026,2026-07-23,0.44044414535666215,0.42249392300637806,0.45851175242227177,0.4404708532303484,0.422684175374883,0.45836003659230995,0.44076007932794703,0.42298212769953675,0.4582036674751261,,,,,,,,,,0.6272179694033484,0.49839740517781006,0.9042562463469569,,,,0.6562,0.6363,0.6758000000000001
DRC2026,2026-07-25,0.4390625,0.42177393653741535,0.45646256851706585,0.4390878811207818,0.42195098492296546,0.4563221969091119,0.439350780888787,0.4222227808952497,0.4561598857084194,,,,,,,,,,0.6399524115734887,0.5168592083103708,0.9293725800568888,,,,0.672,0.6527000000000001,0.6910000000000001
DRC2026,2026-07-26,0.44052728387492335,0.4233972206677528,0.4577640918735841,0.4405515842533106,0.4235704615715725,0.4576259798246371,0.4408020013001136,0.4238477911961315,0.4574652821752836,,,,,,,,,,0.6206149826485725,0.49384549227592833,0.9143965013543958,,,,0.6565000000000001,0.6374000000000001,0.6753
DRC2026,2026-07-27,0.4425595238095238,0.42567252087297225,0.45954660051863855,0.4425823095218949,0.4258401100972064,0.45941197013446544,0.44281474098016127,0.4261244040414787,0.45925344680029007,,,,,,,,,,0.6138448607860194,0.49761552565540146,0.9118392221422638,,,,0.6467,0.6279,0.6651
DRC2026,2026-07-30,0.4402219140083218,0.4239326086900567,0.4566082526036342,0.44024401598588186,0.42408937868581337,0.45648349455854886,0.4404596081701516,0.42434386797830337,0.45632322033645767,,,,,,,,,,0.6252841840943568,0.511960011038229,0.9359465459397587,,,,0.6554,0.6372,0.6733
DRC2026,2026-07-31,0.4412084921066957,0.4250690155774472,0.4574415988342926,0.4412298212075695,0.4252225723162723,0.45731894572269466,0.4414386121963373,0.42547954509739877,0.45716067486558276,,,,,,,,,,0.6072987031011888,0.4910412346855667,0.9179495513001239,,,,0.6383,0.6203000000000001,0.656
DRC2026,2026-08-01,0.442102454642476,0.42611980861943693,0.45817547725303637,0.44212304483752246,0.4262700926486999,0.4580550373580332,0.4423168240643405,0.4265287547990433,0.45789865428792603,,,,,,,,,,0.5955324558646385,0.48972753544326836,0.9054886043793051,,,,0.6222,0.6045,0.6397
DRC2026,2026-08-02,0.44897422409258286,0.43307682553552157,0.46495013434426524,0.4489921128150554,0.43322323602293933,0.46482966041071205,0.4491478147608582,0.4334953244689233,0.46468269195230155,,,,,,,,,,0.5904125640921558,0.4909791579624806,0.8960264322253446,,,,0.6118,0.5944,0.629
DRC2026,2026-08-03,0.4514713474445018,0.43571337885522143,0.4673025904411631,0.451488044618348,0.4358564380743605,0.4671837487158264,0.45162677461341116,0.4360919004294351,0.4670510280950788,,,,,,,,,,0.5848566202868503,0.49311724222328374,0.8815161559728389,,,,0.6003000000000001,0.5831000000000001,0.6172000000000001
DRC2026,2026-08-04,0.45330984142965014,0.43774363975310365,0.4689447759851759,0.4533255058552836,0.437882673818203,0.46882847193577165,0.45346034156681103,0.4380883847993293,0.46869027438630756,,,,,,,,,,0.5828452536693178,0.49622235547750565,0.8729566139679128,,,,0.5934,0.5765,0.6101
DRC2026,2026-08-11,0.450624042040727,0.4361197550010258,0.4651915201327734,0.45063845354347193,0.43624119407988576,0.46509104201766177,0.4507520974429352,0.43643928301055207,0.4649497623986463,,,,,,,,,,0.6402280033456482,0.550143218504401,0.9534879857035214,,,,0.6486000000000001,0.6324000000000001,0.6645
DRC2026,2026-08-15,0.44388270980788674,0.4299703283252382,0.45786139692803896,0.44389783719373616,0.4300837589441116,0.45776999545846814,0.4440142326422718,0.430306068577897,0.45762468091884567,,,,,,,,,,0.6430206584444618,0.5230849553702104,0.9713406490125108,,,,0.6651,0.6494,0.6805
DRC2026,2026-08-17,0.4428515318146112,0.4291461280925557,0.4566225018470127,0.4428664925427379,0.42925646646106774,0.4565339596633147,0.4429733537947268,0.42946837718194225,0.4563862458712824,,,,,,,,,,0.6263790694326401,0.49835007087594263,0.9549015849911666,,,,0.6562,0.6407,0.6714
DRC2026,2026-08-19,0.4402646502835539,0.4268288978127975,0.45376636118280933,0.4402797030425217,0.4269355618977803,0.4536816396977061,0.440388390022069,0.4271273435802242,0.45353056653665413,,,,,,,,,,0.6168010500923652,0.49695469913617574,0.944164598373947,,,,0.6482,0.633,0.6632
DRC2026,2026-08-20,0.4373953488372093,0.4240776996189999,0.4507810272939121,0.43741087521215355,0.4241831849187689,0.45069817994568007,0.4375262680872903,0.4243568721417723,0.4505494571974036,,,,,,,,,,0.5955248310536343,0.4817444863999917,0.9107277040098857,,,,0.6253000000000001,0.6102000000000001,0.6401
DRC2026,2026-08-22,0.4368879216539717,0.4237418283101776,0.4501008595798768,0.4369031793901452,0.4238447338715409,0.4500202086234862,0.4370130537455262,0.4240124016687914,0.4498719385291257,,,,,,,,,,0.5863075312816108,0.4822977898624043,0.8945926119830959,,,,0.6116,0.5968,0.6262
DRC2026,2026-08-24,0.4328147100424328,0.4198513746690344,0.44584741078795714,0.43283054480531596,0.41995238166555254,0.44576950794227366,0.43295197199383223,0.4200950604234748,0.44561722144069527,,,,,,,,,,0.573565404303604,0.4761752104831753,0.8695248220017602,,,,0.5943,0.5797,0.6087
DRC2026,2026-08-25,0.43129704183441275,0.41840494702976366,0.44425935851908277,0.43131307277141934,0.41850519883596055,0.44418250022973493,0.4314342090931702,0.41863871337965347,0.44402871971891955,,,,,,,,,,0.5571866196277085,0.46646782454796243,0.8387936195551636,,,,0.5734,0.5591,0.5877
DRC2026,2026-08-26,0.4316534345875043,0.41885064858186377,0.44452509747647667,0.43166915946133805,0.4189494351402074,0.4444492625171764,0.43178597970185517,0.4190833128482664,0.4442965844414689,,,,,,,,,,0.5482659325927308,0.4663147273715128,0.8161111310066366,,,,0.5593,0.5452,0.5734
DRC2026,2026-08-28,0.42977291841883936,0.4171419627797069,0.4424728414420937,0.429788665643256,0.41723853713175857,0.4423992594093866,0.4299100377774687,0.4173600025276116,0.44224506103121525,,,,,,,,,,0.5440465945617985,0.4676286480219184,0.8001794170671406,,,,0.5504,0.5365,0.5643
Guinea2021,2021-02-14,0.3333333333333333,0.008403758659612636,0.9057006759497539,0.3857275681323895,0.06758598648854294,0.8058795503167565,0.5396547382798784,0.22389352633894521,0.7889533490034681,1.0,0.025,1.0,0.7071067811865475,0.15811388300841897,0.9874208829065749,0.8067161438926085,0.29163334183472533,0.9986096145518378,0.714579608238222,0.16150193704106638,0.9851848872512085,,,,,,
Guinea2021,2021-02-15,0.3333333333333333,0.008403758659612636,0.9057006759497539,0.3857275681323895,0.06758598648854294,0.8058795503167565,0.5396547382798784,0.22389352633894521,0.7889533490034681,1.0,0.025,1.0,0.7071067811865475,0.15811388300841897,0.9874208829065749,0.8067161438926085,0.29163334183472533,0.9986096145518378,0.6608799266124159,0.13573317186115263,0.9803076548015165,,,,,,
Guinea2021,2021-02-16,0.3333333333333333,0.008403758659612636,0.9057006759497539,0.3857275681323895,0.06758598648854294,0.8058795503167565,0.5396547382798784,0.22389352633894521,0.7889533490034681,1.0,0.025,1.0,0.7071067811865475,0.15811388300841897,0.9874208829065749,0.8067161438926085,0.29163334183472533,0.9986096145518378,0.6428813529855122,0.12996246775818968,0.9794463245471229,,,,,,
Guinea2021,2021-02-17,0.3333333333333333,0.008403758659612636,0.9057006759497539,0.3857275681323895,0.06758598648854294,0.8058795503167565,0.5396547382798784,0.22389352633894521,0.7889533490034681,1.0,0.025,1.0,0.7071067811865475,0.15811388300841897,0.9874208829065749,0.8067161438926085,0.29163334183472533,0.9986096145518378,0.6234343182234918,0.11935085658037364,0.9791494548681511,,,,,,
Guinea2021,2021-02-18,0.3333333333333333,0.008403758659612636,0.9057006759497539,0.3857275681323895,0.06758598648854294,0.8058795503167565,0.5396547382798784,0.22389352633894521,0.7889533490034681,1.0,0.025,1.0,0.7071067811865475,0.15811388300841897,0.9874208829065749,0.8067161438926085,0.29163334183472533,0.9986096145518378,0.5990313243525046,0.11560217038206388,0.973072123833396,,,,,,
Guinea2021,2021-02-19,0.3333333333333333,0.008403758659612636,0.9057006759497539,0.3857275681323895,0.06758598648854294,0.8058795503167565,0.5396547382798784,0.22389352633894521,0.7889533490034681,1.0,0.025,1.0,0.7071067811865475,0.15811388300841897,0.9874208829065749,0.8067161438926085,0.29163334183472533,0.9986096145518378,0.5805368267851709,0.10626855229271706,0.9686538977430925,,,,,,
Guinea2021,2021-02-20,0.25,0.006309463209709866,0.8058795503167565,0.3138101704556974,0.052744950526316906,0.7164179361180895,0.49639974937001524,0.1983498626227363,0.7416698503834853,1.0,0.025,1.0,0.7071067811865475,0.15811388300841897,0.9874208829065749,0.8067161438926085,0.29163334183472533,0.9986096145518378,0.5547523049713484,0.1022718881176972,0.962333429645967,,,,0.9999,0.1466,0.9999
Guinea2021,2021-02-21,0.25,0.006309463209709866,0.8058795503167565,0.3138101704556974,0.052744950526316906,0.7164179361180895,0.49639974937001524,0.1983498626227363,0.7416698503834853,1.0,0.025,1.0,0.7071067811865475,0.15811388300841897,0.9874208829065749,0.8067161438926085,0.29163334183472533,0.9986096145518378,0.5005375103698535,0.09026707400597354,0.952510963961576,,,,0.5,0.038200000000000005,0.9618000000000001
Guinea2021,2021-02-22,0.5,0.06758598648854294,0.932414013511457,0.5,0.14663279963467313,0.8533672003653268,0.5694894462404131,0.2771212805511617,0.8143868579246023,1.0,0.15811388300841897,1.0,0.7937005259840997,0.2924017738212866,0.9915962413403874,0.8412994948583239,0.3895477363590513,0.9988929775839188,0.715833678637868,0.22663735610138605,0.9832819113342631,,,,,,
Guinea2021,2021-02-23,0.5,0.06758598648854294,0.932414013511457,0.5,0.14663279963467313,0.8533672003653268,0.5694894462404131,0.2771212805511617,0.8143868579246023,,,,,,,,,,0.6955539546598042,0.21164086338499014,0.9821191538914522,,,,0.9999,0.3829,0.9999
Guinea2021,2021-02-24,0.2,0.0050507633794680575,0.7164179361180895,0.26444998329566005,0.043271868292741676,0.6412345789976748,0.46165548986633287,0.1645036942180281,0.7059240448224,0.3333333333333333,0.008403758659612636,0.9057006759497539,0.3857275681323895,0.06758598648854294,0.8058795503167565,0.5254435121175355,0.12331758345357449,0.8650524347231147,0.6823503390361573,0.21128097630319265,0.9768037164743484,,,,0.9999,0.3829,0.9999
Guinea2021,2021-02-25,0.18181818181818182,0.02283119829995966,0.5177558523601726,0.21668641078654555,0.05486064452799272,0.48413774868596704,0.37007745001117487,0.14149844480365117,0.5966613055846894,0.5,0.06758598648854294,0.932414013511457,0.5,0.14663279963467313,0.8533672003653268,0.5974651635248459,0.21619652552972907,0.8843378657596316,0.7951100991462807,0.33431080035702143,0.9891411820535678,,,,,,
Guinea2021,2021-02-26,0.18181818181818182,0.02283119829995966,0.5177558523601726,0.21668641078654555,0.05486064452799272,0.48413774868596704,0.37007745001117487,0.14149844480365117,0.5966613055846894,0.5,0.06758598648854294,0.932414013511457,0.5,0.14663279963467313,0.8533672003653268,0.5974651635248459,0.21619652552972907,0.8843378657596316,0.6353733795702066,0.19795212211113358,0.9826755350547598,,,,0.9999,0.5273,0.9999
Guinea2021,2021-02-27,0.15384615384615385,0.019206671982528477,0.45447105567655766,0.1864741025854043,0.04657928788986729,0.428129160909699,0.3356497459032919,0.12305111952850682,0.5595458027100891,0.5,0.06758598648854294,0.932414013511457,0.5,0.14663279963467313,0.8533672003653268,0.5974651635248459,0.21619652552972907,0.8843378657596316,0.573662998375913,0.17887847560557082,0.9729202119690538,,,,0.75,0.2777,0.9837
Guinea2021,2021-02-28,0.15384615384615385,0.019206671982528477,0.45447105567655766,0.1864741025854043,0.04657928788986729,0.428129160909699,0.3356497459032919,0.12305111952850682,0.5595458027100891,0.5,0.06758598648854294,0.932414013511457,0.5,0.14663279963467313,0.8533672003653268,0.5974651635248459,0.21619652552972907,0.8843378657596316,0.5032410507283557,0.1504740152634531,0.9631745964024543,,,,0.75,0.2777,0.9837
Guinea2021,2021-03-01,0.23076923076923078,0.05038107349115153,0.5381315392340409,0.25608417578083714,0.08388931830712752,0.5079756770484718,0.38170118482574433,0.16560539645672906,0.597541070927203,0.6,0.14663279963467313,0.9472550494736831,0.5785928093092869,0.22277809550351213,0.8818827512429748,0.6465641410035582,0.29710907048798085,0.9038941922327427,0.5813854292271681,0.20456134582782,0.9772855845128243,,,,0.8,0.3719,0.9873000000000001
Guinea2021,2021-03-02,0.23076923076923078,0.05038107349115153,0.5381315392340409,0.25608417578083714,0.08388931830712752,0.5079756770484718,0.38170118482574433,0.16560539645672906,0.597541070927203,0.6,0.14663279963467313,0.9472550494736831,0.5785928093092869,0.22277809550351213,0.8818827512429748,0.6465641410035582,0.29710907048798085,0.9038941922327427,0.5377998988923136,0.20619494361309545,0.9676856607889709,,,,0.6667000000000001,0.28090000000000004,0.9351
Guinea2021,2021-03-03,0.23076923076923078,0.05038107349115153,0.5381315392340409,0.25608417578083714,0.08388931830712752,0.5079756770484718,0.38170118482574433,0.16560539645672906,0.597541070927203,0.6,0.14663279963467313,0.9472550494736831,0.5785928093092869,0.22277809550351213,0.8818827512429748,0.6465641410035582,0.29710907048798085,0.9038941922327427,0.505845371344784,0.19689668967235466,0.9497673640949638,,,,0.5714,0.2273,0.8712000000000001
Guinea2021,2021-03-04,0.2857142857142857,0.08388931830712752,0.5810352571836608,0.30451980963387953,0.11824110336688094,0.5510032410369705,0.40867571305733486,0.19986524119017832,0.6122778973374136,0.6666666666666666,0.22277809550351213,0.9567281317072583,0.6358839135519174,0.2904208637373427,0.9010117215574921,0.6894082059590587,0.3602690886682245,0.9152071555729899,0.5791511242555234,0.25024466588241273,0.9630761668884389,,,,0.625,0.2904,0.8903000000000001
Guinea2021,2021-03-05,0.2857142857142857,0.08388931830712752,0.5810352571836608,0.30451980963387953,0.11824110336688094,0.5510032410369705,0.40867571305733486,0.19986524119017832,0.6122778973374136,0.5714285714285714,0.184051567640083,0.9010117215574921,0.5598447953652341,0.2448632163665516,0.842987229512942,0.6196318939752432,0.3055503418622266,0.8691603279010329,0.547867939731085,0.23600814877205692,0.9509211903778989,,,,0.5556,0.2487,0.8346
Guinea2021,2021-03-06,0.2857142857142857,0.08388931830712752,0.5810352571836608,0.30451980963387953,0.11824110336688094,0.5510032410369705,0.40867571305733486,0.19986524119017832,0.6122778973374136,0.5714285714285714,0.184051567640083,0.9010117215574921,0.5598447953652341,0.2448632163665516,0.842987229512942,0.6196318939752432,0.3055503418622266,0.8691603279010329,0.5198967131032173,0.22875531899524665,0.9333505600514946,,,,0.5,0.2177,0.7823
Guinea2021,2021-03-07,0.2857142857142857,0.08388931830712752,0.5810352571836608,0.30451980963387953,0.11824110336688094,0.5510032410369705,0.40867571305733486,0.19986524119017832,0.6122778973374136,0.5,0.15701277048705795,0.842987229512942,0.5,0.212008506778868,0.787991493221132,0.5596369252468971,0.2652786641194342,0.8178461369779347,0.4999686591099688,0.21851570276471965,0.9134863055335922,,,,0.5,0.2177,0.7823
Guinea2021,2021-03-08,0.2857142857142857,0.08388931830712752,0.5810352571836608,0.30451980963387953,0.11824110336688094,0.5510032410369705,0.40867571305733486,0.19986524119017832,0.6122778973374136,0.5,0.15701277048705795,0.842987229512942,0.5,0.212008506778868,0.787991493221132,0.5596369252468971,0.2652786641194342,0.8178461369779347,0.4827044870086217,0.21040721628987047,0.8918304524999142,,,,0.4545,0.1937,0.7344
Guinea2021,2021-03-09,0.2857142857142857,0.08388931830712752,0.5810352571836608,0.30451980963387953,0.11824110336688094,0.5510032410369705,0.40867571305733486,0.19986524119017832,0.6122778973374136,0.5,0.15701277048705795,0.842987229512942,0.5,0.212008506778868,0.787991493221132,0.5596369252468971,0.2652786641194342,0.8178461369779347,0.46761828750658346,0.2045459125708045,0.8519265016122126,,,,0.4545,0.1937,0.7344
Guinea2021,2021-03-10,0.2857142857142857,0.08388931830712752,0.5810352571836608,0.30451980963387953,0.11824110336688094,0.5510032410369705,0.40867571305733486,0.19986524119017832,0.6122778973374136,0.5,0.15701277048705795,0.842987229512942,0.5,0.212008506778868,0.787991493221132,0.5596369252468971,0.2652786641194342,0.8178461369779347,0.45452042206909415,0.1993376218718619,0.8262171228821893,,,,0.4167,0.1746,0.6910000000000001
Guinea2021,2021-03-11,0.2857142857142857,0.08388931830712752,0.5810352571836608,0.30451980963387953,0.11824110336688094,0.5510032410369705,0.40867571305733486,0.19986524119017832,0.6122778973374136,0.5,0.15701277048705795,0.842987229512942,0.5,0.212008506778868,0.787991493221132,0.5596369252468971,0.2652786641194342,0.8178461369779347,0.4442987083126865,0.1962289276937032,0.8067813367062143,,,,0.4167,0.1746,0.6910000000000001
Guinea2021,2021-03-12,0.2857142857142857,0.08388931830712752,0.5810352571836608,0.30451980963387953,0.11824110336688094,0.5510032410369705,0.40867571305733486,0.19986524119017832,0.6122778973374136,0.4,0.12155225811982719,0.7376219233930549,0.4118904090581568,0.16748809406370713,0.6920952849883228,0.47382981722587986,0.21363580803665685,0.7395973269490176,0.4367441961841891,0.18994703240830038,0.7838156102036392,,,,0.3846,0.159,0.6519
Guinea2021,2021-03-13,0.2857142857142857,0.08388931830712752,0.5810352571836608,0.30451980963387953,0.11824110336688094,0.5510032410369705,0.40867571305733486,0.19986524119017832,0.6122778973374136,,,,,,,,,,0.4325636821839799,0.18911444405206596,0.7587199934189514,,,,0.3846,0.159,0.6519
Guinea2021,2021-03-14,0.2857142857142857,0.08388931830712752,0.5810352571836608,0.30451980963387953,0.11824110336688094,0.5510032410369705,0.40867571305733486,0.19986524119017832,0.6122778973374136,0.4,0.12155225811982719,0.7376219233930549,0.4118904090581568,0.16748809406370713,0.6920952849883228,0.47382981722587986,0.21363580803665685,0.7395973269490176,0.42588113959573465,0.18663734745328245,0.7396027567346498,,,,0.3846,0.159,0.6519
Guinea2021,2021-03-15,0.2857142857142857,0.08388931830712752,0.5810352571836608,0.30451980963387953,0.11824110336688094,0.5510032410369705,0.40867571305733486,0.19986524119017832,0.6122778973374136,0.4,0.12155225811982719,0.7376219233930549,0.4118904090581568,0.16748809406370713,0.6920952849883228,0.47382981722587986,0.21363580803665685,0.7395973269490176,0.4183292342443278,0.18478858644581697,0.7225310048723165,,,,0.3846,0.159,0.6519
Guinea2021,2021-03-16,0.2857142857142857,0.08388931830712752,0.5810352571836608,0.30451980963387953,0.11824110336688094,0.5510032410369705,0.40867571305733486,0.19986524119017832,0.6122778973374136,0.36363636363636365,0.10926344381909811,0.6920952849883228,0.37852862424520206,0.15165222980843013,0.6511244935811844,0.4433132931136904,0.18857562796483174,0.704863683738667,0.41480233616136264,0.18359282783400113,0.7087401479594088,,,,0.3846,0.159,0.6519
Guinea2021,2021-03-17,0.2857142857142857,0.08388931830712752,0.5810352571836608,0.30451980963387953,0.11824110336688094,0.5510032410369705,0.40867571305733486,0.19986524119017832,0.6122778973374136,0.3333333333333333,0.09924609114958328,0.6511244935811844,0.350163393761495,0.13857933889016064,0.6142616617507044,0.4146345074738714,0.1732427418111816,0.6699513104300459,0.41061816777416627,0.18076228080689474,0.6966859421317831,,,,0.35710000000000003,0.1459,0.6165
Guinea2021,2021-03-18,0.2857142857142857,0.08388931830712752,0.5810352571836608,0.30451980963387953,0.11824110336688094,0.5510032410369705,0.40867571305733486,0.19986524119017832,0.6122778973374136,0.3333333333333333,0.09924609114958328,0.6511244935811844,0.350163393761495,0.13857933889016064,0.6142616617507044,0.4146345074738714,0.1732427418111816,0.6699513104300459,0.40715168904459836,0.1786729913635557,0.6871233783490855,,,,0.35710000000000003,0.1459,0.6165
Guinea2021,2021-03-19,0.2857142857142857,0.08388931830712752,0.5810352571836608,0.30451980963387953,0.11824110336688094,0.5510032410369705,0.40867571305733486,0.19986524119017832,0.6122778973374136,0.3333333333333333,0.09924609114958328,0.6511244935811844,0.350163393761495,0.13857933889016064,0.6142616617507044,0.4146345074738714,0.1732427418111816,0.6699513104300459,0.4036312153263096,0.17547458304746757,0.6808065552930698,,,,0.35710000000000003,0.1459,0.6165
Guinea2021,2021-03-20,0.2857142857142857,0.08388931830712752,0.5810352571836608,0.30451980963387953,0.11824110336688094,0.5510032410369705,0.40867571305733486,0.19986524119017832,0.6122778973374136,0.3333333333333333,0.09924609114958328,0.6511244935811844,0.350163393761495,0.13857933889016064,0.6142616617507044,0.4146345074738714,0.1732427418111816,0.6699513104300459,0.39933172603990685,0.17436777966506364,0.6749273397943636,,,,0.35710000000000003,0.1459,0.6165
Guinea2021,2021-03-21,0.2857142857142857,0.08388931830712752,0.5810352571836608,0.30451980963387953,0.11824110336688094,0.5510032410369705,0.40867571305733486,0.19986524119017832,0.6122778973374136,,,,,,,,,,0.3967757487765057,0.17297719701272463,0.6693613864878445,,,,0.35710000000000003,0.1459,0.6165
Guinea2021,2021-03-22,0.2857142857142857,0.08388931830712752,0.5810352571836608,0.30451980963387953,0.11824110336688094,0.5510032410369705,0.40867571305733486,0.19986524119017832,0.6122778973374136,0.3333333333333333,0.09924609114958328,0.6511244935811844,0.350163393761495,0.13857933889016064,0.6142616617507044,0.4146345074738714,0.1732427418111816,0.6699513104300459,0.3945622235220304,0.17238183899598794,0.6649565000375243,,,,0.35710000000000003,0.1459,0.6165
Guinea2021,2021-03-23,0.35714285714285715,0.1275984298591596,0.6486198893840083,0.3696704513451858,0.16336432385951347,0.6161962674588458,0.45514149137663173,0.24294335738757142,0.6502372325210501,0.38461538461538464,0.13857933889016064,0.6842223970859369,0.3954432556078808,0.1766110899821179,0.6486198893840083,0.45428914290141464,0.21168698723868917,0.6944391516043983,0.46233296378806155,0.2236769771949898,0.7266237425062152,,,,0.42860000000000004,0.1981,0.6831
Guinea2021,2021-03-24,0.35714285714285715,0.1275984298591596,0.6486198893840083,0.3696704513451858,0.16336432385951347,0.6161962674588458,0.45514149137663173,0.24294335738757142,0.6502372325210501,0.38461538461538464,0.13857933889016064,0.6842223970859369,0.3954432556078808,0.1766110899821179,0.6486198893840083,0.45428914290141464,0.21168698723868917,0.6944391516043983,0.4601220029693497,0.22272996532535297,0.7211375781516216,,,,0.42860000000000004,0.1981,0.6831
Guinea2021,2021-03-25,0.35714285714285715,0.1275984298591596,0.6486198893840083,0.3696704513451858,0.16336432385951347,0.6161962674588458,0.45514149137663173,0.24294335738757142,0.6502372325210501,0.38461538461538464,0.13857933889016064,0.6842223970859369,0.3954432556078808,0.1766110899821179,0.6486198893840083,0.45428914290141464,0.21168698723868917,0.6944391516043983,0.4570939869501196,0.22091322171349587,0.7155965663007346,,,,0.42860000000000004,0.1981,0.6831
Guinea2021,2021-03-26,0.35714285714285715,0.1275984298591596,0.6486198893840083,0.3696704513451858,0.16336432385951347,0.6161962674588458,0.45514149137663173,0.24294335738757142,0.6502372325210501,0.38461538461538464,0.13857933889016064,0.6842223970859369,0.3954432556078808,0.1766110899821179,0.6486198893840083,0.45428914290141464,0.21168698723868917,0.6944391516043983,0.4563751883103638,0.21959488441534702,0.711018527329448,,,,0.42860000000000004,0.1981,0.6831
Guinea2021,2021-03-27,0.35714285714285715,0.1275984298591596,0.6486198893840083,0.3696704513451858,0.16336432385951347,0.6161962674588458,0.45514149137663173,0.24294335738757142,0.6502372325210501,0.38461538461538464,0.13857933889016064,0.6842223970859369,0.3954432556078808,0.1766110899821179,0.6486198893840083,0.45428914290141464,0.21168698723868917,0.6944391516043983,0.45480211992598385,0.21878604492493348,0.7093176993388598,,,,0.42860000000000004,0.1981,0.6831
Guinea2021,2021-03-28,0.35714285714285715,0.1275984298591596,0.6486198893840083,0.3696704513451858,0.16336432385951347,0.6161962674588458,0.45514149137663173,0.24294335738757142,0.6502372325210501,0.38461538461538464,0.13857933889016064,0.6842223970859369,0.3954432556078808,0.1766110899821179,0.6486198893840083,0.45428914290141464,0.21168698723868917,0.6944391516043983,0.45350994522832105,0.21793803154279812,0.7073156664644693,,,,0.42860000000000004,0.1981,0.6831
Guinea2021,2021-03-29,0.35714285714285715,0.1275984298591596,0.6486198893840083,0.3696704513451858,0.16336432385951347,0.6161962674588458,0.45514149137663173,0.24294335738757142,0.6502372325210501,0.38461538461538464,0.13857933889016064,0.6842223970859369,0.3954432556078808,0.1766110899821179,0.6486198893840083,0.45428914290141464,0.21168698723868917,0.6944391516043983,0.45309271642718185,0.21935077483630525,0.7069315552018848,,,,0.42860000000000004,0.1981,0.6831
Guinea2021,2021-03-30,0.42857142857142855,0.1766110899821179,0.7113905999616925,0.43483278607750375,0.21266672951930787,0.6771302337937184,0.49915973057085505,0.29267149580635426,0.6897816483745446,0.42857142857142855,0.1766110899821179,0.7113905999616925,0.43483278607750375,0.21266672951930787,0.6771302337937184,0.4852662210675087,0.24762490596474881,0.7107325032421077,0.5173277184017258,0.2765316896986743,0.7625825577611569,,,,0.5,0.25520000000000004,0.7448
Guinea2021,2021-03-31,0.42857142857142855,0.1766110899821179,0.7113905999616925,0.43483278607750375,0.21266672951930787,0.6771302337937184,0.49915973057085505,0.29267149580635426,0.6897816483745446,0.42857142857142855,0.1766110899821179,0.7113905999616925,0.43483278607750375,0.21266672951930787,0.6771302337937184,0.4852662210675087,0.24762490596474881,0.7107325032421077,0.5161046992412105,0.2730153975377936,0.7569009622892828,,,,0.5,0.25520000000000004,0.7448
Guinea2021,2021-04-01,0.4,0.16336432385951347,0.6771302337937184,0.40822650132490146,0.19753414053266785,0.6456539056979218,0.47723800396413574,0.2716537653513725,0.6683238384742939,0.42857142857142855,0.1766110899821179,0.7113905999616925,0.43483278607750375,0.21266672951930787,0.6771302337937184,0.4852662210675087,0.24762490596474881,0.7107325032421077,0.5150139717365845,0.2726419729181709,0.7546992346085866,,,,0.5,0.25520000000000004,0.7448
Guinea2021,2021-04-02,0.4,0.16336432385951347,0.6771302337937184,0.40822650132490146,0.19753414053266785,0.6456539056979218,0.47723800396413574,0.2716537653513725,0.6683238384742939,0.42857142857142855,0.1766110899821179,0.7113905999616925,0.43483278607750375,0.21266672951930787,0.6771302337937184,0.4852662210675087,0.24762490596474881,0.7107325032421077,0.5061820173472724,0.26831695892098467,0.7450891440810086,,,,0.5,0.25520000000000004,0.7448
Guinea2021,2021-04-03,0.4375,0.19753414053266785,0.7012231009168222,0.44234231838132165,0.22983268726599038,0.6707528460532426,0.4983869668304262,0.2997345087231668,0.6850244814599761,0.4666666666666667,0.21266672951930787,0.7341386527226034,0.46940826867739666,0.24651011149057533,0.7012231009168222,0.5146665191384321,0.28274373742023734,0.7295107820013228,0.5691104097204461,0.32646297939351054,0.8001143810612016,,,,0.5714,0.3169,0.8019000000000001
Guinea2021,2021-04-04,0.4375,0.19753414053266785,0.7012231009168222,0.44234231838132165,0.22983268726599038,0.6707528460532426,0.4983869668304262,0.2997345087231668,0.6850244814599761,0.4666666666666667,0.21266672951930787,0.7341386527226034,0.46940826867739666,0.24651011149057533,0.7012231009168222,0.5146665191384321,0.28274373742023734,0.7295107820013228,0.556448932709355,0.3173938223281444,0.7886638029097917,,,,0.5714,0.3169,0.8019000000000001
Guinea2021,2021-04-05,0.4375,0.19753414053266785,0.7012231009168222,0.44234231838132165,0.22983268726599038,0.6707528460532426,0.4983869668304262,0.2997345087231668,0.6850244814599761,0.4666666666666667,0.21266672951930787,0.7341386527226034,0.46940826867739666,0.24651011149057533,0.7012231009168222,0.5146665191384321,0.28274373742023734,0.7295107820013228,0.5513796317438064,0.31437431125391285,0.7826080767609572,,,,0.5714,0.3169,0.8019000000000001
Guinea2021,2021-04-06,0.4375,0.19753414053266785,0.7012231009168222,0.44234231838132165,0.22983268726599038,0.6707528460532426,0.4983869668304262,0.2997345087231668,0.6850244814599761,0.4666666666666667,0.21266672951930787,0.7341386527226034,0.46940826867739666,0.24651011149057533,0.7012231009168222,0.5146665191384321,0.28274373742023734,0.7295107820013228,0.5479459965970745,0.3087678207088958,0.7792132664403402,,,,0.5714,0.3169,0.8019000000000001
Guinea2021,2021-04-07,0.4375,0.19753414053266785,0.7012231009168222,0.44234231838132165,0.22983268726599038,0.6707528460532426,0.4983869668304262,0.2997345087231668,0.6850244814599761,0.4666666666666667,0.21266672951930787,0.7341386527226034,0.46940826867739666,0.24651011149057533,0.7012231009168222,0.5146665191384321,0.28274373742023734,0.7295107820013228,0.543450172172052,0.308071457229176,0.7772813272721381,,,,0.5333,0.29100000000000004,0.7651
Guinea2021,2021-04-08,0.4375,0.19753414053266785,0.7012231009168222,0.44234231838132165,0.22983268726599038,0.6707528460532426,0.4983869668304262,0.2997345087231668,0.6850244814599761,0.4666666666666667,0.21266672951930787,0.7341386527226034,0.46940826867739666,0.24651011149057533,0.7012231009168222,0.5146665191384321,0.28274373742023734,0.7295107820013228,0.5397123036306664,0.3051598318580151,0.7734880485311979,,,,0.5333,0.29100000000000004,0.7651
Guinea2021,2021-04-09,0.4375,0.19753414053266785,0.7012231009168222,0.44234231838132165,0.22983268726599038,0.6707528460532426,0.4983869668304262,0.2997345087231668,0.6850244814599761,0.4666666666666667,0.21266672951930787,0.7341386527226034,0.46940826867739666,0.24651011149057533,0.7012231009168222,0.5146665191384321,0.28274373742023734,0.7295107820013228,0.5363891486144489,0.3030205281146814,0.7692553788158583,,,,0.5333,0.29100000000000004,0.7651
Guinea2021,2021-04-10,0.4375,0.19753414053266785,0.7012231009168222,0.44234231838132165,0.22983268726599038,0.6707528460532426,0.4983869668304262,0.2997345087231668,0.6850244814599761,0.4666666666666667,0.21266672951930787,0.7341386527226034,0.46940826867739666,0.24651011149057533,0.7012231009168222,0.5146665191384321,0.28274373742023734,0.7295107820013228,0.5327566034967786,0.3003398096130983,0.7665167302226121,,,,0.5333,0.29100000000000004,0.7651
Guinea2021,2021-04-11,0.4375,0.19753414053266785,0.7012231009168222,0.44234231838132165,0.22983268726599038,0.6707528460532426,0.4983869668304262,0.2997345087231668,0.6850244814599761,0.4666666666666667,0.21266672951930787,0.7341386527226034,0.46940826867739666,0.24651011149057533,0.7012231009168222,0.5146665191384321,0.28274373742023734,0.7295107820013228,0.5299804691161472,0.2977680133625634,0.7623058593088092,,,,0.5333,0.29100000000000004,0.7651
Guinea2021,2021-04-12,0.4375,0.19753414053266785,0.7012231009168222,0.44234231838132165,0.22983268726599038,0.6707528460532426,0.4983869668304262,0.2997345087231668,0.6850244814599761,0.4666666666666667,0.21266672951930787,0.7341386527226034,0.46940826867739666,0.24651011149057533,0.7012231009168222,0.5146665191384321,0.28274373742023734,0.7295107820013228,0.5273636580043122,0.2966340901843584,0.7591985560962441,,,,0.5333,0.29100000000000004,0.7651
Guinea2021,2021-04-13,0.4375,0.19753414053266785,0.7012231009168222,0.44234231838132165,0.22983268726599038,0.6707528460532426,0.4983869668304262,0.2997345087231668,0.6850244814599761,0.4666666666666667,0.21266672951930787,0.7341386527226034,0.46940826867739666,0.24651011149057533,0.7012231009168222,0.5146665191384321,0.28274373742023734,0.7295107820013228,0.5248753329995738,0.29570435721168203,0.7570537448332303,,,,0.5,0.2691,0.7309
Guinea2021,2021-04-14,0.4375,0.19753414053266785,0.7012231009168222,0.44234231838132165,0.22983268726599038,0.6707528460532426,0.4983869668304262,0.2997345087231668,0.6850244814599761,0.4666666666666667,0.21266672951930787,0.7341386527226034,0.46940826867739666,0.24651011149057533,0.7012231009168222,0.5146665191384321,0.28274373742023734,0.7295107820013228,0.5225346297077109,0.28798369224612325,0.7486903730704482,,,,0.5,0.2691,0.7309
Guinea2021,2021-04-15,0.4375,0.19753414053266785,0.7012231009168222,0.44234231838132165,0.22983268726599038,0.6707528460532426,0.4983869668304262,0.2997345087231668,0.6850244814599761,0.4666666666666667,0.21266672951930787,0.7341386527226034,0.46940826867739666,0.24651011149057533,0.7012231009168222,0.5146665191384321,0.28274373742023734,0.7295107820013228,0.5205001014284913,0.2871275132773168,0.7464029956773514,,,,0.5,0.2691,0.7309
Guinea2021,2021-04-16,0.4375,0.19753414053266785,0.7012231009168222,0.44234231838132165,0.22983268726599038,0.6707528460532426,0.4983869668304262,0.2997345087231668,0.6850244814599761,0.4666666666666667,0.21266672951930787,0.7341386527226034,0.46940826867739666,0.24651011149057533,0.7012231009168222,0.5146665191384321,0.28274373742023734,0.7295107820013228,0.5190539574096154,0.2855897096814284,0.7430062453254078,,,,0.5,0.2691,0.7309
Guinea2021,2021-04-17,0.4375,0.19753414053266785,0.7012231009168222,0.44234231838132165,0.22983268726599038,0.6707528460532426,0.4983869668304262,0.2997345087231668,0.6850244814599761,0.4666666666666667,0.21266672951930787,0.7341386527226034,0.46940826867739666,0.24651011149057533,0.7012231009168222,0.5146665191384321,0.28274373742023734,0.7295107820013228,0.5175339279743734,0.28480080093375115,0.7403477229238326,,,,0.5,0.2691,0.7309
Guinea2021,2021-04-18,0.4375,0.19753414053266785,0.7012231009168222,0.44234231838132165,0.22983268726599038,0.6707528460532426,0.4983869668304262,0.2997345087231668,0.6850244814599761,0.4666666666666667,0.21266672951930787,0.7341386527226034,0.46940826867739666,0.24651011149057533,0.7012231009168222,0.5146665191384321,0.28274373742023734,0.7295107820013228,0.51625819856978,0.284081546739651,0.7390148166081784,,,,0.5,0.2691,0.7309
Guinea2021,2021-04-19,0.4375,0.19753414053266785,0.7012231009168222,0.44234231838132165,0.22983268726599038,0.6707528460532426,0.4983869668304262,0.2997345087231668,0.6850244814599761,0.4666666666666667,0.21266672951930787,0.7341386527226034,0.46940826867739666,0.24651011149057533,0.7012231009168222,0.5146665191384321,0.28274373742023734,0.7295107820013228,0.5147218657597554,0.28374970864633636,0.7377022157136038,,,,0.5,0.2691,0.7309
Guinea2021,2021-04-20,0.4375,0.19753414053266785,0.7012231009168222,0.44234231838132165,0.22983268726599038,0.6707528460532426,0.4983869668304262,0.2997345087231668,0.6850244814599761,0.4666666666666667,0.21266672951930787,0.7341386527226034,0.46940826867739666,0.24651011149057533,0.7012231009168222,0.5146665191384321,0.28274373742023734,0.7295107820013228,0.5135146860911688,0.2833034771759065,0.736423158938983,,,,0.5,0.2691,0.7309
Guinea2021,2021-04-21,0.4375,0.19753414053266785,0.7012231009168222,0.44234231838132165,0.22983268726599038,0.6707528460532426,0.4983869668304262,0.2997345087231668,0.6850244814599761,0.4666666666666667,0.21266672951930787,0.7341386527226034,0.46940826867739666,0.24651011149057533,0.7012231009168222,0.5146665191384321,0.28274373742023734,0.7295107820013228,0.5126915053959405,0.28270649102519696,0.7351565631769021,,,,0.5,0.2691,0.7309
Guinea2021,2021-04-22,0.4375,0.19753414053266785,0.7012231009168222,0.44234231838132165,0.22983268726599038,0.6707528460532426,0.4983869668304262,0.2997345087231668,0.6850244814599761,0.4666666666666667,0.21266672951930787,0.7341386527226034,0.46940826867739666,0.24651011149057533,0.7012231009168222,0.5146665191384321,0.28274373742023734,0.7295107820013228,0.5120830199166979,0.2822473389118846,0.7342277486250314,,,,0.5,0.2691,0.7309
Guinea2021,2021-04-23,0.4375,0.19753414053266785,0.7012231009168222,0.44234231838132165,0.22983268726599038,0.6707528460532426,0.4983869668304262,0.2997345087231668,0.6850244814599761,0.4666666666666667,0.21266672951930787,0.7341386527226034,0.46940826867739666,0.24651011149057533,0.7012231009168222,0.5146665191384321,0.28274373742023734,0.7295107820013228,0.5113521422173085,0.28212093873571226,0.7335608788229039,,,,0.5,0.2691,0.7309
Guinea2021,2021-04-24,0.4375,0.19753414053266785,0.7012231009168222,0.44234231838132165,0.22983268726599038,0.6707528460532426,0.4983869668304262,0.2997345087231668,0.6850244814599761,0.4375,0.19753414053266785,0.7012231009168222,0.44234231838132165,0.22983268726599038,0.6707528460532426,0.484819314912598,0.2608299073893761,0.6998133883321513,0.5107102091308685,0.2818242363822595,0.7328620725887112,,,,0.5,0.2691,0.7309
Guinea2021,2021-04-25,0.4375,0.19753414053266785,0.7012231009168222,0.44234231838132165,0.22983268726599038,0.6707528460532426,0.4983869668304262,0.2997345087231668,0.6850244814599761,0.4375,0.19753414053266785,0.7012231009168222,0.44234231838132165,0.22983268726599038,0.6707528460532426,0.484819314912598,0.2608299073893761,0.6998133883321513,0.5099485336242136,0.2815503142351894,0.7313867977928304,,,,0.5,0.2691,0.7309
Guinea2021,2021-04-26,0.4375,0.19753414053266785,0.7012231009168222,0.44234231838132165,0.22983268726599038,0.6707528460532426,0.4983869668304262,0.2997345087231668,0.6850244814599761,0.4375,0.19753414053266785,0.7012231009168222,0.44234231838132165,0.22983268726599038,0.6707528460532426,0.484819314912598,0.2608299073893761,0.6998133883321513,0.5094335388736444,0.28121082598302294,0.7308579292999289,,,,0.5,0.2691,0.7309
Guinea2021,2021-04-27,0.3125,0.11016995471711757,0.5866206364513586,0.3270381232359626,0.14209748311022094,0.5595827187543372,0.41835122590973584,0.21624587863681347,0.6084292951221998,0.35714285714285715,0.1275984298591596,0.6486198893840083,0.3696704513451858,0.16336432385951347,0.6161962674588458,0.42742817266130106,0.1977151148009521,0.6594213135759552,0.5090431828750557,0.28097816229241823,0.7301485298769592,,,,0.5,0.2691,0.7309
Guinea2021,2021-04-28,0.3125,0.11016995471711757,0.5866206364513586,0.3270381232359626,0.14209748311022094,0.5595827187543372,0.41835122590973584,0.21624587863681347,0.6084292951221998,0.35714285714285715,0.1275984298591596,0.6486198893840083,0.3696704513451858,0.16336432385951347,0.6161962674588458,0.42742817266130106,0.1977151148009521,0.6594213135759552,0.5087210310642785,0.28079138144589594,0.7295366061214412,,,,0.5,0.2691,0.7309
Guinea2021,2021-04-29,0.3125,0.11016995471711757,0.5866206364513586,0.3270381232359626,0.14209748311022094,0.5595827187543372,0.41835122590973584,0.21624587863681347,0.6084292951221998,0.35714285714285715,0.1275984298591596,0.6486198893840083,0.3696704513451858,0.16336432385951347,0.6161962674588458,0.42742817266130106,0.1977151148009521,0.6594213135759552,0.5083194456522684,0.28063527651517156,0.7288917044091875,,,,0.5,0.2691,0.7309
Guinea2021,2021-04-30,0.3125,0.11016995471711757,0.5866206364513586,0.3270381232359626,0.14209748311022094,0.5595827187543372,0.41835122590973584,0.21624587863681347,0.6084292951221998,0.35714285714285715,0.1275984298591596,0.6486198893840083,0.3696704513451858,0.16336432385951347,0.6161962674588458,0.42742817266130106,0.1977151148009521,0.6594213135759552,0.5078661925035056,0.28044331726454735,0.7282659707419754,,,,0.5,0.2691,0.7309
Guinea2021,2021-05-01,0.3125,0.11016995471711757,0.5866206364513586,0.3270381232359626,0.14209748311022094,0.5595827187543372,0.41835122590973584,0.21624587863681347,0.6084292951221998,0.35714285714285715,0.1275984298591596,0.6486198893840083,0.3696704513451858,0.16336432385951347,0.6161962674588458,0.42742817266130106,0.1977151148009521,0.6594213135759552,0.5075412835371718,0.2802471127460243,0.7273911107276637,,,,0.5,0.2691,0.7309
Guinea2021,2021-05-02,0.3125,0.11016995471711757,0.5866206364513586,0.3270381232359626,0.14209748311022094,0.5595827187543372,0.41835122590973584,0.21624587863681347,0.6084292951221998,0.35714285714285715,0.1275984298591596,0.6486198893840083,0.3696704513451858,0.16336432385951347,0.6161962674588458,0.42742817266130106,0.1977151148009521,0.6594213135759552,0.5071527622432188,0.2800824115829818,0.7269320298764781,,,,0.5,0.2691,0.7309
Guinea2021,2021-05-03,0.3125,0.11016995471711757,0.5866206364513586,0.3270381232359626,0.14209748311022094,0.5595827187543372,0.41835122590973584,0.21624587863681347,0.6084292951221998,0.35714285714285715,0.1275984298591596,0.6486198893840083,0.3696704513451858,0.16336432385951347,0.6161962674588458,0.42742817266130106,0.1977151148009521,0.6594213135759552,0.5067531307360583,0.2799135438009341,0.7264982299488937,,,,0.5,0.2691,0.7309
Guinea2021,2021-05-04,0.3125,0.11016995471711757,0.5866206364513586,0.3270381232359626,0.14209748311022094,0.5595827187543372,0.41835122590973584,0.21624587863681347,0.6084292951221998,0.35714285714285715,0.1275984298591596,0.6486198893840083,0.3696704513451858,0.16336432385951347,0.6161962674588458,0.42742817266130106,0.1977151148009521,0.6594213135759552,0.5065377973631633,0.27975541169684953,0.725780599296046,,,,0.5,0.2691,0.7309
Guinea2021,2021-05-05,0.3125,0.11016995471711757,0.5866206364513586,0.3270381232359626,0.14209748311022094,0.5595827187543372,0.41835122590973584,0.21624587863681347,0.6084292951221998,0.35714285714285715,0.1275984298591596,0.6486198893840083,0.3696704513451858,0.16336432385951347,0.6161962674588458,0.42742817266130106,0.1977151148009521,0.6594213135759552,0.5061714523922172,0.2796127983150886,0.7251879300290107,,,,0.5,0.2691,0.7309
Guinea2021,2021-05-06,0.3125,0.11016995471711757,0.5866206364513586,0.3270381232359626,0.14209748311022094,0.5595827187543372,0.41835122590973584,0.21624587863681347,0.6084292951221998,0.35714285714285715,0.1275984298591596,0.6486198893840083,0.3696704513451858,0.16336432385951347,0.6161962674588458,0.42742817266130106,0.1977151148009521,0.6594213135759552,0.5058227897642513,0.2794841639942053,0.7250467477533232,,,,0.5,0.2691,0.7309
Guinea2021,2021-05-07,0.3125,0.11016995471711757,0.5866206364513586,0.3270381232359626,0.14209748311022094,0.5595827187543372,0.41835122590973584,0.21624587863681347,0.6084292951221998,0.35714285714285715,0.1275984298591596,0.6486198893840083,0.3696704513451858,0.16336432385951347,0.6161962674588458,0.42742817266130106,0.1977151148009521,0.6594213135759552,0.5055413484635066,0.2785929837031632,0.7249206674901919,,,,0.5,0.2691,0.7309
Guinea2021,2021-05-08,0.3125,0.11016995471711757,0.5866206364513586,0.3270381232359626,0.14209748311022094,0.5595827187543372,0.41835122590973584,0.21624587863681347,0.6084292951221998,0.35714285714285715,0.1275984298591596,0.6486198893840083,0.3696704513451858,0.16336432385951347,0.6161962674588458,0.42742817266130106,0.1977151148009521,0.6594213135759552,0.5053453596875325,0.2785098222900404,0.7247088678888579,,,,0.5,0.2691,0.7309
Guinea2021,2021-05-09,0.3125,0.11016995471711757,0.5866206364513586,0.3270381232359626,0.14209748311022094,0.5595827187543372,0.41835122590973584,0.21624587863681347,0.6084292951221998,0.35714285714285715,0.1275984298591596,0.6486198893840083,0.3696704513451858,0.16336432385951347,0.6161962674588458,0.42742817266130106,0.1977151148009521,0.6594213135759552,0.5051843601176769,0.27837612780176463,0.7244144793722481,,,,0.5,0.2691,0.7309
Guinea2021,2021-05-10,0.3125,0.11016995471711757,0.5866206364513586,0.3270381232359626,0.14209748311022094,0.5595827187543372,0.41835122590973584,0.21624587863681347,0.6084292951221998,,,,,,,,,,0.5050129283421141,0.27835239245942855,0.7241308702038806,,,,0.5,0.2691,0.7309
Guinea2021,2021-05-11,0.3125,0.11016995471711757,0.5866206364513586,0.3270381232359626,0.14209748311022094,0.5595827187543372,0.41835122590973584,0.21624587863681347,0.6084292951221998,0.35714285714285715,0.1275984298591596,0.6486198893840083,0.3696704513451858,0.16336432385951347,0.6161962674588458,0.42742817266130106,0.1977151148009521,0.6594213135759552,0.5046671936629163,0.2805780627316937,0.7250858988341558,,,,0.5,0.2691,0.7309
Guinea2021,2021-05-12,0.3125,0.11016995471711757,0.5866206364513586,0.3270381232359626,0.14209748311022094,0.5595827187543372,0.41835122590973584,0.21624587863681347,0.6084292951221998,0.35714285714285715,0.1275984298591596,0.6486198893840083,0.3696704513451858,0.16336432385951347,0.6161962674588458,0.42742817266130106,0.1977151148009521,0.6594213135759552,0.5044735424389843,0.28057249489156405,0.7250845681642516,,,,0.5,0.2691,0.7309
Guinea2021,2021-05-13,0.3125,0.11016995471711757,0.5866206364513586,0.3270381232359626,0.14209748311022094,0.5595827187543372,0.41835122590973584,0.21624587863681347,0.6084292951221998,0.35714285714285715,0.1275984298591596,0.6486198893840083,0.3696704513451858,0.16336432385951347,0.6161962674588458,0.42742817266130106,0.1977151148009521,0.6594213135759552,0.5043029296230207,0.2805672479158736,0.7250833599948661,,,,0.5,0.2691,0.7309
Guinea2021,2021-05-14,0.3125,0.11016995471711757,0.5866206364513586,0.3270381232359626,0.14209748311022094,0.5595827187543372,0.41835122590973584,0.21624587863681347,0.6084292951221998,0.35714285714285715,0.1275984298591596,0.6486198893840083,0.3696704513451858,0.16336432385951347,0.6161962674588458,0.42742817266130106,0.1977151148009521,0.6594213135759552,0.5041897526435168,0.28056658508744875,0.7249284624456868,,,,0.5,0.2691,0.7309
Guinea2021,2021-05-15,0.3125,0.11016995471711757,0.5866206364513586,0.3270381232359626,0.14209748311022094,0.5595827187543372,0.41835122590973584,0.21624587863681347,0.6084292951221998,0.35714285714285715,0.1275984298591596,0.6486198893840083,0.3696704513451858,0.16336432385951347,0.6161962674588458,0.42742817266130106,0.1977151148009521,0.6594213135759552,0.5040283367563128,0.2805662041008948,0.7232895123561192,,,,0.5,0.2691,0.7309
Guinea2021,2021-05-16,0.3125,0.11016995471711757,0.5866206364513586,0.3270381232359626,0.14209748311022094,0.5595827187543372,0.41835122590973584,0.21624587863681347,0.6084292951221998,0.35714285714285715,0.1275984298591596,0.6486198893840083,0.3696704513451858,0.16336432385951347,0.6161962674588458,0.42742817266130106,0.1977151148009521,0.6594213135759552,0.5038441256899888,0.2805658663632844,0.723269886798816,,,,0.5,0.2691,0.7309
Guinea2021,2021-05-17,0.3125,0.11016995471711757,0.5866206364513586,0.3270381232359626,0.14209748311022094,0.5595827187543372,0.41835122590973584,0.21624587863681347,0.6084292951221998,0.35714285714285715,0.1275984298591596,0.6486198893840083,0.3696704513451858,0.16336432385951347,0.6161962674588458,0.42742817266130106,0.1977151148009521,0.6594213135759552,0.5038128384232756,0.28056556689431056,0.7232445355600146,,,,0.5,0.2691,0.7309
Guinea2021,2021-05-18,0.3125,0.11016995471711757,0.5866206364513586,0.3270381232359626,0.14209748311022094,0.5595827187543372,0.41835122590973584,0.21624587863681347,0.6084292951221998,0.35714285714285715,0.1275984298591596,0.6486198893840083,0.3696704513451858,0.16336432385951347,0.6161962674588458,0.42742817266130106,0.1977151148009521,0.6594213135759552,0.5037221356696395,0.2805653012980609,0.722423763729896,,,,0.5,0.2691,0.7309
Guinea2021,2021-05-19,0.3125,0.11016995471711757,0.5866206364513586,0.3270381232359626,0.14209748311022094,0.5595827187543372,0.41835122590973584,0.21624587863681347,0.6084292951221998,0.35714285714285715,0.1275984298591596,0.6486198893840083,0.3696704513451858,0.16336432385951347,0.6161962674588458,0.42742817266130106,0.1977151148009521,0.6594213135759552,0.5035756013878367,0.2805650656927055,0.7222602882132975,,,,0.5,0.2691,0.7309
Guinea2021,2021-05-20,0.3125,0.11016995471711757,0.5866206364513586,0.3270381232359626,0.14209748311022094,0.5595827187543372,0.41835122590973584,0.21624587863681347,0.6084292951221998,0.35714285714285715,0.1275984298591596,0.6486198893840083,0.3696704513451858,0.16336432385951347,0.6161962674588458,0.42742817266130106,0.1977151148009521,0.6594213135759552,0.5035259860777073,0.2805648566489326,0.7220665314511033,,,,0.5,0.2691,0.7309
Guinea2021,2021-05-21,0.3125,0.11016995471711757,0.5866206364513586,0.3270381232359626,0.14209748311022094,0.5595827187543372,0.41835122590973584,0.21624587863681347,0.6084292951221998,0.35714285714285715,0.1275984298591596,0.6486198893840083,0.3696704513451858,0.16336432385951347,0.6161962674588458,0.42742817266130106,0.1977151148009521,0.6594213135759552,0.5034425925904475,0.2805646711359942,0.7219407816478566,,,,0.5,0.2691,0.7309
Guinea2021,2021-05-22,0.3125,0.11016995471711757,0.5866206364513586,0.3270381232359626,0.14209748311022094,0.5595827187543372,0.41835122590973584,0.21624587863681347,0.6084292951221998,0.35714285714285715,0.1275984298591596,0.6486198893840083,0.3696704513451858,0.16336432385951347,0.6161962674588458,0.42742817266130106,0.1977151148009521,0.6594213135759552,0.5033634443515953,0.28051813514197166,0.7216665738448617,,,,0.5,0.2691,0.7309
Guinea2021,2021-05-23,0.3125,0.11016995471711757,0.5866206364513586,0.3270381232359626,0.14209748311022094,0.5595827187543372,0.41835122590973584,0.21624587863681347,0.6084292951221998,0.35714285714285715,0.1275984298591596,0.6486198893840083,0.3696704513451858,0.16336432385951347,0.6161962674588458,0.42742817266130106,0.1977151148009521,0.6594213135759552,0.5032980548747714,0.2803997846365959,0.7214695690428314,,,,0.5,0.2691,0.7309
Guinea2021,2021-05-24,0.3125,0.11016995471711757,0.5866206364513586,0.3270381232359626,0.14209748311022094,0.5595827187543372,0.41835122590973584,0.21624587863681347,0.6084292951221998,0.35714285714285715,0.1275984298591596,0.6486198893840083,0.3696704513451858,0.16336432385951347,0.6161962674588458,0.42742817266130106,0.1977151148009521,0.6594213135759552,0.503199400511486,0.2802871098216274,0.721466501403245,,,,0.5,0.2691,0.7309
Guinea2021,2021-05-25,0.3125,0.11016995471711757,0.5866206364513586,0.3270381232359626,0.14209748311022094,0.5595827187543372,0.41835122590973584,0.21624587863681347,0.6084292951221998,0.35714285714285715,0.1275984298591596,0.6486198893840083,0.3696704513451858,0.16336432385951347,0.6161962674588458,0.42742817266130106,0.1977151148009521,0.6594213135759552,0.5031249051314051,0.2801798144926512,0.7214336069118715,,,,0.5,0.2691,0.7309
Guinea2021,2021-05-26,0.3125,0.11016995471711757,0.5866206364513586,0.3270381232359626,0.14209748311022094,0.5595827187543372,0.41835122590973584,0.21624587863681347,0.6084292951221998,0.3333333333333333,0.11824110336688094,0.6161962674588458,0.3470503754118041,0.15198367508112207,0.5866206364513586,0.40400871708782293,0.18353867550296338,0.6339737105539561,0.5030588452229083,0.2800776198395045,0.7213268974226958,,,,0.5,0.2691,0.7309
Guinea2021,2021-05-27,0.3125,0.11016995471711757,0.5866206364513586,0.3270381232359626,0.14209748311022094,0.5595827187543372,0.41835122590973584,0.21624587863681347,0.6084292951221998,0.3333333333333333,0.11824110336688094,0.6161962674588458,0.3470503754118041,0.15198367508112207,0.5866206364513586,0.40400871708782293,0.18353867550296338,0.6339737105539561,0.5030356068161507,0.2799802632583523,0.7212260945737773,,,,0.5,0.2691,0.7309
Guinea2021,2021-05-28,0.3125,0.11016995471711757,0.5866206364513586,0.3270381232359626,0.14209748311022094,0.5595827187543372,0.41835122590973584,0.21624587863681347,0.6084292951221998,0.3333333333333333,0.11824110336688094,0.6161962674588458,0.3470503754118041,0.15198367508112207,0.5866206364513586,0.40400871708782293,0.18353867550296338,0.6339737105539561,0.5029887934073842,0.2798874972599778,0.7211273923450536,,,,0.5,0.2691,0.7309
Guinea2021,2021-05-29,0.3125,0.11016995471711757,0.5866206364513586,0.3270381232359626,0.14209748311022094,0.5595827187543372,0.41835122590973584,0.21624587863681347,0.6084292951221998,0.3333333333333333,0.11824110336688094,0.6161962674588458,0.3470503754118041,0.15198367508112207,0.5866206364513586,0.40400871708782293,0.18353867550296338,0.6339737105539561,0.5028689572945274,0.2798743931045133,0.7210251185400887,,,,0.5,0.2691,0.7309
Guinea2021,2021-05-30,0.3125,0.11016995471711757,0.5866206364513586,0.3270381232359626,0.14209748311022094,0.5595827187543372,0.41835122590973584,0.21624587863681347,0.6084292951221998,0.3333333333333333,0.11824110336688094,0.6161962674588458,0.3470503754118041,0.15198367508112207,0.5866206364513586,0.40400871708782293,0.18353867550296338,0.6339737105539561,0.5027423885875619,0.2798267330366881,0.7209448319796203,,,,0.5,0.2691,0.7309
Guinea2021,2021-05-31,0.3125,0.11016995471711757,0.5866206364513586,0.3270381232359626,0.14209748311022094,0.5595827187543372,0.41835122590973584,0.21624587863681347,0.6084292951221998,0.3333333333333333,0.11824110336688094,0.6161962674588458,0.3470503754118041,0.15198367508112207,0.5866206364513586,0.40400871708782293,0.18353867550296338,0.6339737105539561,0.5027323841003375,0.27970020516356725,0.7208794759721815,,,,0.5,0.2691,0.7309
Guinea2021,2021-06-01,0.3125,0.11016995471711757,0.5866206364513586,0.3270381232359626,0.14209748311022094,0.5595827187543372,0.41835122590973584,0.21624587863681347,0.6084292951221998,0.3333333333333333,0.11824110336688094,0.6161962674588458,0.3470503754118041,0.15198367508112207,0.5866206364513586,0.40400871708782293,0.18353867550296338,0.6339737105539561,0.5026484766026945,0.2795773736339548,0.7208187539447181,,,,0.5,0.2691,0.7309
Guinea2021,2021-06-02,0.3125,0.11016995471711757,0.5866206364513586,0.3270381232359626,0.14209748311022094,0.5595827187543372,0.41835122590973584,0.21624587863681347,0.6084292951221998,0.3333333333333333,0.11824110336688094,0.6161962674588458,0.3470503754118041,0.15198367508112207,0.5866206364513586,0.40400871708782293,0.18353867550296338,0.6339737105539561,0.5025764345542221,0.27956870110187315,0.7206575361795461,,,,0.5,0.2691,0.7309
Guinea2021,2021-06-03,0.3125,0.11016995471711757,0.5866206364513586,0.3270381232359626,0.14209748311022094,0.5595827187543372,0.41835122590973584,0.21624587863681347,0.6084292951221998,0.3333333333333333,0.11824110336688094,0.6161962674588458,0.3470503754118041,0.15198367508112207,0.5866206364513586,0.40400871708782293,0.18353867550296338,0.6339737105539561,0.5025668615298726,0.27956803666941255,0.7205036519274073,,,,0.5,0.2691,0.7309
Guinea2021,2021-06-04,0.3125,0.11016995471711757,0.5866206364513586,0.3270381232359626,0.14209748311022094,0.5595827187543372,0.41835122590973584,0.21624587863681347,0.6084292951221998,0.3333333333333333,0.11824110336688094,0.6161962674588458,0.3470503754118041,0.15198367508112207,0.5866206364513586,0.40400871708782293,0.18353867550296338,0.6339737105539561,0.5025582879708337,0.27956747727619347,0.7204220023147702,,,,0.5,0.2691,0.7309
Guinea2021,2021-06-05,0.3125,0.11016995471711757,0.5866206364513586,0.3270381232359626,0.14209748311022094,0.5595827187543372,0.41835122590973584,0.21624587863681347,0.6084292951221998,0.3333333333333333,0.11824110336688094,0.6161962674588458,0.3470503754118041,0.15198367508112207,0.5866206364513586,0.40400871708782293,0.18353867550296338,0.6339737105539561,0.5025506091834335,0.27956700642781435,0.7202085348914444,,,,0.5,0.2691,0.7309
Guinea2021,2021-06-06,0.3125,0.11016995471711757,0.5866206364513586,0.3270381232359626,0.14209748311022094,0.5595827187543372,0.41835122590973584,0.21624587863681347,0.6084292951221998,0.3333333333333333,0.11824110336688094,0.6161962674588458,0.3470503754118041,0.15198367508112207,0.5866206364513586,0.40400871708782293,0.18353867550296338,0.6339737105539561,0.5025437315677967,0.27955967041618146,0.720088389595462,,,,0.5,0.2691,0.7309
Guinea2021,2021-06-07,0.3125,0.11016995471711757,0.5866206364513586,0.3270381232359626,0.14209748311022094,0.5595827187543372,0.41835122590973584,0.21624587863681347,0.6084292951221998,0.3333333333333333,0.11824110336688094,0.6161962674588458,0.3470503754118041,0.15198367508112207,0.5866206364513586,0.40400871708782293,0.18353867550296338,0.6339737105539561,0.502537571412077,0.27948812766379694,0.7200351731281227,,,,0.5,0.2691,0.7309
Guinea2021,2021-06-08,0.3125,0.11016995471711757,0.5866206364513586,0.3270381232359626,0.14209748311022094,0.5595827187543372,0.41835122590973584,0.21624587863681347,0.6084292951221998,0.3333333333333333,0.11824110336688094,0.6161962674588458,0.3470503754118041,0.15198367508112207,0.5866206364513586,0.40400871708782293,0.18353867550296338,0.6339737105539561,0.5025200144335062,0.2794843380570599,0.7199840178701876,,,,0.5,0.2691,0.7309
Guinea2021,2021-06-09,0.3125,0.11016995471711757,0.5866206364513586,0.3270381232359626,0.14209748311022094,0.5595827187543372,0.41835122590973584,0.21624587863681347,0.6084292951221998,0.3333333333333333,0.11824110336688094,0.6161962674588458,0.3470503754118041,0.15198367508112207,0.5866206364513586,0.40400871708782293,0.18353867550296338,0.6339737105539561,0.5024005050870348,0.2794822664220044,0.7199343696932531,,,,0.5,0.2691,0.7309
Guinea2021,2021-06-10,0.3125,0.11016995471711757,0.5866206364513586,0.3270381232359626,0.14209748311022094,0.5595827187543372,0.41835122590973584,0.21624587863681347,0.6084292951221998,0.3333333333333333,0.11824110336688094,0.6161962674588458,0.3470503754118041,0.15198367508112207,0.5866206364513586,0.40400871708782293,0.18353867550296338,0.6339737105539561,0.5023085389036952,0.27948033824827373,0.7198848119912021,,,,0.5,0.2691,0.7309
Guinea2021,2021-06-11,0.3125,0.11016995471711757,0.5866206364513586,0.3270381232359626,0.14209748311022094,0.5595827187543372,0.41835122590973584,0.21624587863681347,0.6084292951221998,0.3333333333333333,0.11824110336688094,0.6161962674588458,0.3470503754118041,0.15198367508112207,0.5866206364513586,0.40400871708782293,0.18353867550296338,0.6339737105539561,0.502223357768878,0.27947853882318274,0.7198372206569752,,,,0.5,0.2691,0.7309
Guinea2021,2021-06-12,0.3125,0.11016995471711757,0.5866206364513586,0.3270381232359626,0.14209748311022094,0.5595827187543372,0.41835122590973584,0.21624587863681347,0.6084292951221998,0.3333333333333333,0.11824110336688094,0.6161962674588458,0.3470503754118041,0.15198367508112207,0.5866206364513586,0.40400871708782293,0.18353867550296338,0.6339737105539561,0.5021725344100031,0.27947685542564976,0.7197915103998839,,,,0.5,0.2691,0.7309
Guinea2021,2021-06-13,0.3125,0.11016995471711757,0.5866206364513586,0.3270381232359626,0.14209748311022094,0.5595827187543372,0.41835122590973584,0.21624587863681347,0.6084292951221998,0.3333333333333333,0.11824110336688094,0.6161962674588458,0.3470503754118041,0.15198367508112207,0.5866206364513586,0.40400871708782293,0.18353867550296338,0.6339737105539561,0.5021232978193586,0.2794752770246157,0.71974760003291,,,,0.5,0.2691,0.7309
Guinea2021,2021-06-14,0.3125,0.11016995471711757,0.5866206364513586,0.3270381232359626,0.14209748311022094,0.5595827187543372,0.41835122590973584,0.21624587863681347,0.6084292951221998,0.3333333333333333,0.11824110336688094,0.6161962674588458,0.3470503754118041,0.15198367508112207,0.5866206364513586,0.40400871708782293,0.18353867550296338,0.6339737105539561,0.5020824377092925,0.27943038090108246,0.7196675130383988,,,,0.5,0.2691,0.7309
Guinea2021,2021-06-15,0.3125,0.11016995471711757,0.5866206364513586,0.3270381232359626,0.14209748311022094,0.5595827187543372,0.41835122590973584,0.21624587863681347,0.6084292951221998,,,,,,,,,,0.5020824247118079,0.2793429497840291,0.7195677075752768,,,,0.5,0.2691,0.7309
Guinea2021,2021-06-16,0.3125,0.11016995471711757,0.5866206364513586,0.3270381232359626,0.14209748311022094,0.5595827187543372,0.41835122590973584,0.21624587863681347,0.6084292951221998,0.3333333333333333,0.11824110336688094,0.6161962674588458,0.3470503754118041,0.15198367508112207,0.5866206364513586,0.40400871708782293,0.18353867550296338,0.6339737105539561,0.5020428413771097,0.27925775746416587,0.7194045059066934,,,,0.5,0.2691,0.7309
Guinea2021,2021-06-17,0.3125,0.11016995471711757,0.5866206364513586,0.3270381232359626,0.14209748311022094,0.5595827187543372,0.41835122590973584,0.21624587863681347,0.6084292951221998,,,,,,,,,,0.5010335731665778,0.2778147260441167,0.7173160002312569,,,,0.5,0.2691,0.7309
Guinea2021,2021-06-18,0.3125,0.11016995471711757,0.5866206364513586,0.3270381232359626,0.14209748311022094,0.5595827187543372,0.41835122590973584,0.21624587863681347,0.6084292951221998,0.3333333333333333,0.11824110336688094,0.6161962674588458,0.3470503754118041,0.15198367508112207,0.5866206364513586,0.40400871708782293,0.18353867550296338,0.6339737105539561,0.5010012475758343,0.2778087660125378,0.7173160002218768,,,,0.5,0.2691,0.7309
Guinea2021,2021-06-19,0.3125,0.11016995471711757,0.5866206364513586,0.3270381232359626,0.14209748311022094,0.5595827187543372,0.41835122590973584,0.21624587863681347,0.6084292951221998,0.3333333333333333,0.11824110336688094,0.6161962674588458,0.3470503754118041,0.15198367508112207,0.5866206364513586,0.40400871708782293,0.18353867550296338,0.6339737105539561,0.5009872139801741,0.27780100162897337,0.7173160002149824,,,,0.5,0.2691,0.7309
