Localité,Indicateur,Nouveau,Cumulatif,Date des données,Titre du raport,Date du rapport,Numéro du rapport,Lien d'accès au rapport
N’Zérékoré,Cas Confirmés,0,3,2021-02-14,Guinée : Rapport de situation sur l'épidémie de la Maladie à Virus Ebola (MVE) - 15 février 2021 [FR],2021-02-15,,https://www.humanitarianresponse.info/sites/www.humanitarianresponse.info/files/documents/files/2021_02_15_sitrep_n1_epidemie_de_mve_2021_anss_guinee.pdf
Ratoma (Conakry),Cas Confirmés,0,0,2021-02-14,Guinée : Rapport de situation sur l'épidémie de la Maladie à Virus Ebola (MVE) - 15 février 2021 [FR],2021-02-15,,https://www.humanitarianresponse.info/sites/www.humanitarianresponse.info/files/documents/files/2021_02_15_sitrep_n1_epidemie_de_mve_2021_anss_guinee.pdf
Total,Cas Confirmés,0,3,2021-02-14,Guinée : Rapport de situation sur l'épidémie de la Maladie à Virus Ebola (MVE) - 15 février 2021 [FR],2021-02-15,,https://www.humanitarianresponse.info/sites/www.humanitarianresponse.info/files/documents/files/2021_02_15_sitrep_n1_epidemie_de_mve_2021_anss_guinee.pdf
N’Zérékoré,Cas Probables,0,4,2021-02-14,Guinée : Rapport de situation sur l'épidémie de la Maladie à Virus Ebola (MVE) - 15 février 2021 [FR],2021-02-15,,https://www.humanitarianresponse.info/sites/www.humanitarianresponse.info/files/documents/files/2021_02_15_sitrep_n1_epidemie_de_mve_2021_anss_guinee.pdf
Ratoma (Conakry),Cas Probables,0,0,2021-02-14,Guinée : Rapport de situation sur l'épidémie de la Maladie à Virus Ebola (MVE) - 15 février 2021 [FR],2021-02-15,,https://www.humanitarianresponse.info/sites/www.humanitarianresponse.info/files/documents/files/2021_02_15_sitrep_n1_epidemie_de_mve_2021_anss_guinee.pdf
Total,Cas Probables,0,4,2021-02-14,Guinée : Rapport de situation sur l'épidémie de la Maladie à Virus Ebola (MVE) - 15 février 2021 [FR],2021-02-15,,https://www.humanitarianresponse.info/sites/www.humanitarianresponse.info/files/documents/files/2021_02_15_sitrep_n1_epidemie_de_mve_2021_anss_guinee.pdf
N’Zérékoré,Cas Suspects,1,9,2021-02-14,Guinée : Rapport de situation sur l'épidémie de la Maladie à Virus Ebola (MVE) - 15 février 2021 [FR],2021-02-15,,https://www.humanitarianresponse.info/sites/www.humanitarianresponse.info/files/documents/files/2021_02_15_sitrep_n1_epidemie_de_mve_2021_anss_guinee.pdf
Ratoma (Conakry),Cas Suspects,0,1,2021-02-14,Guinée : Rapport de situation sur l'épidémie de la Maladie à Virus Ebola (MVE) - 15 février 2021 [FR],2021-02-15,,https://www.humanitarianresponse.info/sites/www.humanitarianresponse.info/files/documents/files/2021_02_15_sitrep_n1_epidemie_de_mve_2021_anss_guinee.pdf
Total,Cas Suspects,1,10,2021-02-14,Guinée : Rapport de situation sur l'épidémie de la Maladie à Virus Ebola (MVE) - 15 février 2021 [FR],2021-02-15,,https://www.humanitarianresponse.info/sites/www.humanitarianresponse.info/files/documents/files/2021_02_15_sitrep_n1_epidemie_de_mve_2021_anss_guinee.pdf
N’Zérékoré,Cas Confirmés,0,3,2021-02-15,Guinée : Rapport de situation sur l'épidémie de la Maladie à Virus Ebola (MVE) - 16 février 2021 [FR],2021-02-16,2,https://www.humanitarianresponse.info/sites/www.humanitarianresponse.info/files/documents/files/2021_02_16_sitrep_n2_epidemie_de_mve_2021_anss_guinee.pdf
Ratoma (Conakry),Cas Confirmés,0,0,2021-02-15,Guinée : Rapport de situation sur l'épidémie de la Maladie à Virus Ebola (MVE) - 16 février 2021 [FR],2021-02-16,2,https://www.humanitarianresponse.info/sites/www.humanitarianresponse.info/files/documents/files/2021_02_16_sitrep_n2_epidemie_de_mve_2021_anss_guinee.pdf
Total,Cas Confirmés,0,3,2021-02-15,Guinée : Rapport de situation sur l'épidémie de la Maladie à Virus Ebola (MVE) - 16 février 2021 [FR],2021-02-16,2,https://www.humanitarianresponse.info/sites/www.humanitarianresponse.info/files/documents/files/2021_02_16_sitrep_n2_epidemie_de_mve_2021_anss_guinee.pdf
N’Zérékoré,Cas Probables,0,4,2021-02-15,Guinée : Rapport de situation sur l'épidémie de la Maladie à Virus Ebola (MVE) - 16 février 2021 [FR],2021-02-16,2,https://www.humanitarianresponse.info/sites/www.humanitarianresponse.info/files/documents/files/2021_02_16_sitrep_n2_epidemie_de_mve_2021_anss_guinee.pdf
Ratoma (Conakry),Cas Probables,0,0,2021-02-15,Guinée : Rapport de situation sur l'épidémie de la Maladie à Virus Ebola (MVE) - 16 février 2021 [FR],2021-02-16,2,https://www.humanitarianresponse.info/sites/www.humanitarianresponse.info/files/documents/files/2021_02_16_sitrep_n2_epidemie_de_mve_2021_anss_guinee.pdf
Total,Cas Probables,0,4,2021-02-15,Guinée : Rapport de situation sur l'épidémie de la Maladie à Virus Ebola (MVE) - 16 février 2021 [FR],2021-02-16,2,https://www.humanitarianresponse.info/sites/www.humanitarianresponse.info/files/documents/files/2021_02_16_sitrep_n2_epidemie_de_mve_2021_anss_guinee.pdf
N’Zérékoré,Cas Suspects,0,0,2021-02-15,Guinée : Rapport de situation sur l'épidémie de la Maladie à Virus Ebola (MVE) - 16 février 2021 [FR],2021-02-16,2,https://www.humanitarianresponse.info/sites/www.humanitarianresponse.info/files/documents/files/2021_02_16_sitrep_n2_epidemie_de_mve_2021_anss_guinee.pdf
Ratoma (Conakry),Cas Suspects,0,0,2021-02-15,Guinée : Rapport de situation sur l'épidémie de la Maladie à Virus Ebola (MVE) - 16 février 2021 [FR],2021-02-16,2,https://www.humanitarianresponse.info/sites/www.humanitarianresponse.info/files/documents/files/2021_02_16_sitrep_n2_epidemie_de_mve_2021_anss_guinee.pdf
Total,Cas Suspects,0,0,2021-02-15,Guinée : Rapport de situation sur l'épidémie de la Maladie à Virus Ebola (MVE) - 16 février 2021 [FR],2021-02-16,2,https://www.humanitarianresponse.info/sites/www.humanitarianresponse.info/files/documents/files/2021_02_16_sitrep_n2_epidemie_de_mve_2021_anss_guinee.pdf
N’Zérékoré,Cas Confirmés,0,3,2021-02-16,Guinée : Rapport de situation sur l'épidémie de la Maladie à Virus Ebola (MVE) - 17 février 2021 [FR],2021-02-17,3,https://www.humanitarianresponse.info/sites/www.humanitarianresponse.info/files/documents/files/2021_02_17_sitrep_n3_epidemie_de_mve_2021_anss_guinee._cou-spdocx.pdf
Ratoma (Conakry),Cas Confirmés,0,0,2021-02-16,Guinée : Rapport de situation sur l'épidémie de la Maladie à Virus Ebola (MVE) - 17 février 2021 [FR],2021-02-17,3,https://www.humanitarianresponse.info/sites/www.humanitarianresponse.info/files/documents/files/2021_02_17_sitrep_n3_epidemie_de_mve_2021_anss_guinee._cou-spdocx.pdf
Total,Cas Confirmés,0,3,2021-02-16,Guinée : Rapport de situation sur l'épidémie de la Maladie à Virus Ebola (MVE) - 17 février 2021 [FR],2021-02-17,3,https://www.humanitarianresponse.info/sites/www.humanitarianresponse.info/files/documents/files/2021_02_17_sitrep_n3_epidemie_de_mve_2021_anss_guinee._cou-spdocx.pdf
N’Zérékoré,Cas Probables,0,4,2021-02-16,Guinée : Rapport de situation sur l'épidémie de la Maladie à Virus Ebola (MVE) - 17 février 2021 [FR],2021-02-17,3,https://www.humanitarianresponse.info/sites/www.humanitarianresponse.info/files/documents/files/2021_02_17_sitrep_n3_epidemie_de_mve_2021_anss_guinee._cou-spdocx.pdf
Ratoma (Conakry),Cas Probables,0,0,2021-02-16,Guinée : Rapport de situation sur l'épidémie de la Maladie à Virus Ebola (MVE) - 17 février 2021 [FR],2021-02-17,3,https://www.humanitarianresponse.info/sites/www.humanitarianresponse.info/files/documents/files/2021_02_17_sitrep_n3_epidemie_de_mve_2021_anss_guinee._cou-spdocx.pdf
Total,Cas Probables,0,4,2021-02-16,Guinée : Rapport de situation sur l'épidémie de la Maladie à Virus Ebola (MVE) - 17 février 2021 [FR],2021-02-17,3,https://www.humanitarianresponse.info/sites/www.humanitarianresponse.info/files/documents/files/2021_02_17_sitrep_n3_epidemie_de_mve_2021_anss_guinee._cou-spdocx.pdf
N’Zérékoré,Cas Suspects,0,0,2021-02-16,Guinée : Rapport de situation sur l'épidémie de la Maladie à Virus Ebola (MVE) - 17 février 2021 [FR],2021-02-17,3,https://www.humanitarianresponse.info/sites/www.humanitarianresponse.info/files/documents/files/2021_02_17_sitrep_n3_epidemie_de_mve_2021_anss_guinee._cou-spdocx.pdf
Ratoma (Conakry),Cas Suspects,0,0,2021-02-16,Guinée : Rapport de situation sur l'épidémie de la Maladie à Virus Ebola (MVE) - 17 février 2021 [FR],2021-02-17,3,https://www.humanitarianresponse.info/sites/www.humanitarianresponse.info/files/documents/files/2021_02_17_sitrep_n3_epidemie_de_mve_2021_anss_guinee._cou-spdocx.pdf
Total,Cas Suspects,0,0,2021-02-16,Guinée : Rapport de situation sur l'épidémie de la Maladie à Virus Ebola (MVE) - 17 février 2021 [FR],2021-02-17,3,https://www.humanitarianresponse.info/sites/www.humanitarianresponse.info/files/documents/files/2021_02_17_sitrep_n3_epidemie_de_mve_2021_anss_guinee._cou-spdocx.pdf
N’Zérékoré,Cas Confirmés,0,3,2021-02-17,Guinée : Rapport de situation sur l'épidémie de la Maladie à Virus Ebola (MVE) - 18 février 2021 [FR],2021-02-18,4,https://www.humanitarianresponse.info/sites/www.humanitarianresponse.info/files/documents/files/2021_02_18_sitrep_n4_epidemie_de_mve_2021_anss_guinee.pdf
Ratoma (Conakry),Cas Confirmés,0,0,2021-02-17,Guinée : Rapport de situation sur l'épidémie de la Maladie à Virus Ebola (MVE) - 18 février 2021 [FR],2021-02-18,4,https://www.humanitarianresponse.info/sites/www.humanitarianresponse.info/files/documents/files/2021_02_18_sitrep_n4_epidemie_de_mve_2021_anss_guinee.pdf
Total,Cas Confirmés,0,3,2021-02-17,Guinée : Rapport de situation sur l'épidémie de la Maladie à Virus Ebola (MVE) - 18 février 2021 [FR],2021-02-18,4,https://www.humanitarianresponse.info/sites/www.humanitarianresponse.info/files/documents/files/2021_02_18_sitrep_n4_epidemie_de_mve_2021_anss_guinee.pdf
N’Zérékoré,Cas Probables,0,4,2021-02-17,Guinée : Rapport de situation sur l'épidémie de la Maladie à Virus Ebola (MVE) - 18 février 2021 [FR],2021-02-18,4,https://www.humanitarianresponse.info/sites/www.humanitarianresponse.info/files/documents/files/2021_02_18_sitrep_n4_epidemie_de_mve_2021_anss_guinee.pdf
Ratoma (Conakry),Cas Probables,0,0,2021-02-17,Guinée : Rapport de situation sur l'épidémie de la Maladie à Virus Ebola (MVE) - 18 février 2021 [FR],2021-02-18,4,https://www.humanitarianresponse.info/sites/www.humanitarianresponse.info/files/documents/files/2021_02_18_sitrep_n4_epidemie_de_mve_2021_anss_guinee.pdf
Total,Cas Probables,0,4,2021-02-17,Guinée : Rapport de situation sur l'épidémie de la Maladie à Virus Ebola (MVE) - 18 février 2021 [FR],2021-02-18,4,https://www.humanitarianresponse.info/sites/www.humanitarianresponse.info/files/documents/files/2021_02_18_sitrep_n4_epidemie_de_mve_2021_anss_guinee.pdf
N’Zérékoré,Cas Suspects,1,1,2021-02-17,Guinée : Rapport de situation sur l'épidémie de la Maladie à Virus Ebola (MVE) - 18 février 2021 [FR],2021-02-18,4,https://www.humanitarianresponse.info/sites/www.humanitarianresponse.info/files/documents/files/2021_02_18_sitrep_n4_epidemie_de_mve_2021_anss_guinee.pdf
Ratoma (Conakry),Cas Suspects,0,0,2021-02-17,Guinée : Rapport de situation sur l'épidémie de la Maladie à Virus Ebola (MVE) - 18 février 2021 [FR],2021-02-18,4,https://www.humanitarianresponse.info/sites/www.humanitarianresponse.info/files/documents/files/2021_02_18_sitrep_n4_epidemie_de_mve_2021_anss_guinee.pdf
Total,Cas Suspects,1,1,2021-02-17,Guinée : Rapport de situation sur l'épidémie de la Maladie à Virus Ebola (MVE) - 18 février 2021 [FR],2021-02-18,4,https://www.humanitarianresponse.info/sites/www.humanitarianresponse.info/files/documents/files/2021_02_18_sitrep_n4_epidemie_de_mve_2021_anss_guinee.pdf
N’Zérékoré,Cas Confirmés,0,3,2021-02-18,Guinée : Rapport de situation sur l'épidémie de la Maladie à Virus Ebola (MVE) - 19 février 2021 [FR],2021-02-19,5,https://www.humanitarianresponse.info/sites/www.humanitarianresponse.info/files/documents/files/2021_02_19_sitrep_n5_epidemie_de_mve_2021_anss_guinee_.pdf
Ratoma (Conakry),Cas Confirmés,0,0,2021-02-18,Guinée : Rapport de situation sur l'épidémie de la Maladie à Virus Ebola (MVE) - 19 février 2021 [FR],2021-02-19,5,https://www.humanitarianresponse.info/sites/www.humanitarianresponse.info/files/documents/files/2021_02_19_sitrep_n5_epidemie_de_mve_2021_anss_guinee_.pdf
Total,Cas Confirmés,0,3,2021-02-18,Guinée : Rapport de situation sur l'épidémie de la Maladie à Virus Ebola (MVE) - 19 février 2021 [FR],2021-02-19,5,https://www.humanitarianresponse.info/sites/www.humanitarianresponse.info/files/documents/files/2021_02_19_sitrep_n5_epidemie_de_mve_2021_anss_guinee_.pdf
N’Zérékoré,Cas Probables,0,4,2021-02-18,Guinée : Rapport de situation sur l'épidémie de la Maladie à Virus Ebola (MVE) - 19 février 2021 [FR],2021-02-19,5,https://www.humanitarianresponse.info/sites/www.humanitarianresponse.info/files/documents/files/2021_02_19_sitrep_n5_epidemie_de_mve_2021_anss_guinee_.pdf
Ratoma (Conakry),Cas Probables,0,0,2021-02-18,Guinée : Rapport de situation sur l'épidémie de la Maladie à Virus Ebola (MVE) - 19 février 2021 [FR],2021-02-19,5,https://www.humanitarianresponse.info/sites/www.humanitarianresponse.info/files/documents/files/2021_02_19_sitrep_n5_epidemie_de_mve_2021_anss_guinee_.pdf
Total,Cas Probables,0,4,2021-02-18,Guinée : Rapport de situation sur l'épidémie de la Maladie à Virus Ebola (MVE) - 19 février 2021 [FR],2021-02-19,5,https://www.humanitarianresponse.info/sites/www.humanitarianresponse.info/files/documents/files/2021_02_19_sitrep_n5_epidemie_de_mve_2021_anss_guinee_.pdf
N’Zérékoré,Cas Suspects,0,1,2021-02-18,Guinée : Rapport de situation sur l'épidémie de la Maladie à Virus Ebola (MVE) - 19 février 2021 [FR],2021-02-19,5,https://www.humanitarianresponse.info/sites/www.humanitarianresponse.info/files/documents/files/2021_02_19_sitrep_n5_epidemie_de_mve_2021_anss_guinee_.pdf
Ratoma (Conakry),Cas Suspects,0,0,2021-02-18,Guinée : Rapport de situation sur l'épidémie de la Maladie à Virus Ebola (MVE) - 19 février 2021 [FR],2021-02-19,5,https://www.humanitarianresponse.info/sites/www.humanitarianresponse.info/files/documents/files/2021_02_19_sitrep_n5_epidemie_de_mve_2021_anss_guinee_.pdf
Total,Cas Suspects,0,1,2021-02-18,Guinée : Rapport de situation sur l'épidémie de la Maladie à Virus Ebola (MVE) - 19 février 2021 [FR],2021-02-19,5,https://www.humanitarianresponse.info/sites/www.humanitarianresponse.info/files/documents/files/2021_02_19_sitrep_n5_epidemie_de_mve_2021_anss_guinee_.pdf
N’Zérékoré,Cas Confirmés,0,3,2021-02-19,Guinée : Rapport de situation sur l'épidémie de la Maladie à Virus Ebola (MVE) - 20 février 2021 [FR],2021-02-20,6,https://www.humanitarianresponse.info/sites/www.humanitarianresponse.info/files/documents/files/2021_02_20_sitrep_n6_epidemie_de_mve_2021_anss_guinee.pdf
Ratoma (Conakry),Cas Confirmés,0,0,2021-02-19,Guinée : Rapport de situation sur l'épidémie de la Maladie à Virus Ebola (MVE) - 20 février 2021 [FR],2021-02-20,6,https://www.humanitarianresponse.info/sites/www.humanitarianresponse.info/files/documents/files/2021_02_20_sitrep_n6_epidemie_de_mve_2021_anss_guinee.pdf
Total,Cas Confirmés,0,3,2021-02-19,Guinée : Rapport de situation sur l'épidémie de la Maladie à Virus Ebola (MVE) - 20 février 2021 [FR],2021-02-20,6,https://www.humanitarianresponse.info/sites/www.humanitarianresponse.info/files/documents/files/2021_02_20_sitrep_n6_epidemie_de_mve_2021_anss_guinee.pdf
N’Zérékoré,Cas Probables,0,4,2021-02-19,Guinée : Rapport de situation sur l'épidémie de la Maladie à Virus Ebola (MVE) - 20 février 2021 [FR],2021-02-20,6,https://www.humanitarianresponse.info/sites/www.humanitarianresponse.info/files/documents/files/2021_02_20_sitrep_n6_epidemie_de_mve_2021_anss_guinee.pdf
Ratoma (Conakry),Cas Probables,0,0,2021-02-19,Guinée : Rapport de situation sur l'épidémie de la Maladie à Virus Ebola (MVE) - 20 février 2021 [FR],2021-02-20,6,https://www.humanitarianresponse.info/sites/www.humanitarianresponse.info/files/documents/files/2021_02_20_sitrep_n6_epidemie_de_mve_2021_anss_guinee.pdf
Total,Cas Probables,0,4,2021-02-19,Guinée : Rapport de situation sur l'épidémie de la Maladie à Virus Ebola (MVE) - 20 février 2021 [FR],2021-02-20,6,https://www.humanitarianresponse.info/sites/www.humanitarianresponse.info/files/documents/files/2021_02_20_sitrep_n6_epidemie_de_mve_2021_anss_guinee.pdf
N’Zérékoré,Cas Suspects,3,4,2021-02-19,Guinée : Rapport de situation sur l'épidémie de la Maladie à Virus Ebola (MVE) - 20 février 2021 [FR],2021-02-20,6,https://www.humanitarianresponse.info/sites/www.humanitarianresponse.info/files/documents/files/2021_02_20_sitrep_n6_epidemie_de_mve_2021_anss_guinee.pdf
Ratoma (Conakry),Cas Suspects,0,0,2021-02-19,Guinée : Rapport de situation sur l'épidémie de la Maladie à Virus Ebola (MVE) - 20 février 2021 [FR],2021-02-20,6,https://www.humanitarianresponse.info/sites/www.humanitarianresponse.info/files/documents/files/2021_02_20_sitrep_n6_epidemie_de_mve_2021_anss_guinee.pdf
Total,Cas Suspects,3,4,2021-02-19,Guinée : Rapport de situation sur l'épidémie de la Maladie à Virus Ebola (MVE) - 20 février 2021 [FR],2021-02-20,6,https://www.humanitarianresponse.info/sites/www.humanitarianresponse.info/files/documents/files/2021_02_20_sitrep_n6_epidemie_de_mve_2021_anss_guinee.pdf
N’Zérékoré,Cas Confirmés,1,3,2021-02-20,Guinée : Rapport de situation sur l'épidémie de la Maladie à Virus Ebola (MVE) - 21 février 2021 [FR],2021-02-21,7,https://www.humanitarianresponse.info/sites/www.humanitarianresponse.info/files/documents/files/2021_02_21_sitrep_n7_epidemie_de_mve_2021_anss_guinee.pdf
Ratoma (Conakry),Cas Confirmés,0,0,2021-02-20,Guinée : Rapport de situation sur l'épidémie de la Maladie à Virus Ebola (MVE) - 21 février 2021 [FR],2021-02-21,7,https://www.humanitarianresponse.info/sites/www.humanitarianresponse.info/files/documents/files/2021_02_21_sitrep_n7_epidemie_de_mve_2021_anss_guinee.pdf
Total,Cas Confirmés,0,4,2021-02-20,Guinée : Rapport de situation sur l'épidémie de la Maladie à Virus Ebola (MVE) - 21 février 2021 [FR],2021-02-21,7,https://www.humanitarianresponse.info/sites/www.humanitarianresponse.info/files/documents/files/2021_02_21_sitrep_n7_epidemie_de_mve_2021_anss_guinee.pdf
N’Zérékoré,Cas Probables,0,4,2021-02-20,Guinée : Rapport de situation sur l'épidémie de la Maladie à Virus Ebola (MVE) - 21 février 2021 [FR],2021-02-21,7,https://www.humanitarianresponse.info/sites/www.humanitarianresponse.info/files/documents/files/2021_02_21_sitrep_n7_epidemie_de_mve_2021_anss_guinee.pdf
Ratoma (Conakry),Cas Probables,0,0,2021-02-20,Guinée : Rapport de situation sur l'épidémie de la Maladie à Virus Ebola (MVE) - 21 février 2021 [FR],2021-02-21,7,https://www.humanitarianresponse.info/sites/www.humanitarianresponse.info/files/documents/files/2021_02_21_sitrep_n7_epidemie_de_mve_2021_anss_guinee.pdf
Total,Cas Probables,0,4,2021-02-20,Guinée : Rapport de situation sur l'épidémie de la Maladie à Virus Ebola (MVE) - 21 février 2021 [FR],2021-02-21,7,https://www.humanitarianresponse.info/sites/www.humanitarianresponse.info/files/documents/files/2021_02_21_sitrep_n7_epidemie_de_mve_2021_anss_guinee.pdf
N’Zérékoré,Cas Suspects,0,1,2021-02-20,Guinée : Rapport de situation sur l'épidémie de la Maladie à Virus Ebola (MVE) - 21 février 2021 [FR],2021-02-21,7,https://www.humanitarianresponse.info/sites/www.humanitarianresponse.info/files/documents/files/2021_02_21_sitrep_n7_epidemie_de_mve_2021_anss_guinee.pdf
Ratoma (Conakry),Cas Suspects,1,1,2021-02-20,Guinée : Rapport de situation sur l'épidémie de la Maladie à Virus Ebola (MVE) - 21 février 2021 [FR],2021-02-21,7,https://www.humanitarianresponse.info/sites/www.humanitarianresponse.info/files/documents/files/2021_02_21_sitrep_n7_epidemie_de_mve_2021_anss_guinee.pdf
Total,Cas Suspects,1,2,2021-02-20,Guinée : Rapport de situation sur l'épidémie de la Maladie à Virus Ebola (MVE) - 21 février 2021 [FR],2021-02-21,7,https://www.humanitarianresponse.info/sites/www.humanitarianresponse.info/files/documents/files/2021_02_21_sitrep_n7_epidemie_de_mve_2021_anss_guinee.pdf
N’Zérékoré,Cas Confirmés,0,4,2021-02-21,Guinée : Rapport de situation sur l'épidémie de la Maladie à Virus Ebola (MVE) - 22 février 2021 [FR],2021-02-22,8,https://www.humanitarianresponse.info/sites/www.humanitarianresponse.info/files/documents/files/2021_02_22_sitrep_n8_epidemie_de_mve_2021_anss_guinee.pdf
Ratoma (Conakry),Cas Confirmés,0,0,2021-02-21,Guinée : Rapport de situation sur l'épidémie de la Maladie à Virus Ebola (MVE) - 22 février 2021 [FR],2021-02-22,8,https://www.humanitarianresponse.info/sites/www.humanitarianresponse.info/files/documents/files/2021_02_22_sitrep_n8_epidemie_de_mve_2021_anss_guinee.pdf
Total,Cas Confirmés,0,4,2021-02-21,Guinée : Rapport de situation sur l'épidémie de la Maladie à Virus Ebola (MVE) - 22 février 2021 [FR],2021-02-22,8,https://www.humanitarianresponse.info/sites/www.humanitarianresponse.info/files/documents/files/2021_02_22_sitrep_n8_epidemie_de_mve_2021_anss_guinee.pdf
N’Zérékoré,Cas Probables,0,4,2021-02-21,Guinée : Rapport de situation sur l'épidémie de la Maladie à Virus Ebola (MVE) - 22 février 2021 [FR],2021-02-22,8,https://www.humanitarianresponse.info/sites/www.humanitarianresponse.info/files/documents/files/2021_02_22_sitrep_n8_epidemie_de_mve_2021_anss_guinee.pdf
Ratoma (Conakry),Cas Probables,0,0,2021-02-21,Guinée : Rapport de situation sur l'épidémie de la Maladie à Virus Ebola (MVE) - 22 février 2021 [FR],2021-02-22,8,https://www.humanitarianresponse.info/sites/www.humanitarianresponse.info/files/documents/files/2021_02_22_sitrep_n8_epidemie_de_mve_2021_anss_guinee.pdf
Total,Cas Probables,0,4,2021-02-21,Guinée : Rapport de situation sur l'épidémie de la Maladie à Virus Ebola (MVE) - 22 février 2021 [FR],2021-02-22,8,https://www.humanitarianresponse.info/sites/www.humanitarianresponse.info/files/documents/files/2021_02_22_sitrep_n8_epidemie_de_mve_2021_anss_guinee.pdf
N’Zérékoré,Cas Suspects,1,2,2021-02-21,Guinée : Rapport de situation sur l'épidémie de la Maladie à Virus Ebola (MVE) - 22 février 2021 [FR],2021-02-22,8,https://www.humanitarianresponse.info/sites/www.humanitarianresponse.info/files/documents/files/2021_02_22_sitrep_n8_epidemie_de_mve_2021_anss_guinee.pdf
Ratoma (Conakry),Cas Suspects,0,0,2021-02-21,Guinée : Rapport de situation sur l'épidémie de la Maladie à Virus Ebola (MVE) - 22 février 2021 [FR],2021-02-22,8,https://www.humanitarianresponse.info/sites/www.humanitarianresponse.info/files/documents/files/2021_02_22_sitrep_n8_epidemie_de_mve_2021_anss_guinee.pdf
Total,Cas Suspects,1,2,2021-02-21,Guinée : Rapport de situation sur l'épidémie de la Maladie à Virus Ebola (MVE) - 22 février 2021 [FR],2021-02-22,8,https://www.humanitarianresponse.info/sites/www.humanitarianresponse.info/files/documents/files/2021_02_22_sitrep_n8_epidemie_de_mve_2021_anss_guinee.pdf
N’Zérékoré,Cas Confirmés,0,4,2021-02-22,Guinée : Rapport de situation sur l'épidémie de la Maladie à Virus Ebola (MVE) - 23 février 2021 [FR],2021-02-23,9,https://www.humanitarianresponse.info/sites/www.humanitarianresponse.info/files/documents/files/2021_02_23_sitrep_n9_epidemie_de_mve_2021_anss_guinee_9i.pdf
Ratoma (Conakry),Cas Confirmés,0,0,2021-02-22,Guinée : Rapport de situation sur l'épidémie de la Maladie à Virus Ebola (MVE) - 23 février 2021 [FR],2021-02-23,9,https://www.humanitarianresponse.info/sites/www.humanitarianresponse.info/files/documents/files/2021_02_23_sitrep_n9_epidemie_de_mve_2021_anss_guinee_9i.pdf
Total,Cas Confirmés,0,4,2021-02-22,Guinée : Rapport de situation sur l'épidémie de la Maladie à Virus Ebola (MVE) - 23 février 2021 [FR],2021-02-23,9,https://www.humanitarianresponse.info/sites/www.humanitarianresponse.info/files/documents/files/2021_02_23_sitrep_n9_epidemie_de_mve_2021_anss_guinee_9i.pdf
N’Zérékoré,Cas Probables,0,5,2021-02-22,Guinée : Rapport de situation sur l'épidémie de la Maladie à Virus Ebola (MVE) - 23 février 2021 [FR],2021-02-23,9,https://www.humanitarianresponse.info/sites/www.humanitarianresponse.info/files/documents/files/2021_02_23_sitrep_n9_epidemie_de_mve_2021_anss_guinee_9i.pdf
Ratoma (Conakry),Cas Probables,0,0,2021-02-22,Guinée : Rapport de situation sur l'épidémie de la Maladie à Virus Ebola (MVE) - 23 février 2021 [FR],2021-02-23,9,https://www.humanitarianresponse.info/sites/www.humanitarianresponse.info/files/documents/files/2021_02_23_sitrep_n9_epidemie_de_mve_2021_anss_guinee_9i.pdf
Total,Cas Probables,0,5,2021-02-22,Guinée : Rapport de situation sur l'épidémie de la Maladie à Virus Ebola (MVE) - 23 février 2021 [FR],2021-02-23,9,https://www.humanitarianresponse.info/sites/www.humanitarianresponse.info/files/documents/files/2021_02_23_sitrep_n9_epidemie_de_mve_2021_anss_guinee_9i.pdf
N’Zérékoré,Cas Suspects,0,0,2021-02-22,Guinée : Rapport de situation sur l'épidémie de la Maladie à Virus Ebola (MVE) - 23 février 2021 [FR],2021-02-23,9,https://www.humanitarianresponse.info/sites/www.humanitarianresponse.info/files/documents/files/2021_02_23_sitrep_n9_epidemie_de_mve_2021_anss_guinee_9i.pdf
Ratoma (Conakry),Cas Suspects,0,0,2021-02-22,Guinée : Rapport de situation sur l'épidémie de la Maladie à Virus Ebola (MVE) - 23 février 2021 [FR],2021-02-23,9,https://www.humanitarianresponse.info/sites/www.humanitarianresponse.info/files/documents/files/2021_02_23_sitrep_n9_epidemie_de_mve_2021_anss_guinee_9i.pdf
Total,Cas Suspects,0,0,2021-02-22,Guinée : Rapport de situation sur l'épidémie de la Maladie à Virus Ebola (MVE) - 23 février 2021 [FR],2021-02-23,9,https://www.humanitarianresponse.info/sites/www.humanitarianresponse.info/files/documents/files/2021_02_23_sitrep_n9_epidemie_de_mve_2021_anss_guinee_9i.pdf
N’Zérékoré,Cas Confirmés,0,5,2021-02-24,Guinée : Rapport de situation sur l'épidémie de la Maladie à Virus Ebola (MVE) - 25 février 2021 [FR],2021-02-25,11,https://www.humanitarianresponse.info/sites/www.humanitarianresponse.info/files/documents/files/2021_02_25_sitrep_n11_epidemie_de_mve_2021_anss_guinee_11_vf1_0.pdf
Ratoma (Conakry),Cas Confirmés,0,0,2021-02-24,Guinée : Rapport de situation sur l'épidémie de la Maladie à Virus Ebola (MVE) - 25 février 2021 [FR],2021-02-25,11,https://www.humanitarianresponse.info/sites/www.humanitarianresponse.info/files/documents/files/2021_02_25_sitrep_n11_epidemie_de_mve_2021_anss_guinee_11_vf1_0.pdf
Total,Cas Confirmés,0,5,2021-02-24,Guinée : Rapport de situation sur l'épidémie de la Maladie à Virus Ebola (MVE) - 25 février 2021 [FR],2021-02-25,11,https://www.humanitarianresponse.info/sites/www.humanitarianresponse.info/files/documents/files/2021_02_25_sitrep_n11_epidemie_de_mve_2021_anss_guinee_11_vf1_0.pdf
N’Zérékoré,Cas Probables,0,4,2021-02-24,Guinée : Rapport de situation sur l'épidémie de la Maladie à Virus Ebola (MVE) - 25 février 2021 [FR],2021-02-25,11,https://www.humanitarianresponse.info/sites/www.humanitarianresponse.info/files/documents/files/2021_02_25_sitrep_n11_epidemie_de_mve_2021_anss_guinee_11_vf1_0.pdf
Ratoma (Conakry),Cas Probables,0,0,2021-02-24,Guinée : Rapport de situation sur l'épidémie de la Maladie à Virus Ebola (MVE) - 25 février 2021 [FR],2021-02-25,11,https://www.humanitarianresponse.info/sites/www.humanitarianresponse.info/files/documents/files/2021_02_25_sitrep_n11_epidemie_de_mve_2021_anss_guinee_11_vf1_0.pdf
Total,Cas Probables,0,4,2021-02-24,Guinée : Rapport de situation sur l'épidémie de la Maladie à Virus Ebola (MVE) - 25 février 2021 [FR],2021-02-25,11,https://www.humanitarianresponse.info/sites/www.humanitarianresponse.info/files/documents/files/2021_02_25_sitrep_n11_epidemie_de_mve_2021_anss_guinee_11_vf1_0.pdf
N’Zérékoré,Cas Suspects,6,6,2021-02-24,Guinée : Rapport de situation sur l'épidémie de la Maladie à Virus Ebola (MVE) - 25 février 2021 [FR],2021-02-25,11,https://www.humanitarianresponse.info/sites/www.humanitarianresponse.info/files/documents/files/2021_02_25_sitrep_n11_epidemie_de_mve_2021_anss_guinee_11_vf1_0.pdf
Ratoma (Conakry),Cas Suspects,0,0,2021-02-24,Guinée : Rapport de situation sur l'épidémie de la Maladie à Virus Ebola (MVE) - 25 février 2021 [FR],2021-02-25,11,https://www.humanitarianresponse.info/sites/www.humanitarianresponse.info/files/documents/files/2021_02_25_sitrep_n11_epidemie_de_mve_2021_anss_guinee_11_vf1_0.pdf
Total,Cas Suspects,6,6,2021-02-24,Guinée : Rapport de situation sur l'épidémie de la Maladie à Virus Ebola (MVE) - 25 février 2021 [FR],2021-02-25,11,https://www.humanitarianresponse.info/sites/www.humanitarianresponse.info/files/documents/files/2021_02_25_sitrep_n11_epidemie_de_mve_2021_anss_guinee_11_vf1_0.pdf
N’Zérékoré,Cas Confirmés,6,11,2021-02-25,Guinée : Rapport de situation n°12 sur l'épidémie de la Maladie à Virus Ebola (MVE) - 26 février 2021 [FR],2021-02-26,12,https://www.humanitarianresponse.info/sites/www.humanitarianresponse.info/files/documents/files/2021_02_26_sitrep_n12_epidemie_de_mve_2021_anss_guinee_12_vf.pdf
Ratoma (Conakry),Cas Confirmés,0,0,2021-02-25,Guinée : Rapport de situation n°12 sur l'épidémie de la Maladie à Virus Ebola (MVE) - 26 février 2021 [FR],2021-02-26,12,https://www.humanitarianresponse.info/sites/www.humanitarianresponse.info/files/documents/files/2021_02_26_sitrep_n12_epidemie_de_mve_2021_anss_guinee_12_vf.pdf
Total,Cas Confirmés,6,11,2021-02-25,Guinée : Rapport de situation n°12 sur l'épidémie de la Maladie à Virus Ebola (MVE) - 26 février 2021 [FR],2021-02-26,12,https://www.humanitarianresponse.info/sites/www.humanitarianresponse.info/files/documents/files/2021_02_26_sitrep_n12_epidemie_de_mve_2021_anss_guinee_12_vf.pdf
N’Zérékoré,Cas Probables,0,4,2021-02-25,Guinée : Rapport de situation n°12 sur l'épidémie de la Maladie à Virus Ebola (MVE) - 26 février 2021 [FR],2021-02-26,12,https://www.humanitarianresponse.info/sites/www.humanitarianresponse.info/files/documents/files/2021_02_26_sitrep_n12_epidemie_de_mve_2021_anss_guinee_12_vf.pdf
Ratoma (Conakry),Cas Probables,0,0,2021-02-25,Guinée : Rapport de situation n°12 sur l'épidémie de la Maladie à Virus Ebola (MVE) - 26 février 2021 [FR],2021-02-26,12,https://www.humanitarianresponse.info/sites/www.humanitarianresponse.info/files/documents/files/2021_02_26_sitrep_n12_epidemie_de_mve_2021_anss_guinee_12_vf.pdf
Total,Cas Probables,0,4,2021-02-25,Guinée : Rapport de situation n°12 sur l'épidémie de la Maladie à Virus Ebola (MVE) - 26 février 2021 [FR],2021-02-26,12,https://www.humanitarianresponse.info/sites/www.humanitarianresponse.info/files/documents/files/2021_02_26_sitrep_n12_epidemie_de_mve_2021_anss_guinee_12_vf.pdf
N’Zérékoré,Cas Suspects,0,0,2021-02-25,Guinée : Rapport de situation n°12 sur l'épidémie de la Maladie à Virus Ebola (MVE) - 26 février 2021 [FR],2021-02-26,12,https://www.humanitarianresponse.info/sites/www.humanitarianresponse.info/files/documents/files/2021_02_26_sitrep_n12_epidemie_de_mve_2021_anss_guinee_12_vf.pdf
Ratoma (Conakry),Cas Suspects,0,0,2021-02-25,Guinée : Rapport de situation n°12 sur l'épidémie de la Maladie à Virus Ebola (MVE) - 26 février 2021 [FR],2021-02-26,12,https://www.humanitarianresponse.info/sites/www.humanitarianresponse.info/files/documents/files/2021_02_26_sitrep_n12_epidemie_de_mve_2021_anss_guinee_12_vf.pdf
Total,Cas Suspects,0,0,2021-02-25,Guinée : Rapport de situation n°12 sur l'épidémie de la Maladie à Virus Ebola (MVE) - 26 février 2021 [FR],2021-02-26,12,https://www.humanitarianresponse.info/sites/www.humanitarianresponse.info/files/documents/files/2021_02_26_sitrep_n12_epidemie_de_mve_2021_anss_guinee_12_vf.pdf
N’Zérékoré,Cas Confirmés,0,11,2021-02-26,Guinée : Rapport de situation n°13 sur l'épidémie de la Maladie à Virus Ebola (MVE) - 27 février 2021 [FR],2021-02-27,13,https://www.humanitarianresponse.info/sites/www.humanitarianresponse.info/files/documents/files/2021_02_27_sitrep_n13_epidemie_de_mve_2021_anss_guinee_13_vf2_1.pdf
Ratoma (Conakry),Cas Confirmés,0,0,2021-02-26,Guinée : Rapport de situation n°13 sur l'épidémie de la Maladie à Virus Ebola (MVE) - 27 février 2021 [FR],2021-02-27,13,https://www.humanitarianresponse.info/sites/www.humanitarianresponse.info/files/documents/files/2021_02_27_sitrep_n13_epidemie_de_mve_2021_anss_guinee_13_vf2_1.pdf
Total,Cas Confirmés,0,11,2021-02-26,Guinée : Rapport de situation n°13 sur l'épidémie de la Maladie à Virus Ebola (MVE) - 27 février 2021 [FR],2021-02-27,13,https://www.humanitarianresponse.info/sites/www.humanitarianresponse.info/files/documents/files/2021_02_27_sitrep_n13_epidemie_de_mve_2021_anss_guinee_13_vf2_1.pdf
N’Zérékoré,Cas Probables,0,4,2021-02-26,Guinée : Rapport de situation n°13 sur l'épidémie de la Maladie à Virus Ebola (MVE) - 27 février 2021 [FR],2021-02-27,13,https://www.humanitarianresponse.info/sites/www.humanitarianresponse.info/files/documents/files/2021_02_27_sitrep_n13_epidemie_de_mve_2021_anss_guinee_13_vf2_1.pdf
Ratoma (Conakry),Cas Probables,0,0,2021-02-26,Guinée : Rapport de situation n°13 sur l'épidémie de la Maladie à Virus Ebola (MVE) - 27 février 2021 [FR],2021-02-27,13,https://www.humanitarianresponse.info/sites/www.humanitarianresponse.info/files/documents/files/2021_02_27_sitrep_n13_epidemie_de_mve_2021_anss_guinee_13_vf2_1.pdf
Total,Cas Probables,0,4,2021-02-26,Guinée : Rapport de situation n°13 sur l'épidémie de la Maladie à Virus Ebola (MVE) - 27 février 2021 [FR],2021-02-27,13,https://www.humanitarianresponse.info/sites/www.humanitarianresponse.info/files/documents/files/2021_02_27_sitrep_n13_epidemie_de_mve_2021_anss_guinee_13_vf2_1.pdf
N’Zérékoré,Cas Suspects,0,0,2021-02-26,Guinée : Rapport de situation n°13 sur l'épidémie de la Maladie à Virus Ebola (MVE) - 27 février 2021 [FR],2021-02-27,13,https://www.humanitarianresponse.info/sites/www.humanitarianresponse.info/files/documents/files/2021_02_27_sitrep_n13_epidemie_de_mve_2021_anss_guinee_13_vf2_1.pdf
Ratoma (Conakry),Cas Suspects,0,0,2021-02-26,Guinée : Rapport de situation n°13 sur l'épidémie de la Maladie à Virus Ebola (MVE) - 27 février 2021 [FR],2021-02-27,13,https://www.humanitarianresponse.info/sites/www.humanitarianresponse.info/files/documents/files/2021_02_27_sitrep_n13_epidemie_de_mve_2021_anss_guinee_13_vf2_1.pdf
Total,Cas Suspects,0,0,2021-02-26,Guinée : Rapport de situation n°13 sur l'épidémie de la Maladie à Virus Ebola (MVE) - 27 février 2021 [FR],2021-02-27,13,https://www.humanitarianresponse.info/sites/www.humanitarianresponse.info/files/documents/files/2021_02_27_sitrep_n13_epidemie_de_mve_2021_anss_guinee_13_vf2_1.pdf
N’Zérékoré,Cas Confirmés,2,13,2021-02-27,Guinée : Rapport de situation n°14 sur l'épidémie de la Maladie à Virus Ebola (MVE) - 28 février 2021 [FR],2021-02-28,14,https://www.humanitarianresponse.info/sites/www.humanitarianresponse.info/files/documents/files/2021_02_28_sitrep_n14_epidemie_de_mve_2021_anss_guinee_14_vf2_1c_3.pdf
Ratoma (Conakry),Cas Confirmés,0,0,2021-02-27,Guinée : Rapport de situation n°14 sur l'épidémie de la Maladie à Virus Ebola (MVE) - 28 février 2021 [FR],2021-02-28,14,https://www.humanitarianresponse.info/sites/www.humanitarianresponse.info/files/documents/files/2021_02_28_sitrep_n14_epidemie_de_mve_2021_anss_guinee_14_vf2_1c_3.pdf
Total,Cas Confirmés,2,13,2021-02-27,Guinée : Rapport de situation n°14 sur l'épidémie de la Maladie à Virus Ebola (MVE) - 28 février 2021 [FR],2021-02-28,14,https://www.humanitarianresponse.info/sites/www.humanitarianresponse.info/files/documents/files/2021_02_28_sitrep_n14_epidemie_de_mve_2021_anss_guinee_14_vf2_1c_3.pdf
N’Zérékoré,Cas Probables,0,4,2021-02-27,Guinée : Rapport de situation n°14 sur l'épidémie de la Maladie à Virus Ebola (MVE) - 28 février 2021 [FR],2021-02-28,14,https://www.humanitarianresponse.info/sites/www.humanitarianresponse.info/files/documents/files/2021_02_28_sitrep_n14_epidemie_de_mve_2021_anss_guinee_14_vf2_1c_3.pdf
Ratoma (Conakry),Cas Probables,0,0,2021-02-27,Guinée : Rapport de situation n°14 sur l'épidémie de la Maladie à Virus Ebola (MVE) - 28 février 2021 [FR],2021-02-28,14,https://www.humanitarianresponse.info/sites/www.humanitarianresponse.info/files/documents/files/2021_02_28_sitrep_n14_epidemie_de_mve_2021_anss_guinee_14_vf2_1c_3.pdf
Total,Cas Probables,0,4,2021-02-27,Guinée : Rapport de situation n°14 sur l'épidémie de la Maladie à Virus Ebola (MVE) - 28 février 2021 [FR],2021-02-28,14,https://www.humanitarianresponse.info/sites/www.humanitarianresponse.info/files/documents/files/2021_02_28_sitrep_n14_epidemie_de_mve_2021_anss_guinee_14_vf2_1c_3.pdf
N’Zérékoré,Cas Suspects,1,1,2021-02-27,Guinée : Rapport de situation n°14 sur l'épidémie de la Maladie à Virus Ebola (MVE) - 28 février 2021 [FR],2021-02-28,14,https://www.humanitarianresponse.info/sites/www.humanitarianresponse.info/files/documents/files/2021_02_28_sitrep_n14_epidemie_de_mve_2021_anss_guinee_14_vf2_1c_3.pdf
Ratoma (Conakry),Cas Suspects,0,0,2021-02-27,Guinée : Rapport de situation n°14 sur l'épidémie de la Maladie à Virus Ebola (MVE) - 28 février 2021 [FR],2021-02-28,14,https://www.humanitarianresponse.info/sites/www.humanitarianresponse.info/files/documents/files/2021_02_28_sitrep_n14_epidemie_de_mve_2021_anss_guinee_14_vf2_1c_3.pdf
Total,Cas Suspects,1,1,2021-02-27,Guinée : Rapport de situation n°14 sur l'épidémie de la Maladie à Virus Ebola (MVE) - 28 février 2021 [FR],2021-02-28,14,https://www.humanitarianresponse.info/sites/www.humanitarianresponse.info/files/documents/files/2021_02_28_sitrep_n14_epidemie_de_mve_2021_anss_guinee_14_vf2_1c_3.pdf
N’Zérékoré,Cas Confirmés,0,13,2021-02-28,Guinée : Rapport de situation n°15 sur l'épidémie de la Maladie à Virus Ebola (MVE) - 1 mars 2021 [FR],2021-03-01,15,https://www.humanitarianresponse.info/sites/www.humanitarianresponse.info/files/documents/files/2021_03_01_sitrep_n15_epidemie_de_mve_2021_anss_guinee_15_vf2_1c.pdf
Ratoma (Conakry),Cas Confirmés,0,0,2021-02-28,Guinée : Rapport de situation n°15 sur l'épidémie de la Maladie à Virus Ebola (MVE) - 1 mars 2021 [FR],2021-03-01,15,https://www.humanitarianresponse.info/sites/www.humanitarianresponse.info/files/documents/files/2021_03_01_sitrep_n15_epidemie_de_mve_2021_anss_guinee_15_vf2_1c.pdf
Total,Cas Confirmés,0,13,2021-02-28,Guinée : Rapport de situation n°15 sur l'épidémie de la Maladie à Virus Ebola (MVE) - 1 mars 2021 [FR],2021-03-01,15,https://www.humanitarianresponse.info/sites/www.humanitarianresponse.info/files/documents/files/2021_03_01_sitrep_n15_epidemie_de_mve_2021_anss_guinee_15_vf2_1c.pdf
N’Zérékoré,Cas Probables,0,4,2021-02-28,Guinée : Rapport de situation n°15 sur l'épidémie de la Maladie à Virus Ebola (MVE) - 1 mars 2021 [FR],2021-03-01,15,https://www.humanitarianresponse.info/sites/www.humanitarianresponse.info/files/documents/files/2021_03_01_sitrep_n15_epidemie_de_mve_2021_anss_guinee_15_vf2_1c.pdf
Ratoma (Conakry),Cas Probables,0,0,2021-02-28,Guinée : Rapport de situation n°15 sur l'épidémie de la Maladie à Virus Ebola (MVE) - 1 mars 2021 [FR],2021-03-01,15,https://www.humanitarianresponse.info/sites/www.humanitarianresponse.info/files/documents/files/2021_03_01_sitrep_n15_epidemie_de_mve_2021_anss_guinee_15_vf2_1c.pdf
Total,Cas Probables,0,4,2021-02-28,Guinée : Rapport de situation n°15 sur l'épidémie de la Maladie à Virus Ebola (MVE) - 1 mars 2021 [FR],2021-03-01,15,https://www.humanitarianresponse.info/sites/www.humanitarianresponse.info/files/documents/files/2021_03_01_sitrep_n15_epidemie_de_mve_2021_anss_guinee_15_vf2_1c.pdf
N’Zérékoré,Cas Suspects,0,0,2021-02-28,Guinée : Rapport de situation n°15 sur l'épidémie de la Maladie à Virus Ebola (MVE) - 1 mars 2021 [FR],2021-03-01,15,https://www.humanitarianresponse.info/sites/www.humanitarianresponse.info/files/documents/files/2021_03_01_sitrep_n15_epidemie_de_mve_2021_anss_guinee_15_vf2_1c.pdf
Ratoma (Conakry),Cas Suspects,0,0,2021-02-28,Guinée : Rapport de situation n°15 sur l'épidémie de la Maladie à Virus Ebola (MVE) - 1 mars 2021 [FR],2021-03-01,15,https://www.humanitarianresponse.info/sites/www.humanitarianresponse.info/files/documents/files/2021_03_01_sitrep_n15_epidemie_de_mve_2021_anss_guinee_15_vf2_1c.pdf
Total,Cas Suspects,0,0,2021-02-28,Guinée : Rapport de situation n°15 sur l'épidémie de la Maladie à Virus Ebola (MVE) - 1 mars 2021 [FR],2021-03-01,15,https://www.humanitarianresponse.info/sites/www.humanitarianresponse.info/files/documents/files/2021_03_01_sitrep_n15_epidemie_de_mve_2021_anss_guinee_15_vf2_1c.pdf
N’Zérékoré,Cas Confirmés,0,13,2021-03-01,Guinée : Rapport de situation n°16 sur l'épidémie de la Maladie à Virus Ebola (MVE) - 2 mars 2021 [FR],2021-03-02,16,https://www.humanitarianresponse.info/sites/www.humanitarianresponse.info/files/documents/files/2021_03_02_sitrep_n16_epidemie_de_mve_2021_anss_guinee_16_02-03-2021.pdf
Ratoma (Conakry),Cas Confirmés,0,0,2021-03-01,Guinée : Rapport de situation n°16 sur l'épidémie de la Maladie à Virus Ebola (MVE) - 2 mars 2021 [FR],2021-03-02,16,https://www.humanitarianresponse.info/sites/www.humanitarianresponse.info/files/documents/files/2021_03_02_sitrep_n16_epidemie_de_mve_2021_anss_guinee_16_02-03-2021.pdf
Total,Cas Confirmés,0,13,2021-03-01,Guinée : Rapport de situation n°16 sur l'épidémie de la Maladie à Virus Ebola (MVE) - 2 mars 2021 [FR],2021-03-02,16,https://www.humanitarianresponse.info/sites/www.humanitarianresponse.info/files/documents/files/2021_03_02_sitrep_n16_epidemie_de_mve_2021_anss_guinee_16_02-03-2021.pdf
N’Zérékoré,Cas Probables,0,4,2021-03-01,Guinée : Rapport de situation n°16 sur l'épidémie de la Maladie à Virus Ebola (MVE) - 2 mars 2021 [FR],2021-03-02,16,https://www.humanitarianresponse.info/sites/www.humanitarianresponse.info/files/documents/files/2021_03_02_sitrep_n16_epidemie_de_mve_2021_anss_guinee_16_02-03-2021.pdf
Ratoma (Conakry),Cas Probables,0,0,2021-03-01,Guinée : Rapport de situation n°16 sur l'épidémie de la Maladie à Virus Ebola (MVE) - 2 mars 2021 [FR],2021-03-02,16,https://www.humanitarianresponse.info/sites/www.humanitarianresponse.info/files/documents/files/2021_03_02_sitrep_n16_epidemie_de_mve_2021_anss_guinee_16_02-03-2021.pdf
Total,Cas Probables,0,4,2021-03-01,Guinée : Rapport de situation n°16 sur l'épidémie de la Maladie à Virus Ebola (MVE) - 2 mars 2021 [FR],2021-03-02,16,https://www.humanitarianresponse.info/sites/www.humanitarianresponse.info/files/documents/files/2021_03_02_sitrep_n16_epidemie_de_mve_2021_anss_guinee_16_02-03-2021.pdf
N’Zérékoré,Cas Suspects,1,2,2021-03-01,Guinée : Rapport de situation n°16 sur l'épidémie de la Maladie à Virus Ebola (MVE) - 2 mars 2021 [FR],2021-03-02,16,https://www.humanitarianresponse.info/sites/www.humanitarianresponse.info/files/documents/files/2021_03_02_sitrep_n16_epidemie_de_mve_2021_anss_guinee_16_02-03-2021.pdf
Ratoma (Conakry),Cas Suspects,0,0,2021-03-01,Guinée : Rapport de situation n°16 sur l'épidémie de la Maladie à Virus Ebola (MVE) - 2 mars 2021 [FR],2021-03-02,16,https://www.humanitarianresponse.info/sites/www.humanitarianresponse.info/files/documents/files/2021_03_02_sitrep_n16_epidemie_de_mve_2021_anss_guinee_16_02-03-2021.pdf
Total,Cas Suspects,1,2,2021-03-01,Guinée : Rapport de situation n°16 sur l'épidémie de la Maladie à Virus Ebola (MVE) - 2 mars 2021 [FR],2021-03-02,16,https://www.humanitarianresponse.info/sites/www.humanitarianresponse.info/files/documents/files/2021_03_02_sitrep_n16_epidemie_de_mve_2021_anss_guinee_16_02-03-2021.pdf
N’Zérékoré,Cas Confirmés,0,13,2021-03-02,Guinée : Rapport de situation n°17 sur l'épidémie de la Maladie à Virus Ebola (MVE) - 3 mars 2021 [FR],2021-03-03,17,https://www.humanitarianresponse.info/sites/www.humanitarianresponse.info/files/documents/files/2021_03_03_sitrep_n17_epidemie_de_mve_2021_anss_guinee_03-03-2021.pdf
Ratoma (Conakry),Cas Confirmés,0,0,2021-03-02,Guinée : Rapport de situation n°17 sur l'épidémie de la Maladie à Virus Ebola (MVE) - 3 mars 2021 [FR],2021-03-03,17,https://www.humanitarianresponse.info/sites/www.humanitarianresponse.info/files/documents/files/2021_03_03_sitrep_n17_epidemie_de_mve_2021_anss_guinee_03-03-2021.pdf
Total,Cas Confirmés,0,13,2021-03-02,Guinée : Rapport de situation n°17 sur l'épidémie de la Maladie à Virus Ebola (MVE) - 3 mars 2021 [FR],2021-03-03,17,https://www.humanitarianresponse.info/sites/www.humanitarianresponse.info/files/documents/files/2021_03_03_sitrep_n17_epidemie_de_mve_2021_anss_guinee_03-03-2021.pdf
N’Zérékoré,Cas Probables,0,4,2021-03-02,Guinée : Rapport de situation n°17 sur l'épidémie de la Maladie à Virus Ebola (MVE) - 3 mars 2021 [FR],2021-03-03,17,https://www.humanitarianresponse.info/sites/www.humanitarianresponse.info/files/documents/files/2021_03_03_sitrep_n17_epidemie_de_mve_2021_anss_guinee_03-03-2021.pdf
Ratoma (Conakry),Cas Probables,0,0,2021-03-02,Guinée : Rapport de situation n°17 sur l'épidémie de la Maladie à Virus Ebola (MVE) - 3 mars 2021 [FR],2021-03-03,17,https://www.humanitarianresponse.info/sites/www.humanitarianresponse.info/files/documents/files/2021_03_03_sitrep_n17_epidemie_de_mve_2021_anss_guinee_03-03-2021.pdf
Total,Cas Probables,0,4,2021-03-02,Guinée : Rapport de situation n°17 sur l'épidémie de la Maladie à Virus Ebola (MVE) - 3 mars 2021 [FR],2021-03-03,17,https://www.humanitarianresponse.info/sites/www.humanitarianresponse.info/files/documents/files/2021_03_03_sitrep_n17_epidemie_de_mve_2021_anss_guinee_03-03-2021.pdf
N’Zérékoré,Cas Suspects,0,2,2021-03-02,Guinée : Rapport de situation n°17 sur l'épidémie de la Maladie à Virus Ebola (MVE) - 3 mars 2021 [FR],2021-03-03,17,https://www.humanitarianresponse.info/sites/www.humanitarianresponse.info/files/documents/files/2021_03_03_sitrep_n17_epidemie_de_mve_2021_anss_guinee_03-03-2021.pdf
Ratoma (Conakry),Cas Suspects,0,0,2021-03-02,Guinée : Rapport de situation n°17 sur l'épidémie de la Maladie à Virus Ebola (MVE) - 3 mars 2021 [FR],2021-03-03,17,https://www.humanitarianresponse.info/sites/www.humanitarianresponse.info/files/documents/files/2021_03_03_sitrep_n17_epidemie_de_mve_2021_anss_guinee_03-03-2021.pdf
Total,Cas Suspects,0,2,2021-03-02,Guinée : Rapport de situation n°17 sur l'épidémie de la Maladie à Virus Ebola (MVE) - 3 mars 2021 [FR],2021-03-03,17,https://www.humanitarianresponse.info/sites/www.humanitarianresponse.info/files/documents/files/2021_03_03_sitrep_n17_epidemie_de_mve_2021_anss_guinee_03-03-2021.pdf
N’Zérékoré,Cas Confirmés,0,13,2021-03-03,Guinée : Rapport de situation n°18 sur l'épidémie de la Maladie à Virus Ebola (MVE) - 4 mars 2021 [FR],2021-03-04,18,https://www.humanitarianresponse.info/sites/www.humanitarianresponse.info/files/documents/files/2021_03_04_sitrep_n18_epidemie_de_mve_2021_anss_guinee_04-03-2021.pdf
Ratoma (Conakry),Cas Confirmés,0,0,2021-03-03,Guinée : Rapport de situation n°18 sur l'épidémie de la Maladie à Virus Ebola (MVE) - 4 mars 2021 [FR],2021-03-04,18,https://www.humanitarianresponse.info/sites/www.humanitarianresponse.info/files/documents/files/2021_03_04_sitrep_n18_epidemie_de_mve_2021_anss_guinee_04-03-2021.pdf
Total,Cas Confirmés,0,13,2021-03-03,Guinée : Rapport de situation n°18 sur l'épidémie de la Maladie à Virus Ebola (MVE) - 4 mars 2021 [FR],2021-03-04,18,https://www.humanitarianresponse.info/sites/www.humanitarianresponse.info/files/documents/files/2021_03_04_sitrep_n18_epidemie_de_mve_2021_anss_guinee_04-03-2021.pdf
N’Zérékoré,Cas Probables,0,4,2021-03-03,Guinée : Rapport de situation n°18 sur l'épidémie de la Maladie à Virus Ebola (MVE) - 4 mars 2021 [FR],2021-03-04,18,https://www.humanitarianresponse.info/sites/www.humanitarianresponse.info/files/documents/files/2021_03_04_sitrep_n18_epidemie_de_mve_2021_anss_guinee_04-03-2021.pdf
Ratoma (Conakry),Cas Probables,0,0,2021-03-03,Guinée : Rapport de situation n°18 sur l'épidémie de la Maladie à Virus Ebola (MVE) - 4 mars 2021 [FR],2021-03-04,18,https://www.humanitarianresponse.info/sites/www.humanitarianresponse.info/files/documents/files/2021_03_04_sitrep_n18_epidemie_de_mve_2021_anss_guinee_04-03-2021.pdf
Total,Cas Probables,0,4,2021-03-03,Guinée : Rapport de situation n°18 sur l'épidémie de la Maladie à Virus Ebola (MVE) - 4 mars 2021 [FR],2021-03-04,18,https://www.humanitarianresponse.info/sites/www.humanitarianresponse.info/files/documents/files/2021_03_04_sitrep_n18_epidemie_de_mve_2021_anss_guinee_04-03-2021.pdf
N’Zérékoré,Cas Suspects,0,0,2021-03-03,Guinée : Rapport de situation n°18 sur l'épidémie de la Maladie à Virus Ebola (MVE) - 4 mars 2021 [FR],2021-03-04,18,https://www.humanitarianresponse.info/sites/www.humanitarianresponse.info/files/documents/files/2021_03_04_sitrep_n18_epidemie_de_mve_2021_anss_guinee_04-03-2021.pdf
Ratoma (Conakry),Cas Suspects,0,0,2021-03-03,Guinée : Rapport de situation n°18 sur l'épidémie de la Maladie à Virus Ebola (MVE) - 4 mars 2021 [FR],2021-03-04,18,https://www.humanitarianresponse.info/sites/www.humanitarianresponse.info/files/documents/files/2021_03_04_sitrep_n18_epidemie_de_mve_2021_anss_guinee_04-03-2021.pdf
Total,Cas Suspects,0,0,2021-03-03,Guinée : Rapport de situation n°18 sur l'épidémie de la Maladie à Virus Ebola (MVE) - 4 mars 2021 [FR],2021-03-04,18,https://www.humanitarianresponse.info/sites/www.humanitarianresponse.info/files/documents/files/2021_03_04_sitrep_n18_epidemie_de_mve_2021_anss_guinee_04-03-2021.pdf
N’Zérékoré,Cas Confirmés,1,14,2021-03-04,Guinée : Rapport de situation n°19 sur l'épidémie de la Maladie à Virus Ebola (MVE) - 5 mars 2021 [FR],2021-03-05,19,https://www.humanitarianresponse.info/sites/www.humanitarianresponse.info/files/documents/files/2021_03_05_sitrep_n19_epidemie_de_mve_2021_anss_guinee_05-03-2021.pdf
Ratoma (Conakry),Cas Confirmés,0,0,2021-03-04,Guinée : Rapport de situation n°19 sur l'épidémie de la Maladie à Virus Ebola (MVE) - 5 mars 2021 [FR],2021-03-05,19,https://www.humanitarianresponse.info/sites/www.humanitarianresponse.info/files/documents/files/2021_03_05_sitrep_n19_epidemie_de_mve_2021_anss_guinee_05-03-2021.pdf
Total,Cas Confirmés,1,14,2021-03-04,Guinée : Rapport de situation n°19 sur l'épidémie de la Maladie à Virus Ebola (MVE) - 5 mars 2021 [FR],2021-03-05,19,https://www.humanitarianresponse.info/sites/www.humanitarianresponse.info/files/documents/files/2021_03_05_sitrep_n19_epidemie_de_mve_2021_anss_guinee_05-03-2021.pdf
N’Zérékoré,Cas Probables,0,4,2021-03-04,Guinée : Rapport de situation n°19 sur l'épidémie de la Maladie à Virus Ebola (MVE) - 5 mars 2021 [FR],2021-03-05,19,https://www.humanitarianresponse.info/sites/www.humanitarianresponse.info/files/documents/files/2021_03_05_sitrep_n19_epidemie_de_mve_2021_anss_guinee_05-03-2021.pdf
Ratoma (Conakry),Cas Probables,0,0,2021-03-04,Guinée : Rapport de situation n°19 sur l'épidémie de la Maladie à Virus Ebola (MVE) - 5 mars 2021 [FR],2021-03-05,19,https://www.humanitarianresponse.info/sites/www.humanitarianresponse.info/files/documents/files/2021_03_05_sitrep_n19_epidemie_de_mve_2021_anss_guinee_05-03-2021.pdf
Total,Cas Probables,0,4,2021-03-04,Guinée : Rapport de situation n°19 sur l'épidémie de la Maladie à Virus Ebola (MVE) - 5 mars 2021 [FR],2021-03-05,19,https://www.humanitarianresponse.info/sites/www.humanitarianresponse.info/files/documents/files/2021_03_05_sitrep_n19_epidemie_de_mve_2021_anss_guinee_05-03-2021.pdf
N’Zérékoré,Cas Suspects,3,3,2021-03-04,Guinée : Rapport de situation n°19 sur l'épidémie de la Maladie à Virus Ebola (MVE) - 5 mars 2021 [FR],2021-03-05,19,https://www.humanitarianresponse.info/sites/www.humanitarianresponse.info/files/documents/files/2021_03_05_sitrep_n19_epidemie_de_mve_2021_anss_guinee_05-03-2021.pdf
Ratoma (Conakry),Cas Suspects,0,0,2021-03-04,Guinée : Rapport de situation n°19 sur l'épidémie de la Maladie à Virus Ebola (MVE) - 5 mars 2021 [FR],2021-03-05,19,https://www.humanitarianresponse.info/sites/www.humanitarianresponse.info/files/documents/files/2021_03_05_sitrep_n19_epidemie_de_mve_2021_anss_guinee_05-03-2021.pdf
Total,Cas Suspects,3,3,2021-03-04,Guinée : Rapport de situation n°19 sur l'épidémie de la Maladie à Virus Ebola (MVE) - 5 mars 2021 [FR],2021-03-05,19,https://www.humanitarianresponse.info/sites/www.humanitarianresponse.info/files/documents/files/2021_03_05_sitrep_n19_epidemie_de_mve_2021_anss_guinee_05-03-2021.pdf
N’Zérékoré,Cas Confirmés,0,14,2021-03-05,Guinée : Rapport de situation n°20 sur l'épidémie de la Maladie à Virus Ebola (MVE) - 6 mars 2021 [FR],2021-03-06,20,https://www.humanitarianresponse.info/sites/www.humanitarianresponse.info/files/documents/files/2021_03_06_sitrep_n20_epidemie_de_mve_2021_anss_guinee_06-03-2021_.pdf
Ratoma (Conakry),Cas Confirmés,0,0,2021-03-05,Guinée : Rapport de situation n°20 sur l'épidémie de la Maladie à Virus Ebola (MVE) - 6 mars 2021 [FR],2021-03-06,20,https://www.humanitarianresponse.info/sites/www.humanitarianresponse.info/files/documents/files/2021_03_06_sitrep_n20_epidemie_de_mve_2021_anss_guinee_06-03-2021_.pdf
Total,Cas Confirmés,0,14,2021-03-05,Guinée : Rapport de situation n°20 sur l'épidémie de la Maladie à Virus Ebola (MVE) - 6 mars 2021 [FR],2021-03-06,20,https://www.humanitarianresponse.info/sites/www.humanitarianresponse.info/files/documents/files/2021_03_06_sitrep_n20_epidemie_de_mve_2021_anss_guinee_06-03-2021_.pdf
N’Zérékoré,Cas Probables,0,4,2021-03-05,Guinée : Rapport de situation n°20 sur l'épidémie de la Maladie à Virus Ebola (MVE) - 6 mars 2021 [FR],2021-03-06,20,https://www.humanitarianresponse.info/sites/www.humanitarianresponse.info/files/documents/files/2021_03_06_sitrep_n20_epidemie_de_mve_2021_anss_guinee_06-03-2021_.pdf
Ratoma (Conakry),Cas Probables,0,0,2021-03-05,Guinée : Rapport de situation n°20 sur l'épidémie de la Maladie à Virus Ebola (MVE) - 6 mars 2021 [FR],2021-03-06,20,https://www.humanitarianresponse.info/sites/www.humanitarianresponse.info/files/documents/files/2021_03_06_sitrep_n20_epidemie_de_mve_2021_anss_guinee_06-03-2021_.pdf
Total,Cas Probables,0,4,2021-03-05,Guinée : Rapport de situation n°20 sur l'épidémie de la Maladie à Virus Ebola (MVE) - 6 mars 2021 [FR],2021-03-06,20,https://www.humanitarianresponse.info/sites/www.humanitarianresponse.info/files/documents/files/2021_03_06_sitrep_n20_epidemie_de_mve_2021_anss_guinee_06-03-2021_.pdf
N’Zérékoré,Cas Suspects,0,3,2021-03-05,Guinée : Rapport de situation n°20 sur l'épidémie de la Maladie à Virus Ebola (MVE) - 6 mars 2021 [FR],2021-03-06,20,https://www.humanitarianresponse.info/sites/www.humanitarianresponse.info/files/documents/files/2021_03_06_sitrep_n20_epidemie_de_mve_2021_anss_guinee_06-03-2021_.pdf
Ratoma (Conakry),Cas Suspects,0,0,2021-03-05,Guinée : Rapport de situation n°20 sur l'épidémie de la Maladie à Virus Ebola (MVE) - 6 mars 2021 [FR],2021-03-06,20,https://www.humanitarianresponse.info/sites/www.humanitarianresponse.info/files/documents/files/2021_03_06_sitrep_n20_epidemie_de_mve_2021_anss_guinee_06-03-2021_.pdf
Total,Cas Suspects,0,3,2021-03-05,Guinée : Rapport de situation n°20 sur l'épidémie de la Maladie à Virus Ebola (MVE) - 6 mars 2021 [FR],2021-03-06,20,https://www.humanitarianresponse.info/sites/www.humanitarianresponse.info/files/documents/files/2021_03_06_sitrep_n20_epidemie_de_mve_2021_anss_guinee_06-03-2021_.pdf
N’Zérékoré,Cas Confirmés,0,14,2021-03-06,Guinée : Rapport de situation n°21 sur l'épidémie de la Maladie à Virus Ebola (MVE) - 7 mars 2021 [FR],2021-03-07,21,https://www.humanitarianresponse.info/sites/www.humanitarianresponse.info/files/documents/files/2021_03_07_sitrep_n21_epidemie_de_mve_2021_anss_guinee_07-03-2021.pdf
Ratoma (Conakry),Cas Confirmés,0,0,2021-03-06,Guinée : Rapport de situation n°21 sur l'épidémie de la Maladie à Virus Ebola (MVE) - 7 mars 2021 [FR],2021-03-07,21,https://www.humanitarianresponse.info/sites/www.humanitarianresponse.info/files/documents/files/2021_03_07_sitrep_n21_epidemie_de_mve_2021_anss_guinee_07-03-2021.pdf
Total,Cas Confirmés,0,14,2021-03-06,Guinée : Rapport de situation n°21 sur l'épidémie de la Maladie à Virus Ebola (MVE) - 7 mars 2021 [FR],2021-03-07,21,https://www.humanitarianresponse.info/sites/www.humanitarianresponse.info/files/documents/files/2021_03_07_sitrep_n21_epidemie_de_mve_2021_anss_guinee_07-03-2021.pdf
N’Zérékoré,Cas Probables,0,4,2021-03-06,Guinée : Rapport de situation n°21 sur l'épidémie de la Maladie à Virus Ebola (MVE) - 7 mars 2021 [FR],2021-03-07,21,https://www.humanitarianresponse.info/sites/www.humanitarianresponse.info/files/documents/files/2021_03_07_sitrep_n21_epidemie_de_mve_2021_anss_guinee_07-03-2021.pdf
Ratoma (Conakry),Cas Probables,0,0,2021-03-06,Guinée : Rapport de situation n°21 sur l'épidémie de la Maladie à Virus Ebola (MVE) - 7 mars 2021 [FR],2021-03-07,21,https://www.humanitarianresponse.info/sites/www.humanitarianresponse.info/files/documents/files/2021_03_07_sitrep_n21_epidemie_de_mve_2021_anss_guinee_07-03-2021.pdf
Total,Cas Probables,0,4,2021-03-06,Guinée : Rapport de situation n°21 sur l'épidémie de la Maladie à Virus Ebola (MVE) - 7 mars 2021 [FR],2021-03-07,21,https://www.humanitarianresponse.info/sites/www.humanitarianresponse.info/files/documents/files/2021_03_07_sitrep_n21_epidemie_de_mve_2021_anss_guinee_07-03-2021.pdf
N’Zérékoré,Cas Suspects,1,4,2021-03-06,Guinée : Rapport de situation n°21 sur l'épidémie de la Maladie à Virus Ebola (MVE) - 7 mars 2021 [FR],2021-03-07,21,https://www.humanitarianresponse.info/sites/www.humanitarianresponse.info/files/documents/files/2021_03_07_sitrep_n21_epidemie_de_mve_2021_anss_guinee_07-03-2021.pdf
Ratoma (Conakry),Cas Suspects,0,0,2021-03-06,Guinée : Rapport de situation n°21 sur l'épidémie de la Maladie à Virus Ebola (MVE) - 7 mars 2021 [FR],2021-03-07,21,https://www.humanitarianresponse.info/sites/www.humanitarianresponse.info/files/documents/files/2021_03_07_sitrep_n21_epidemie_de_mve_2021_anss_guinee_07-03-2021.pdf
Total,Cas Suspects,1,4,2021-03-06,Guinée : Rapport de situation n°21 sur l'épidémie de la Maladie à Virus Ebola (MVE) - 7 mars 2021 [FR],2021-03-07,21,https://www.humanitarianresponse.info/sites/www.humanitarianresponse.info/files/documents/files/2021_03_07_sitrep_n21_epidemie_de_mve_2021_anss_guinee_07-03-2021.pdf
N’Zérékoré,Cas Confirmés,0,14,2021-03-07,Guinée : Rapport de situation n°22 sur l'épidémie de la Maladie à Virus Ebola (MVE) - 8 mars 2021 [FR],2021-03-08,22,https://www.humanitarianresponse.info/sites/www.humanitarianresponse.info/files/documents/files/2021_03_08_sitrep_n22_epidemie_de_mve_2021_anss_guinee_08-03-2021.pdf
Ratoma (Conakry),Cas Confirmés,0,0,2021-03-07,Guinée : Rapport de situation n°22 sur l'épidémie de la Maladie à Virus Ebola (MVE) - 8 mars 2021 [FR],2021-03-08,22,https://www.humanitarianresponse.info/sites/www.humanitarianresponse.info/files/documents/files/2021_03_08_sitrep_n22_epidemie_de_mve_2021_anss_guinee_08-03-2021.pdf
Total,Cas Confirmés,0,14,2021-03-07,Guinée : Rapport de situation n°22 sur l'épidémie de la Maladie à Virus Ebola (MVE) - 8 mars 2021 [FR],2021-03-08,22,https://www.humanitarianresponse.info/sites/www.humanitarianresponse.info/files/documents/files/2021_03_08_sitrep_n22_epidemie_de_mve_2021_anss_guinee_08-03-2021.pdf
N’Zérékoré,Cas Probables,0,4,2021-03-07,Guinée : Rapport de situation n°22 sur l'épidémie de la Maladie à Virus Ebola (MVE) - 8 mars 2021 [FR],2021-03-08,22,https://www.humanitarianresponse.info/sites/www.humanitarianresponse.info/files/documents/files/2021_03_08_sitrep_n22_epidemie_de_mve_2021_anss_guinee_08-03-2021.pdf
Ratoma (Conakry),Cas Probables,0,0,2021-03-07,Guinée : Rapport de situation n°22 sur l'épidémie de la Maladie à Virus Ebola (MVE) - 8 mars 2021 [FR],2021-03-08,22,https://www.humanitarianresponse.info/sites/www.humanitarianresponse.info/files/documents/files/2021_03_08_sitrep_n22_epidemie_de_mve_2021_anss_guinee_08-03-2021.pdf
Total,Cas Probables,0,4,2021-03-07,Guinée : Rapport de situation n°22 sur l'épidémie de la Maladie à Virus Ebola (MVE) - 8 mars 2021 [FR],2021-03-08,22,https://www.humanitarianresponse.info/sites/www.humanitarianresponse.info/files/documents/files/2021_03_08_sitrep_n22_epidemie_de_mve_2021_anss_guinee_08-03-2021.pdf
N’Zérékoré,Cas Suspects,1,2,2021-03-07,Guinée : Rapport de situation n°22 sur l'épidémie de la Maladie à Virus Ebola (MVE) - 8 mars 2021 [FR],2021-03-08,22,https://www.humanitarianresponse.info/sites/www.humanitarianresponse.info/files/documents/files/2021_03_08_sitrep_n22_epidemie_de_mve_2021_anss_guinee_08-03-2021.pdf
Ratoma (Conakry),Cas Suspects,0,0,2021-03-07,Guinée : Rapport de situation n°22 sur l'épidémie de la Maladie à Virus Ebola (MVE) - 8 mars 2021 [FR],2021-03-08,22,https://www.humanitarianresponse.info/sites/www.humanitarianresponse.info/files/documents/files/2021_03_08_sitrep_n22_epidemie_de_mve_2021_anss_guinee_08-03-2021.pdf
Total,Cas Suspects,1,2,2021-03-07,Guinée : Rapport de situation n°22 sur l'épidémie de la Maladie à Virus Ebola (MVE) - 8 mars 2021 [FR],2021-03-08,22,https://www.humanitarianresponse.info/sites/www.humanitarianresponse.info/files/documents/files/2021_03_08_sitrep_n22_epidemie_de_mve_2021_anss_guinee_08-03-2021.pdf
N’Zérékoré,Cas Confirmés,0,14,2021-03-08,Guinée : Rapport de situation n°23 sur l'épidémie de la Maladie à Virus Ebola (MVE) - 9 mars 2021 [FR],2021-03-09,23,https://www.humanitarianresponse.info/sites/www.humanitarianresponse.info/files/documents/files/2021_03_09_sitrep_n23_epidemie_de_mve_2021_anss_guinee_09-03-2021.docx.pdf
Ratoma (Conakry),Cas Confirmés,0,0,2021-03-08,Guinée : Rapport de situation n°23 sur l'épidémie de la Maladie à Virus Ebola (MVE) - 9 mars 2021 [FR],2021-03-09,23,https://www.humanitarianresponse.info/sites/www.humanitarianresponse.info/files/documents/files/2021_03_09_sitrep_n23_epidemie_de_mve_2021_anss_guinee_09-03-2021.docx.pdf
Total,Cas Confirmés,0,14,2021-03-08,Guinée : Rapport de situation n°23 sur l'épidémie de la Maladie à Virus Ebola (MVE) - 9 mars 2021 [FR],2021-03-09,23,https://www.humanitarianresponse.info/sites/www.humanitarianresponse.info/files/documents/files/2021_03_09_sitrep_n23_epidemie_de_mve_2021_anss_guinee_09-03-2021.docx.pdf
N’Zérékoré,Cas Probables,0,4,2021-03-08,Guinée : Rapport de situation n°23 sur l'épidémie de la Maladie à Virus Ebola (MVE) - 9 mars 2021 [FR],2021-03-09,23,https://www.humanitarianresponse.info/sites/www.humanitarianresponse.info/files/documents/files/2021_03_09_sitrep_n23_epidemie_de_mve_2021_anss_guinee_09-03-2021.docx.pdf
Ratoma (Conakry),Cas Probables,0,0,2021-03-08,Guinée : Rapport de situation n°23 sur l'épidémie de la Maladie à Virus Ebola (MVE) - 9 mars 2021 [FR],2021-03-09,23,https://www.humanitarianresponse.info/sites/www.humanitarianresponse.info/files/documents/files/2021_03_09_sitrep_n23_epidemie_de_mve_2021_anss_guinee_09-03-2021.docx.pdf
Total,Cas Probables,0,4,2021-03-08,Guinée : Rapport de situation n°23 sur l'épidémie de la Maladie à Virus Ebola (MVE) - 9 mars 2021 [FR],2021-03-09,23,https://www.humanitarianresponse.info/sites/www.humanitarianresponse.info/files/documents/files/2021_03_09_sitrep_n23_epidemie_de_mve_2021_anss_guinee_09-03-2021.docx.pdf
N’Zérékoré,Cas Suspects,1,3,2021-03-08,Guinée : Rapport de situation n°23 sur l'épidémie de la Maladie à Virus Ebola (MVE) - 9 mars 2021 [FR],2021-03-09,23,https://www.humanitarianresponse.info/sites/www.humanitarianresponse.info/files/documents/files/2021_03_09_sitrep_n23_epidemie_de_mve_2021_anss_guinee_09-03-2021.docx.pdf
Ratoma (Conakry),Cas Suspects,0,0,2021-03-08,Guinée : Rapport de situation n°23 sur l'épidémie de la Maladie à Virus Ebola (MVE) - 9 mars 2021 [FR],2021-03-09,23,https://www.humanitarianresponse.info/sites/www.humanitarianresponse.info/files/documents/files/2021_03_09_sitrep_n23_epidemie_de_mve_2021_anss_guinee_09-03-2021.docx.pdf
Total,Cas Suspects,1,3,2021-03-08,Guinée : Rapport de situation n°23 sur l'épidémie de la Maladie à Virus Ebola (MVE) - 9 mars 2021 [FR],2021-03-09,23,https://www.humanitarianresponse.info/sites/www.humanitarianresponse.info/files/documents/files/2021_03_09_sitrep_n23_epidemie_de_mve_2021_anss_guinee_09-03-2021.docx.pdf
N’Zérékoré,Cas Confirmés,0,14,2021-03-09,Guinée : Rapport de situation n°24 sur l'épidémie de la Maladie à Virus Ebola (MVE) - 10 mars 2021 [FR],2021-03-10,24,https://www.humanitarianresponse.info/sites/www.humanitarianresponse.info/files/documents/files/2021_03_10_sitrep_n24_epidemie_de_mve_2021_anss_guinee_10-03-2021.pdf
Ratoma (Conakry),Cas Confirmés,0,0,2021-03-09,Guinée : Rapport de situation n°24 sur l'épidémie de la Maladie à Virus Ebola (MVE) - 10 mars 2021 [FR],2021-03-10,24,https://www.humanitarianresponse.info/sites/www.humanitarianresponse.info/files/documents/files/2021_03_10_sitrep_n24_epidemie_de_mve_2021_anss_guinee_10-03-2021.pdf
Total,Cas Confirmés,0,14,2021-03-09,Guinée : Rapport de situation n°24 sur l'épidémie de la Maladie à Virus Ebola (MVE) - 10 mars 2021 [FR],2021-03-10,24,https://www.humanitarianresponse.info/sites/www.humanitarianresponse.info/files/documents/files/2021_03_10_sitrep_n24_epidemie_de_mve_2021_anss_guinee_10-03-2021.pdf
N’Zérékoré,Cas Probables,0,4,2021-03-09,Guinée : Rapport de situation n°24 sur l'épidémie de la Maladie à Virus Ebola (MVE) - 10 mars 2021 [FR],2021-03-10,24,https://www.humanitarianresponse.info/sites/www.humanitarianresponse.info/files/documents/files/2021_03_10_sitrep_n24_epidemie_de_mve_2021_anss_guinee_10-03-2021.pdf
Ratoma (Conakry),Cas Probables,0,0,2021-03-09,Guinée : Rapport de situation n°24 sur l'épidémie de la Maladie à Virus Ebola (MVE) - 10 mars 2021 [FR],2021-03-10,24,https://www.humanitarianresponse.info/sites/www.humanitarianresponse.info/files/documents/files/2021_03_10_sitrep_n24_epidemie_de_mve_2021_anss_guinee_10-03-2021.pdf
Total,Cas Probables,0,4,2021-03-09,Guinée : Rapport de situation n°24 sur l'épidémie de la Maladie à Virus Ebola (MVE) - 10 mars 2021 [FR],2021-03-10,24,https://www.humanitarianresponse.info/sites/www.humanitarianresponse.info/files/documents/files/2021_03_10_sitrep_n24_epidemie_de_mve_2021_anss_guinee_10-03-2021.pdf
N’Zérékoré,Cas Suspects,0,2,2021-03-09,Guinée : Rapport de situation n°24 sur l'épidémie de la Maladie à Virus Ebola (MVE) - 10 mars 2021 [FR],2021-03-10,24,https://www.humanitarianresponse.info/sites/www.humanitarianresponse.info/files/documents/files/2021_03_10_sitrep_n24_epidemie_de_mve_2021_anss_guinee_10-03-2021.pdf
Ratoma (Conakry),Cas Suspects,0,0,2021-03-09,Guinée : Rapport de situation n°24 sur l'épidémie de la Maladie à Virus Ebola (MVE) - 10 mars 2021 [FR],2021-03-10,24,https://www.humanitarianresponse.info/sites/www.humanitarianresponse.info/files/documents/files/2021_03_10_sitrep_n24_epidemie_de_mve_2021_anss_guinee_10-03-2021.pdf
Total,Cas Suspects,0,2,2021-03-09,Guinée : Rapport de situation n°24 sur l'épidémie de la Maladie à Virus Ebola (MVE) - 10 mars 2021 [FR],2021-03-10,24,https://www.humanitarianresponse.info/sites/www.humanitarianresponse.info/files/documents/files/2021_03_10_sitrep_n24_epidemie_de_mve_2021_anss_guinee_10-03-2021.pdf
N’Zérékoré,Cas Confirmés,0,14,2021-03-10,Guinée : Rapport de situation n°25 sur l'épidémie de la Maladie à Virus Ebola (MVE) - 11 mars 2021 [FR],2021-03-11,25,https://www.humanitarianresponse.info/sites/www.humanitarianresponse.info/files/documents/files/sitrep_n25_epidemie_de_mve_2021_anss_guinee_11-_03_-_2021.pdf
Ratoma (Conakry),Cas Confirmés,0,0,2021-03-10,Guinée : Rapport de situation n°25 sur l'épidémie de la Maladie à Virus Ebola (MVE) - 11 mars 2021 [FR],2021-03-11,25,https://www.humanitarianresponse.info/sites/www.humanitarianresponse.info/files/documents/files/sitrep_n25_epidemie_de_mve_2021_anss_guinee_11-_03_-_2021.pdf
Total,Cas Confirmés,0,14,2021-03-10,Guinée : Rapport de situation n°25 sur l'épidémie de la Maladie à Virus Ebola (MVE) - 11 mars 2021 [FR],2021-03-11,25,https://www.humanitarianresponse.info/sites/www.humanitarianresponse.info/files/documents/files/sitrep_n25_epidemie_de_mve_2021_anss_guinee_11-_03_-_2021.pdf
N’Zérékoré,Cas Probables,0,4,2021-03-10,Guinée : Rapport de situation n°25 sur l'épidémie de la Maladie à Virus Ebola (MVE) - 11 mars 2021 [FR],2021-03-11,25,https://www.humanitarianresponse.info/sites/www.humanitarianresponse.info/files/documents/files/sitrep_n25_epidemie_de_mve_2021_anss_guinee_11-_03_-_2021.pdf
Ratoma (Conakry),Cas Probables,0,0,2021-03-10,Guinée : Rapport de situation n°25 sur l'épidémie de la Maladie à Virus Ebola (MVE) - 11 mars 2021 [FR],2021-03-11,25,https://www.humanitarianresponse.info/sites/www.humanitarianresponse.info/files/documents/files/sitrep_n25_epidemie_de_mve_2021_anss_guinee_11-_03_-_2021.pdf
Total,Cas Probables,0,4,2021-03-10,Guinée : Rapport de situation n°25 sur l'épidémie de la Maladie à Virus Ebola (MVE) - 11 mars 2021 [FR],2021-03-11,25,https://www.humanitarianresponse.info/sites/www.humanitarianresponse.info/files/documents/files/sitrep_n25_epidemie_de_mve_2021_anss_guinee_11-_03_-_2021.pdf
N’Zérékoré,Cas Suspects,3,4,2021-03-10,Guinée : Rapport de situation n°25 sur l'épidémie de la Maladie à Virus Ebola (MVE) - 11 mars 2021 [FR],2021-03-11,25,https://www.humanitarianresponse.info/sites/www.humanitarianresponse.info/files/documents/files/sitrep_n25_epidemie_de_mve_2021_anss_guinee_11-_03_-_2021.pdf
Ratoma (Conakry),Cas Suspects,0,0,2021-03-10,Guinée : Rapport de situation n°25 sur l'épidémie de la Maladie à Virus Ebola (MVE) - 11 mars 2021 [FR],2021-03-11,25,https://www.humanitarianresponse.info/sites/www.humanitarianresponse.info/files/documents/files/sitrep_n25_epidemie_de_mve_2021_anss_guinee_11-_03_-_2021.pdf
Total,Cas Suspects,3,4,2021-03-10,Guinée : Rapport de situation n°25 sur l'épidémie de la Maladie à Virus Ebola (MVE) - 11 mars 2021 [FR],2021-03-11,25,https://www.humanitarianresponse.info/sites/www.humanitarianresponse.info/files/documents/files/sitrep_n25_epidemie_de_mve_2021_anss_guinee_11-_03_-_2021.pdf
N’Zérékoré,Cas Confirmés,0,14,2021-03-11,Guinée : Rapport de situation n°26 sur l'épidémie de la Maladie à Virus Ebola (MVE) - 12 mars 2021 [FR],2021-03-12,26,https://www.humanitarianresponse.info/sites/www.humanitarianresponse.info/files/documents/files/sitrep_n26_epidemie_de_mve_2021_anss_guinee_12-_03_-_2021.pdf
Ratoma (Conakry),Cas Confirmés,0,0,2021-03-11,Guinée : Rapport de situation n°26 sur l'épidémie de la Maladie à Virus Ebola (MVE) - 12 mars 2021 [FR],2021-03-12,26,https://www.humanitarianresponse.info/sites/www.humanitarianresponse.info/files/documents/files/sitrep_n26_epidemie_de_mve_2021_anss_guinee_12-_03_-_2021.pdf
Total,Cas Confirmés,0,14,2021-03-11,Guinée : Rapport de situation n°26 sur l'épidémie de la Maladie à Virus Ebola (MVE) - 12 mars 2021 [FR],2021-03-12,26,https://www.humanitarianresponse.info/sites/www.humanitarianresponse.info/files/documents/files/sitrep_n26_epidemie_de_mve_2021_anss_guinee_12-_03_-_2021.pdf
N’Zérékoré,Cas Probables,0,4,2021-03-11,Guinée : Rapport de situation n°26 sur l'épidémie de la Maladie à Virus Ebola (MVE) - 12 mars 2021 [FR],2021-03-12,26,https://www.humanitarianresponse.info/sites/www.humanitarianresponse.info/files/documents/files/sitrep_n26_epidemie_de_mve_2021_anss_guinee_12-_03_-_2021.pdf
Ratoma (Conakry),Cas Probables,0,0,2021-03-11,Guinée : Rapport de situation n°26 sur l'épidémie de la Maladie à Virus Ebola (MVE) - 12 mars 2021 [FR],2021-03-12,26,https://www.humanitarianresponse.info/sites/www.humanitarianresponse.info/files/documents/files/sitrep_n26_epidemie_de_mve_2021_anss_guinee_12-_03_-_2021.pdf
Total,Cas Probables,0,4,2021-03-11,Guinée : Rapport de situation n°26 sur l'épidémie de la Maladie à Virus Ebola (MVE) - 12 mars 2021 [FR],2021-03-12,26,https://www.humanitarianresponse.info/sites/www.humanitarianresponse.info/files/documents/files/sitrep_n26_epidemie_de_mve_2021_anss_guinee_12-_03_-_2021.pdf
N’Zérékoré,Cas Suspects,2,5,2021-03-11,Guinée : Rapport de situation n°26 sur l'épidémie de la Maladie à Virus Ebola (MVE) - 12 mars 2021 [FR],2021-03-12,26,https://www.humanitarianresponse.info/sites/www.humanitarianresponse.info/files/documents/files/sitrep_n26_epidemie_de_mve_2021_anss_guinee_12-_03_-_2021.pdf
Ratoma (Conakry),Cas Suspects,0,0,2021-03-11,Guinée : Rapport de situation n°26 sur l'épidémie de la Maladie à Virus Ebola (MVE) - 12 mars 2021 [FR],2021-03-12,26,https://www.humanitarianresponse.info/sites/www.humanitarianresponse.info/files/documents/files/sitrep_n26_epidemie_de_mve_2021_anss_guinee_12-_03_-_2021.pdf
Total,Cas Suspects,2,5,2021-03-11,Guinée : Rapport de situation n°26 sur l'épidémie de la Maladie à Virus Ebola (MVE) - 12 mars 2021 [FR],2021-03-12,26,https://www.humanitarianresponse.info/sites/www.humanitarianresponse.info/files/documents/files/sitrep_n26_epidemie_de_mve_2021_anss_guinee_12-_03_-_2021.pdf
N’Zérékoré,Cas Confirmés,0,14,2021-03-12,Guinée : Rapport de situation n°27 sur l'épidémie de la Maladie à Virus Ebola (MVE) - 13 mars 2021 [FR],2021-03-13,27,https://www.humanitarianresponse.info/sites/www.humanitarianresponse.info/files/documents/files/sitrep_n27_epidemie_de_mve_2021_anss_guinee_13-_03_-_2021_2.pdf
Ratoma (Conakry),Cas Confirmés,0,0,2021-03-12,Guinée : Rapport de situation n°27 sur l'épidémie de la Maladie à Virus Ebola (MVE) - 13 mars 2021 [FR],2021-03-13,27,https://www.humanitarianresponse.info/sites/www.humanitarianresponse.info/files/documents/files/sitrep_n27_epidemie_de_mve_2021_anss_guinee_13-_03_-_2021_2.pdf
Total,Cas Confirmés,0,14,2021-03-12,Guinée : Rapport de situation n°27 sur l'épidémie de la Maladie à Virus Ebola (MVE) - 13 mars 2021 [FR],2021-03-13,27,https://www.humanitarianresponse.info/sites/www.humanitarianresponse.info/files/documents/files/sitrep_n27_epidemie_de_mve_2021_anss_guinee_13-_03_-_2021_2.pdf
N’Zérékoré,Cas Probables,0,4,2021-03-12,Guinée : Rapport de situation n°27 sur l'épidémie de la Maladie à Virus Ebola (MVE) - 13 mars 2021 [FR],2021-03-13,27,https://www.humanitarianresponse.info/sites/www.humanitarianresponse.info/files/documents/files/sitrep_n27_epidemie_de_mve_2021_anss_guinee_13-_03_-_2021_2.pdf
Ratoma (Conakry),Cas Probables,0,0,2021-03-12,Guinée : Rapport de situation n°27 sur l'épidémie de la Maladie à Virus Ebola (MVE) - 13 mars 2021 [FR],2021-03-13,27,https://www.humanitarianresponse.info/sites/www.humanitarianresponse.info/files/documents/files/sitrep_n27_epidemie_de_mve_2021_anss_guinee_13-_03_-_2021_2.pdf
Total,Cas Probables,0,4,2021-03-12,Guinée : Rapport de situation n°27 sur l'épidémie de la Maladie à Virus Ebola (MVE) - 13 mars 2021 [FR],2021-03-13,27,https://www.humanitarianresponse.info/sites/www.humanitarianresponse.info/files/documents/files/sitrep_n27_epidemie_de_mve_2021_anss_guinee_13-_03_-_2021_2.pdf
N’Zérékoré,Cas Suspects,2,5,2021-03-12,Guinée : Rapport de situation n°27 sur l'épidémie de la Maladie à Virus Ebola (MVE) - 13 mars 2021 [FR],2021-03-13,27,https://www.humanitarianresponse.info/sites/www.humanitarianresponse.info/files/documents/files/sitrep_n27_epidemie_de_mve_2021_anss_guinee_13-_03_-_2021_2.pdf
Ratoma (Conakry),Cas Suspects,0,0,2021-03-12,Guinée : Rapport de situation n°27 sur l'épidémie de la Maladie à Virus Ebola (MVE) - 13 mars 2021 [FR],2021-03-13,27,https://www.humanitarianresponse.info/sites/www.humanitarianresponse.info/files/documents/files/sitrep_n27_epidemie_de_mve_2021_anss_guinee_13-_03_-_2021_2.pdf
Total,Cas Suspects,2,5,2021-03-12,Guinée : Rapport de situation n°27 sur l'épidémie de la Maladie à Virus Ebola (MVE) - 13 mars 2021 [FR],2021-03-13,27,https://www.humanitarianresponse.info/sites/www.humanitarianresponse.info/files/documents/files/sitrep_n27_epidemie_de_mve_2021_anss_guinee_13-_03_-_2021_2.pdf
N’Zérékoré,Cas Confirmés,0,14,2021-03-14,Guinée : Rapport de situation n°29 sur l'épidémie de la Maladie à Virus Ebola (MVE) - 15 mars 2021 [FR],2021-03-15,29,https://www.humanitarianresponse.info/sites/www.humanitarianresponse.info/files/documents/files/sitrep_n29_epidemie_de_mve_2021_anss_guinee_15-_03_-_2021.pdf
Ratoma (Conakry),Cas Confirmés,0,0,2021-03-14,Guinée : Rapport de situation n°29 sur l'épidémie de la Maladie à Virus Ebola (MVE) - 15 mars 2021 [FR],2021-03-15,29,https://www.humanitarianresponse.info/sites/www.humanitarianresponse.info/files/documents/files/sitrep_n29_epidemie_de_mve_2021_anss_guinee_15-_03_-_2021.pdf
Total,Cas Confirmés,0,14,2021-03-14,Guinée : Rapport de situation n°29 sur l'épidémie de la Maladie à Virus Ebola (MVE) - 15 mars 2021 [FR],2021-03-15,29,https://www.humanitarianresponse.info/sites/www.humanitarianresponse.info/files/documents/files/sitrep_n29_epidemie_de_mve_2021_anss_guinee_15-_03_-_2021.pdf
N’Zérékoré,Cas Probables,0,4,2021-03-14,Guinée : Rapport de situation n°29 sur l'épidémie de la Maladie à Virus Ebola (MVE) - 15 mars 2021 [FR],2021-03-15,29,https://www.humanitarianresponse.info/sites/www.humanitarianresponse.info/files/documents/files/sitrep_n29_epidemie_de_mve_2021_anss_guinee_15-_03_-_2021.pdf
Ratoma (Conakry),Cas Probables,0,0,2021-03-14,Guinée : Rapport de situation n°29 sur l'épidémie de la Maladie à Virus Ebola (MVE) - 15 mars 2021 [FR],2021-03-15,29,https://www.humanitarianresponse.info/sites/www.humanitarianresponse.info/files/documents/files/sitrep_n29_epidemie_de_mve_2021_anss_guinee_15-_03_-_2021.pdf
Total,Cas Probables,0,4,2021-03-14,Guinée : Rapport de situation n°29 sur l'épidémie de la Maladie à Virus Ebola (MVE) - 15 mars 2021 [FR],2021-03-15,29,https://www.humanitarianresponse.info/sites/www.humanitarianresponse.info/files/documents/files/sitrep_n29_epidemie_de_mve_2021_anss_guinee_15-_03_-_2021.pdf
N’Zérékoré,Cas Suspects,0,0,2021-03-14,Guinée : Rapport de situation n°29 sur l'épidémie de la Maladie à Virus Ebola (MVE) - 15 mars 2021 [FR],2021-03-15,29,https://www.humanitarianresponse.info/sites/www.humanitarianresponse.info/files/documents/files/sitrep_n29_epidemie_de_mve_2021_anss_guinee_15-_03_-_2021.pdf
Ratoma (Conakry),Cas Suspects,0,0,2021-03-14,Guinée : Rapport de situation n°29 sur l'épidémie de la Maladie à Virus Ebola (MVE) - 15 mars 2021 [FR],2021-03-15,29,https://www.humanitarianresponse.info/sites/www.humanitarianresponse.info/files/documents/files/sitrep_n29_epidemie_de_mve_2021_anss_guinee_15-_03_-_2021.pdf
Total,Cas Suspects,0,0,2021-03-14,Guinée : Rapport de situation n°29 sur l'épidémie de la Maladie à Virus Ebola (MVE) - 15 mars 2021 [FR],2021-03-15,29,https://www.humanitarianresponse.info/sites/www.humanitarianresponse.info/files/documents/files/sitrep_n29_epidemie_de_mve_2021_anss_guinee_15-_03_-_2021.pdf
N’Zérékoré,Cas Confirmés,0,14,2021-03-15,Guinée : Rapport de situation n°30 sur l'épidémie de la Maladie à Virus Ebola (MVE) - 16 mars 2021 [FR],2021-03-16,30,https://www.humanitarianresponse.info/sites/www.humanitarianresponse.info/files/documents/files/sitrep_n30_epidemie_de_mve_2021_anss_guinee_16-_03_-_2021.pdf
Ratoma (Conakry),Cas Confirmés,0,0,2021-03-15,Guinée : Rapport de situation n°30 sur l'épidémie de la Maladie à Virus Ebola (MVE) - 16 mars 2021 [FR],2021-03-16,30,https://www.humanitarianresponse.info/sites/www.humanitarianresponse.info/files/documents/files/sitrep_n30_epidemie_de_mve_2021_anss_guinee_16-_03_-_2021.pdf
Total,Cas Confirmés,0,14,2021-03-15,Guinée : Rapport de situation n°30 sur l'épidémie de la Maladie à Virus Ebola (MVE) - 16 mars 2021 [FR],2021-03-16,30,https://www.humanitarianresponse.info/sites/www.humanitarianresponse.info/files/documents/files/sitrep_n30_epidemie_de_mve_2021_anss_guinee_16-_03_-_2021.pdf
N’Zérékoré,Cas Probables,0,4,2021-03-15,Guinée : Rapport de situation n°30 sur l'épidémie de la Maladie à Virus Ebola (MVE) - 16 mars 2021 [FR],2021-03-16,30,https://www.humanitarianresponse.info/sites/www.humanitarianresponse.info/files/documents/files/sitrep_n30_epidemie_de_mve_2021_anss_guinee_16-_03_-_2021.pdf
Ratoma (Conakry),Cas Probables,0,0,2021-03-15,Guinée : Rapport de situation n°30 sur l'épidémie de la Maladie à Virus Ebola (MVE) - 16 mars 2021 [FR],2021-03-16,30,https://www.humanitarianresponse.info/sites/www.humanitarianresponse.info/files/documents/files/sitrep_n30_epidemie_de_mve_2021_anss_guinee_16-_03_-_2021.pdf
Total,Cas Probables,0,4,2021-03-15,Guinée : Rapport de situation n°30 sur l'épidémie de la Maladie à Virus Ebola (MVE) - 16 mars 2021 [FR],2021-03-16,30,https://www.humanitarianresponse.info/sites/www.humanitarianresponse.info/files/documents/files/sitrep_n30_epidemie_de_mve_2021_anss_guinee_16-_03_-_2021.pdf
N’Zérékoré,Cas Suspects,1,1,2021-03-15,Guinée : Rapport de situation n°30 sur l'épidémie de la Maladie à Virus Ebola (MVE) - 16 mars 2021 [FR],2021-03-16,30,https://www.humanitarianresponse.info/sites/www.humanitarianresponse.info/files/documents/files/sitrep_n30_epidemie_de_mve_2021_anss_guinee_16-_03_-_2021.pdf
Ratoma (Conakry),Cas Suspects,0,0,2021-03-15,Guinée : Rapport de situation n°30 sur l'épidémie de la Maladie à Virus Ebola (MVE) - 16 mars 2021 [FR],2021-03-16,30,https://www.humanitarianresponse.info/sites/www.humanitarianresponse.info/files/documents/files/sitrep_n30_epidemie_de_mve_2021_anss_guinee_16-_03_-_2021.pdf
Total,Cas Suspects,1,1,2021-03-15,Guinée : Rapport de situation n°30 sur l'épidémie de la Maladie à Virus Ebola (MVE) - 16 mars 2021 [FR],2021-03-16,30,https://www.humanitarianresponse.info/sites/www.humanitarianresponse.info/files/documents/files/sitrep_n30_epidemie_de_mve_2021_anss_guinee_16-_03_-_2021.pdf
N’Zérékoré,Cas Confirmés,0,14,2021-03-16,Guinée : Rapport de situation n°31 sur l'épidémie de la Maladie à Virus Ebola (MVE) - 17 mars 2021 [FR],2021-03-17,31,https://www.humanitarianresponse.info/sites/www.humanitarianresponse.info/files/documents/files/2021_03_17_sitrep_n31_epidemie_de_mve_2021_anss_guinee_17-_03_-_2021.pdf
Ratoma (Conakry),Cas Confirmés,0,0,2021-03-16,Guinée : Rapport de situation n°31 sur l'épidémie de la Maladie à Virus Ebola (MVE) - 17 mars 2021 [FR],2021-03-17,31,https://www.humanitarianresponse.info/sites/www.humanitarianresponse.info/files/documents/files/2021_03_17_sitrep_n31_epidemie_de_mve_2021_anss_guinee_17-_03_-_2021.pdf
Total,Cas Confirmés,0,14,2021-03-16,Guinée : Rapport de situation n°31 sur l'épidémie de la Maladie à Virus Ebola (MVE) - 17 mars 2021 [FR],2021-03-17,31,https://www.humanitarianresponse.info/sites/www.humanitarianresponse.info/files/documents/files/2021_03_17_sitrep_n31_epidemie_de_mve_2021_anss_guinee_17-_03_-_2021.pdf
N’Zérékoré,Cas Probables,0,4,2021-03-16,Guinée : Rapport de situation n°31 sur l'épidémie de la Maladie à Virus Ebola (MVE) - 17 mars 2021 [FR],2021-03-17,31,https://www.humanitarianresponse.info/sites/www.humanitarianresponse.info/files/documents/files/2021_03_17_sitrep_n31_epidemie_de_mve_2021_anss_guinee_17-_03_-_2021.pdf
Ratoma (Conakry),Cas Probables,0,0,2021-03-16,Guinée : Rapport de situation n°31 sur l'épidémie de la Maladie à Virus Ebola (MVE) - 17 mars 2021 [FR],2021-03-17,31,https://www.humanitarianresponse.info/sites/www.humanitarianresponse.info/files/documents/files/2021_03_17_sitrep_n31_epidemie_de_mve_2021_anss_guinee_17-_03_-_2021.pdf
Total,Cas Probables,0,4,2021-03-16,Guinée : Rapport de situation n°31 sur l'épidémie de la Maladie à Virus Ebola (MVE) - 17 mars 2021 [FR],2021-03-17,31,https://www.humanitarianresponse.info/sites/www.humanitarianresponse.info/files/documents/files/2021_03_17_sitrep_n31_epidemie_de_mve_2021_anss_guinee_17-_03_-_2021.pdf
N’Zérékoré,Cas Suspects,0,0,2021-03-16,Guinée : Rapport de situation n°31 sur l'épidémie de la Maladie à Virus Ebola (MVE) - 17 mars 2021 [FR],2021-03-17,31,https://www.humanitarianresponse.info/sites/www.humanitarianresponse.info/files/documents/files/2021_03_17_sitrep_n31_epidemie_de_mve_2021_anss_guinee_17-_03_-_2021.pdf
Ratoma (Conakry),Cas Suspects,0,0,2021-03-16,Guinée : Rapport de situation n°31 sur l'épidémie de la Maladie à Virus Ebola (MVE) - 17 mars 2021 [FR],2021-03-17,31,https://www.humanitarianresponse.info/sites/www.humanitarianresponse.info/files/documents/files/2021_03_17_sitrep_n31_epidemie_de_mve_2021_anss_guinee_17-_03_-_2021.pdf
Total,Cas Suspects,0,0,2021-03-16,Guinée : Rapport de situation n°31 sur l'épidémie de la Maladie à Virus Ebola (MVE) - 17 mars 2021 [FR],2021-03-17,31,https://www.humanitarianresponse.info/sites/www.humanitarianresponse.info/files/documents/files/2021_03_17_sitrep_n31_epidemie_de_mve_2021_anss_guinee_17-_03_-_2021.pdf
N’Zérékoré,Cas Confirmés,0,14,2021-03-17,Guinée : Rapport de situation n°32 sur l'épidémie de la Maladie à Virus Ebola (MVE) - 18 mars 2021 [FR],2021-03-18,32,https://www.humanitarianresponse.info/sites/www.humanitarianresponse.info/files/documents/files/sitrep_n32_epidemie_de_mve_2021_anss_guinee_18-_03_-_2021.pdf
Ratoma (Conakry),Cas Confirmés,0,0,2021-03-17,Guinée : Rapport de situation n°32 sur l'épidémie de la Maladie à Virus Ebola (MVE) - 18 mars 2021 [FR],2021-03-18,32,https://www.humanitarianresponse.info/sites/www.humanitarianresponse.info/files/documents/files/sitrep_n32_epidemie_de_mve_2021_anss_guinee_18-_03_-_2021.pdf
Total,Cas Confirmés,0,14,2021-03-17,Guinée : Rapport de situation n°32 sur l'épidémie de la Maladie à Virus Ebola (MVE) - 18 mars 2021 [FR],2021-03-18,32,https://www.humanitarianresponse.info/sites/www.humanitarianresponse.info/files/documents/files/sitrep_n32_epidemie_de_mve_2021_anss_guinee_18-_03_-_2021.pdf
N’Zérékoré,Cas Probables,0,4,2021-03-17,Guinée : Rapport de situation n°32 sur l'épidémie de la Maladie à Virus Ebola (MVE) - 18 mars 2021 [FR],2021-03-18,32,https://www.humanitarianresponse.info/sites/www.humanitarianresponse.info/files/documents/files/sitrep_n32_epidemie_de_mve_2021_anss_guinee_18-_03_-_2021.pdf
Ratoma (Conakry),Cas Probables,0,0,2021-03-17,Guinée : Rapport de situation n°32 sur l'épidémie de la Maladie à Virus Ebola (MVE) - 18 mars 2021 [FR],2021-03-18,32,https://www.humanitarianresponse.info/sites/www.humanitarianresponse.info/files/documents/files/sitrep_n32_epidemie_de_mve_2021_anss_guinee_18-_03_-_2021.pdf
Total,Cas Probables,0,4,2021-03-17,Guinée : Rapport de situation n°32 sur l'épidémie de la Maladie à Virus Ebola (MVE) - 18 mars 2021 [FR],2021-03-18,32,https://www.humanitarianresponse.info/sites/www.humanitarianresponse.info/files/documents/files/sitrep_n32_epidemie_de_mve_2021_anss_guinee_18-_03_-_2021.pdf
N’Zérékoré,Cas Suspects,6,6,2021-03-17,Guinée : Rapport de situation n°32 sur l'épidémie de la Maladie à Virus Ebola (MVE) - 18 mars 2021 [FR],2021-03-18,32,https://www.humanitarianresponse.info/sites/www.humanitarianresponse.info/files/documents/files/sitrep_n32_epidemie_de_mve_2021_anss_guinee_18-_03_-_2021.pdf
Ratoma (Conakry),Cas Suspects,0,0,2021-03-17,Guinée : Rapport de situation n°32 sur l'épidémie de la Maladie à Virus Ebola (MVE) - 18 mars 2021 [FR],2021-03-18,32,https://www.humanitarianresponse.info/sites/www.humanitarianresponse.info/files/documents/files/sitrep_n32_epidemie_de_mve_2021_anss_guinee_18-_03_-_2021.pdf
Total,Cas Suspects,6,6,2021-03-17,Guinée : Rapport de situation n°32 sur l'épidémie de la Maladie à Virus Ebola (MVE) - 18 mars 2021 [FR],2021-03-18,32,https://www.humanitarianresponse.info/sites/www.humanitarianresponse.info/files/documents/files/sitrep_n32_epidemie_de_mve_2021_anss_guinee_18-_03_-_2021.pdf
N’Zérékoré,Cas Confirmés,0,14,2021-03-18,Guinée : Rapport de situation n°33 sur l'épidémie de la Maladie à Virus Ebola (MVE) - 19 mars 2021 [FR],2021-03-19,33,https://www.humanitarianresponse.info/sites/www.humanitarianresponse.info/files/documents/files/sitrep_n33_epidemie_de_mve_2021_anss_guinee_19-_03_-_2021.pdf
Ratoma (Conakry),Cas Confirmés,0,0,2021-03-18,Guinée : Rapport de situation n°33 sur l'épidémie de la Maladie à Virus Ebola (MVE) - 19 mars 2021 [FR],2021-03-19,33,https://www.humanitarianresponse.info/sites/www.humanitarianresponse.info/files/documents/files/sitrep_n33_epidemie_de_mve_2021_anss_guinee_19-_03_-_2021.pdf
Total,Cas Confirmés,0,14,2021-03-18,Guinée : Rapport de situation n°33 sur l'épidémie de la Maladie à Virus Ebola (MVE) - 19 mars 2021 [FR],2021-03-19,33,https://www.humanitarianresponse.info/sites/www.humanitarianresponse.info/files/documents/files/sitrep_n33_epidemie_de_mve_2021_anss_guinee_19-_03_-_2021.pdf
N’Zérékoré,Cas Probables,0,4,2021-03-18,Guinée : Rapport de situation n°33 sur l'épidémie de la Maladie à Virus Ebola (MVE) - 19 mars 2021 [FR],2021-03-19,33,https://www.humanitarianresponse.info/sites/www.humanitarianresponse.info/files/documents/files/sitrep_n33_epidemie_de_mve_2021_anss_guinee_19-_03_-_2021.pdf
Ratoma (Conakry),Cas Probables,0,0,2021-03-18,Guinée : Rapport de situation n°33 sur l'épidémie de la Maladie à Virus Ebola (MVE) - 19 mars 2021 [FR],2021-03-19,33,https://www.humanitarianresponse.info/sites/www.humanitarianresponse.info/files/documents/files/sitrep_n33_epidemie_de_mve_2021_anss_guinee_19-_03_-_2021.pdf
Total,Cas Probables,0,4,2021-03-18,Guinée : Rapport de situation n°33 sur l'épidémie de la Maladie à Virus Ebola (MVE) - 19 mars 2021 [FR],2021-03-19,33,https://www.humanitarianresponse.info/sites/www.humanitarianresponse.info/files/documents/files/sitrep_n33_epidemie_de_mve_2021_anss_guinee_19-_03_-_2021.pdf
N’Zérékoré,Cas Suspects,3,9,2021-03-18,Guinée : Rapport de situation n°33 sur l'épidémie de la Maladie à Virus Ebola (MVE) - 19 mars 2021 [FR],2021-03-19,33,https://www.humanitarianresponse.info/sites/www.humanitarianresponse.info/files/documents/files/sitrep_n33_epidemie_de_mve_2021_anss_guinee_19-_03_-_2021.pdf
Ratoma (Conakry),Cas Suspects,0,0,2021-03-18,Guinée : Rapport de situation n°33 sur l'épidémie de la Maladie à Virus Ebola (MVE) - 19 mars 2021 [FR],2021-03-19,33,https://www.humanitarianresponse.info/sites/www.humanitarianresponse.info/files/documents/files/sitrep_n33_epidemie_de_mve_2021_anss_guinee_19-_03_-_2021.pdf
Total,Cas Suspects,3,9,2021-03-18,Guinée : Rapport de situation n°33 sur l'épidémie de la Maladie à Virus Ebola (MVE) - 19 mars 2021 [FR],2021-03-19,33,https://www.humanitarianresponse.info/sites/www.humanitarianresponse.info/files/documents/files/sitrep_n33_epidemie_de_mve_2021_anss_guinee_19-_03_-_2021.pdf
N’Zérékoré,Cas Confirmés,0,14,2021-03-19,Guinée : Rapport de situation n°34 sur l'épidémie de la Maladie à Virus Ebola (MVE) - 20 mars 2021 [FR],2021-03-20,34,https://www.humanitarianresponse.info/sites/www.humanitarianresponse.info/files/documents/files/sitrep_n34_epidemie_de_mve_2021_anss_guinee_20-_03_-_2021.pdf
Ratoma (Conakry),Cas Confirmés,0,0,2021-03-19,Guinée : Rapport de situation n°34 sur l'épidémie de la Maladie à Virus Ebola (MVE) - 20 mars 2021 [FR],2021-03-20,34,https://www.humanitarianresponse.info/sites/www.humanitarianresponse.info/files/documents/files/sitrep_n34_epidemie_de_mve_2021_anss_guinee_20-_03_-_2021.pdf
Total,Cas Confirmés,0,14,2021-03-19,Guinée : Rapport de situation n°34 sur l'épidémie de la Maladie à Virus Ebola (MVE) - 20 mars 2021 [FR],2021-03-20,34,https://www.humanitarianresponse.info/sites/www.humanitarianresponse.info/files/documents/files/sitrep_n34_epidemie_de_mve_2021_anss_guinee_20-_03_-_2021.pdf
N’Zérékoré,Cas Probables,0,4,2021-03-19,Guinée : Rapport de situation n°34 sur l'épidémie de la Maladie à Virus Ebola (MVE) - 20 mars 2021 [FR],2021-03-20,34,https://www.humanitarianresponse.info/sites/www.humanitarianresponse.info/files/documents/files/sitrep_n34_epidemie_de_mve_2021_anss_guinee_20-_03_-_2021.pdf
Ratoma (Conakry),Cas Probables,0,0,2021-03-19,Guinée : Rapport de situation n°34 sur l'épidémie de la Maladie à Virus Ebola (MVE) - 20 mars 2021 [FR],2021-03-20,34,https://www.humanitarianresponse.info/sites/www.humanitarianresponse.info/files/documents/files/sitrep_n34_epidemie_de_mve_2021_anss_guinee_20-_03_-_2021.pdf
Total,Cas Probables,0,4,2021-03-19,Guinée : Rapport de situation n°34 sur l'épidémie de la Maladie à Virus Ebola (MVE) - 20 mars 2021 [FR],2021-03-20,34,https://www.humanitarianresponse.info/sites/www.humanitarianresponse.info/files/documents/files/sitrep_n34_epidemie_de_mve_2021_anss_guinee_20-_03_-_2021.pdf
N’Zérékoré,Cas Suspects,2,8,2021-03-19,Guinée : Rapport de situation n°34 sur l'épidémie de la Maladie à Virus Ebola (MVE) - 20 mars 2021 [FR],2021-03-20,34,https://www.humanitarianresponse.info/sites/www.humanitarianresponse.info/files/documents/files/sitrep_n34_epidemie_de_mve_2021_anss_guinee_20-_03_-_2021.pdf
Ratoma (Conakry),Cas Suspects,0,0,2021-03-19,Guinée : Rapport de situation n°34 sur l'épidémie de la Maladie à Virus Ebola (MVE) - 20 mars 2021 [FR],2021-03-20,34,https://www.humanitarianresponse.info/sites/www.humanitarianresponse.info/files/documents/files/sitrep_n34_epidemie_de_mve_2021_anss_guinee_20-_03_-_2021.pdf
Total,Cas Suspects,2,8,2021-03-19,Guinée : Rapport de situation n°34 sur l'épidémie de la Maladie à Virus Ebola (MVE) - 20 mars 2021 [FR],2021-03-20,34,https://www.humanitarianresponse.info/sites/www.humanitarianresponse.info/files/documents/files/sitrep_n34_epidemie_de_mve_2021_anss_guinee_20-_03_-_2021.pdf
N’Zérékoré,Cas Confirmés,0,14,2021-03-20,Guinée : Rapport de situation n°35 sur l'épidémie de la Maladie à Virus Ebola (MVE) - 21 mars 2021 [FR],2021-03-21,35,https://www.humanitarianresponse.info/sites/www.humanitarianresponse.info/files/documents/files/sitrep_n35_epidemie_de_mve_2021_anss_guinee_21-_03_-_2021.pdf
Ratoma (Conakry),Cas Confirmés,0,0,2021-03-20,Guinée : Rapport de situation n°35 sur l'épidémie de la Maladie à Virus Ebola (MVE) - 21 mars 2021 [FR],2021-03-21,35,https://www.humanitarianresponse.info/sites/www.humanitarianresponse.info/files/documents/files/sitrep_n35_epidemie_de_mve_2021_anss_guinee_21-_03_-_2021.pdf
Total,Cas Confirmés,0,14,2021-03-20,Guinée : Rapport de situation n°35 sur l'épidémie de la Maladie à Virus Ebola (MVE) - 21 mars 2021 [FR],2021-03-21,35,https://www.humanitarianresponse.info/sites/www.humanitarianresponse.info/files/documents/files/sitrep_n35_epidemie_de_mve_2021_anss_guinee_21-_03_-_2021.pdf
N’Zérékoré,Cas Probables,0,4,2021-03-20,Guinée : Rapport de situation n°35 sur l'épidémie de la Maladie à Virus Ebola (MVE) - 21 mars 2021 [FR],2021-03-21,35,https://www.humanitarianresponse.info/sites/www.humanitarianresponse.info/files/documents/files/sitrep_n35_epidemie_de_mve_2021_anss_guinee_21-_03_-_2021.pdf
Ratoma (Conakry),Cas Probables,0,0,2021-03-20,Guinée : Rapport de situation n°35 sur l'épidémie de la Maladie à Virus Ebola (MVE) - 21 mars 2021 [FR],2021-03-21,35,https://www.humanitarianresponse.info/sites/www.humanitarianresponse.info/files/documents/files/sitrep_n35_epidemie_de_mve_2021_anss_guinee_21-_03_-_2021.pdf
Total,Cas Probables,0,4,2021-03-20,Guinée : Rapport de situation n°35 sur l'épidémie de la Maladie à Virus Ebola (MVE) - 21 mars 2021 [FR],2021-03-21,35,https://www.humanitarianresponse.info/sites/www.humanitarianresponse.info/files/documents/files/sitrep_n35_epidemie_de_mve_2021_anss_guinee_21-_03_-_2021.pdf
N’Zérékoré,Cas Suspects,1,4,2021-03-20,Guinée : Rapport de situation n°35 sur l'épidémie de la Maladie à Virus Ebola (MVE) - 21 mars 2021 [FR],2021-03-21,35,https://www.humanitarianresponse.info/sites/www.humanitarianresponse.info/files/documents/files/sitrep_n35_epidemie_de_mve_2021_anss_guinee_21-_03_-_2021.pdf
Ratoma (Conakry),Cas Suspects,0,0,2021-03-20,Guinée : Rapport de situation n°35 sur l'épidémie de la Maladie à Virus Ebola (MVE) - 21 mars 2021 [FR],2021-03-21,35,https://www.humanitarianresponse.info/sites/www.humanitarianresponse.info/files/documents/files/sitrep_n35_epidemie_de_mve_2021_anss_guinee_21-_03_-_2021.pdf
Total,Cas Suspects,1,4,2021-03-20,Guinée : Rapport de situation n°35 sur l'épidémie de la Maladie à Virus Ebola (MVE) - 21 mars 2021 [FR],2021-03-21,35,https://www.humanitarianresponse.info/sites/www.humanitarianresponse.info/files/documents/files/sitrep_n35_epidemie_de_mve_2021_anss_guinee_21-_03_-_2021.pdf
N’Zérékoré,Cas Confirmés,0,14,2021-03-22,Guinée : Rapport de situation n°37 sur l'épidémie de la Maladie à Virus Ebola (MVE) - 23 mars 2021 [FR],2021-03-23,37,https://www.humanitarianresponse.info/sites/www.humanitarianresponse.info/files/documents/files/sitrep_n37_epidemie_de_mve_2021_anss_guinee_23-_03_-_2021.pdf
Ratoma (Conakry),Cas Confirmés,0,0,2021-03-22,Guinée : Rapport de situation n°37 sur l'épidémie de la Maladie à Virus Ebola (MVE) - 23 mars 2021 [FR],2021-03-23,37,https://www.humanitarianresponse.info/sites/www.humanitarianresponse.info/files/documents/files/sitrep_n37_epidemie_de_mve_2021_anss_guinee_23-_03_-_2021.pdf
Total,Cas Confirmés,0,14,2021-03-22,Guinée : Rapport de situation n°37 sur l'épidémie de la Maladie à Virus Ebola (MVE) - 23 mars 2021 [FR],2021-03-23,37,https://www.humanitarianresponse.info/sites/www.humanitarianresponse.info/files/documents/files/sitrep_n37_epidemie_de_mve_2021_anss_guinee_23-_03_-_2021.pdf
N’Zérékoré,Cas Probables,0,4,2021-03-22,Guinée : Rapport de situation n°37 sur l'épidémie de la Maladie à Virus Ebola (MVE) - 23 mars 2021 [FR],2021-03-23,37,https://www.humanitarianresponse.info/sites/www.humanitarianresponse.info/files/documents/files/sitrep_n37_epidemie_de_mve_2021_anss_guinee_23-_03_-_2021.pdf
Ratoma (Conakry),Cas Probables,0,0,2021-03-22,Guinée : Rapport de situation n°37 sur l'épidémie de la Maladie à Virus Ebola (MVE) - 23 mars 2021 [FR],2021-03-23,37,https://www.humanitarianresponse.info/sites/www.humanitarianresponse.info/files/documents/files/sitrep_n37_epidemie_de_mve_2021_anss_guinee_23-_03_-_2021.pdf
Total,Cas Probables,0,4,2021-03-22,Guinée : Rapport de situation n°37 sur l'épidémie de la Maladie à Virus Ebola (MVE) - 23 mars 2021 [FR],2021-03-23,37,https://www.humanitarianresponse.info/sites/www.humanitarianresponse.info/files/documents/files/sitrep_n37_epidemie_de_mve_2021_anss_guinee_23-_03_-_2021.pdf
N’Zérékoré,Cas Suspects,0,0,2021-03-22,Guinée : Rapport de situation n°37 sur l'épidémie de la Maladie à Virus Ebola (MVE) - 23 mars 2021 [FR],2021-03-23,37,https://www.humanitarianresponse.info/sites/www.humanitarianresponse.info/files/documents/files/sitrep_n37_epidemie_de_mve_2021_anss_guinee_23-_03_-_2021.pdf
Ratoma (Conakry),Cas Suspects,0,0,2021-03-22,Guinée : Rapport de situation n°37 sur l'épidémie de la Maladie à Virus Ebola (MVE) - 23 mars 2021 [FR],2021-03-23,37,https://www.humanitarianresponse.info/sites/www.humanitarianresponse.info/files/documents/files/sitrep_n37_epidemie_de_mve_2021_anss_guinee_23-_03_-_2021.pdf
Total,Cas Suspects,0,0,2021-03-22,Guinée : Rapport de situation n°37 sur l'épidémie de la Maladie à Virus Ebola (MVE) - 23 mars 2021 [FR],2021-03-23,37,https://www.humanitarianresponse.info/sites/www.humanitarianresponse.info/files/documents/files/sitrep_n37_epidemie_de_mve_2021_anss_guinee_23-_03_-_2021.pdf
CU de N’Zérékoré,Cas Confirmés,0,11,2021-03-23,Guinée : Rapport de situation n°38 sur l'épidémie de la Maladie à Virus Ebola (MVE) - 23 mars 2021 [FR],2021-03-23,38,https://www.humanitarianresponse.info/sites/www.humanitarianresponse.info/files/documents/files/sitrep_n_38_epidemie_de_mve_2021_nzerekore.pdf
Gouécké,Cas Confirmés,0,3,2021-03-23,Guinée : Rapport de situation n°38 sur l'épidémie de la Maladie à Virus Ebola (MVE) - 23 mars 2021 [FR],2021-03-23,38,https://www.humanitarianresponse.info/sites/www.humanitarianresponse.info/files/documents/files/sitrep_n_38_epidemie_de_mve_2021_nzerekore.pdf
Lola,Cas Confirmés,0,0,2021-03-23,Guinée : Rapport de situation n°38 sur l'épidémie de la Maladie à Virus Ebola (MVE) - 23 mars 2021 [FR],2021-03-23,38,https://www.humanitarianresponse.info/sites/www.humanitarianresponse.info/files/documents/files/sitrep_n_38_epidemie_de_mve_2021_nzerekore.pdf
Total,Cas Confirmés,0,14,2021-03-23,Guinée : Rapport de situation n°38 sur l'épidémie de la Maladie à Virus Ebola (MVE) - 23 mars 2021 [FR],2021-03-23,38,https://www.humanitarianresponse.info/sites/www.humanitarianresponse.info/files/documents/files/sitrep_n_38_epidemie_de_mve_2021_nzerekore.pdf
CU de N’Zérékoré,Cas Probables,0,4,2021-03-23,Guinée : Rapport de situation n°38 sur l'épidémie de la Maladie à Virus Ebola (MVE) - 23 mars 2021 [FR],2021-03-23,38,https://www.humanitarianresponse.info/sites/www.humanitarianresponse.info/files/documents/files/sitrep_n_38_epidemie_de_mve_2021_nzerekore.pdf
Gouécké,Cas Probables,0,0,2021-03-23,Guinée : Rapport de situation n°38 sur l'épidémie de la Maladie à Virus Ebola (MVE) - 23 mars 2021 [FR],2021-03-23,38,https://www.humanitarianresponse.info/sites/www.humanitarianresponse.info/files/documents/files/sitrep_n_38_epidemie_de_mve_2021_nzerekore.pdf
Lola,Cas Probables,0,0,2021-03-23,Guinée : Rapport de situation n°38 sur l'épidémie de la Maladie à Virus Ebola (MVE) - 23 mars 2021 [FR],2021-03-23,38,https://www.humanitarianresponse.info/sites/www.humanitarianresponse.info/files/documents/files/sitrep_n_38_epidemie_de_mve_2021_nzerekore.pdf
Total,Cas Probables,0,4,2021-03-23,Guinée : Rapport de situation n°38 sur l'épidémie de la Maladie à Virus Ebola (MVE) - 23 mars 2021 [FR],2021-03-23,38,https://www.humanitarianresponse.info/sites/www.humanitarianresponse.info/files/documents/files/sitrep_n_38_epidemie_de_mve_2021_nzerekore.pdf
CU de N’Zérékoré,Cas Suspects,4,4,2021-03-23,Guinée : Rapport de situation n°38 sur l'épidémie de la Maladie à Virus Ebola (MVE) - 23 mars 2021 [FR],2021-03-23,38,https://www.humanitarianresponse.info/sites/www.humanitarianresponse.info/files/documents/files/sitrep_n_38_epidemie_de_mve_2021_nzerekore.pdf
Gouécké,Cas Suspects,0,0,2021-03-23,Guinée : Rapport de situation n°38 sur l'épidémie de la Maladie à Virus Ebola (MVE) - 23 mars 2021 [FR],2021-03-23,38,https://www.humanitarianresponse.info/sites/www.humanitarianresponse.info/files/documents/files/sitrep_n_38_epidemie_de_mve_2021_nzerekore.pdf
Lola,Cas Suspects,0,0,2021-03-23,Guinée : Rapport de situation n°38 sur l'épidémie de la Maladie à Virus Ebola (MVE) - 23 mars 2021 [FR],2021-03-23,38,https://www.humanitarianresponse.info/sites/www.humanitarianresponse.info/files/documents/files/sitrep_n_38_epidemie_de_mve_2021_nzerekore.pdf
Total,Cas Suspects,4,4,2021-03-23,Guinée : Rapport de situation n°38 sur l'épidémie de la Maladie à Virus Ebola (MVE) - 23 mars 2021 [FR],2021-03-23,38,https://www.humanitarianresponse.info/sites/www.humanitarianresponse.info/files/documents/files/sitrep_n_38_epidemie_de_mve_2021_nzerekore.pdf
CU de N’Zérékoré,Cas Confirmés,0,11,2021-03-24,Guinée : Rapport de situation n°39 sur l'épidémie de la Maladie à Virus Ebola (MVE) - 24 mars 2021 [FR],2021-03-24,39,https://www.humanitarianresponse.info/sites/www.humanitarianresponse.info/files/documents/files/sitrep_n_39_epidemie_de_mve_2021_nzerekore_002.pdf
Gouécké,Cas Confirmés,0,3,2021-03-24,Guinée : Rapport de situation n°39 sur l'épidémie de la Maladie à Virus Ebola (MVE) - 24 mars 2021 [FR],2021-03-24,39,https://www.humanitarianresponse.info/sites/www.humanitarianresponse.info/files/documents/files/sitrep_n_39_epidemie_de_mve_2021_nzerekore_002.pdf
Lola,Cas Confirmés,0,0,2021-03-24,Guinée : Rapport de situation n°39 sur l'épidémie de la Maladie à Virus Ebola (MVE) - 24 mars 2021 [FR],2021-03-24,39,https://www.humanitarianresponse.info/sites/www.humanitarianresponse.info/files/documents/files/sitrep_n_39_epidemie_de_mve_2021_nzerekore_002.pdf
Total,Cas Confirmés,0,14,2021-03-24,Guinée : Rapport de situation n°39 sur l'épidémie de la Maladie à Virus Ebola (MVE) - 24 mars 2021 [FR],2021-03-24,39,https://www.humanitarianresponse.info/sites/www.humanitarianresponse.info/files/documents/files/sitrep_n_39_epidemie_de_mve_2021_nzerekore_002.pdf
CU de N’Zérékoré,Cas Probables,0,4,2021-03-24,Guinée : Rapport de situation n°39 sur l'épidémie de la Maladie à Virus Ebola (MVE) - 24 mars 2021 [FR],2021-03-24,39,https://www.humanitarianresponse.info/sites/www.humanitarianresponse.info/files/documents/files/sitrep_n_39_epidemie_de_mve_2021_nzerekore_002.pdf
Gouécké,Cas Probables,0,0,2021-03-24,Guinée : Rapport de situation n°39 sur l'épidémie de la Maladie à Virus Ebola (MVE) - 24 mars 2021 [FR],2021-03-24,39,https://www.humanitarianresponse.info/sites/www.humanitarianresponse.info/files/documents/files/sitrep_n_39_epidemie_de_mve_2021_nzerekore_002.pdf
Lola,Cas Probables,0,0,2021-03-24,Guinée : Rapport de situation n°39 sur l'épidémie de la Maladie à Virus Ebola (MVE) - 24 mars 2021 [FR],2021-03-24,39,https://www.humanitarianresponse.info/sites/www.humanitarianresponse.info/files/documents/files/sitrep_n_39_epidemie_de_mve_2021_nzerekore_002.pdf
Total,Cas Probables,0,4,2021-03-24,Guinée : Rapport de situation n°39 sur l'épidémie de la Maladie à Virus Ebola (MVE) - 24 mars 2021 [FR],2021-03-24,39,https://www.humanitarianresponse.info/sites/www.humanitarianresponse.info/files/documents/files/sitrep_n_39_epidemie_de_mve_2021_nzerekore_002.pdf
CU de N’Zérékoré,Cas Suspects,2,2,2021-03-24,Guinée : Rapport de situation n°39 sur l'épidémie de la Maladie à Virus Ebola (MVE) - 24 mars 2021 [FR],2021-03-24,39,https://www.humanitarianresponse.info/sites/www.humanitarianresponse.info/files/documents/files/sitrep_n_39_epidemie_de_mve_2021_nzerekore_002.pdf
Gouécké,Cas Suspects,0,0,2021-03-24,Guinée : Rapport de situation n°39 sur l'épidémie de la Maladie à Virus Ebola (MVE) - 24 mars 2021 [FR],2021-03-24,39,https://www.humanitarianresponse.info/sites/www.humanitarianresponse.info/files/documents/files/sitrep_n_39_epidemie_de_mve_2021_nzerekore_002.pdf
Lola,Cas Suspects,0,0,2021-03-24,Guinée : Rapport de situation n°39 sur l'épidémie de la Maladie à Virus Ebola (MVE) - 24 mars 2021 [FR],2021-03-24,39,https://www.humanitarianresponse.info/sites/www.humanitarianresponse.info/files/documents/files/sitrep_n_39_epidemie_de_mve_2021_nzerekore_002.pdf
Total,Cas Suspects,2,2,2021-03-24,Guinée : Rapport de situation n°39 sur l'épidémie de la Maladie à Virus Ebola (MVE) - 24 mars 2021 [FR],2021-03-24,39,https://www.humanitarianresponse.info/sites/www.humanitarianresponse.info/files/documents/files/sitrep_n_39_epidemie_de_mve_2021_nzerekore_002.pdf
CU de N’Zérékoré,Cas Confirmés,0,11,2021-03-25,Guinée : Rapport de situation n°40 sur l'épidémie de la Maladie à Virus Ebola (MVE) - 25 mars 2021 [FR],2021-03-25,40,https://www.humanitarianresponse.info/sites/www.humanitarianresponse.info/files/documents/files/sitrep_ndeg_40_epidemie_de_mve_2021_nzerekore_-_copie.pdf
Gouécké,Cas Confirmés,0,3,2021-03-25,Guinée : Rapport de situation n°40 sur l'épidémie de la Maladie à Virus Ebola (MVE) - 25 mars 2021 [FR],2021-03-25,40,https://www.humanitarianresponse.info/sites/www.humanitarianresponse.info/files/documents/files/sitrep_ndeg_40_epidemie_de_mve_2021_nzerekore_-_copie.pdf
Lola,Cas Confirmés,0,0,2021-03-25,Guinée : Rapport de situation n°40 sur l'épidémie de la Maladie à Virus Ebola (MVE) - 25 mars 2021 [FR],2021-03-25,40,https://www.humanitarianresponse.info/sites/www.humanitarianresponse.info/files/documents/files/sitrep_ndeg_40_epidemie_de_mve_2021_nzerekore_-_copie.pdf
Total,Cas Confirmés,0,14,2021-03-25,Guinée : Rapport de situation n°40 sur l'épidémie de la Maladie à Virus Ebola (MVE) - 25 mars 2021 [FR],2021-03-25,40,https://www.humanitarianresponse.info/sites/www.humanitarianresponse.info/files/documents/files/sitrep_ndeg_40_epidemie_de_mve_2021_nzerekore_-_copie.pdf
CU de N’Zérékoré,Cas Probables,0,4,2021-03-25,Guinée : Rapport de situation n°40 sur l'épidémie de la Maladie à Virus Ebola (MVE) - 25 mars 2021 [FR],2021-03-25,40,https://www.humanitarianresponse.info/sites/www.humanitarianresponse.info/files/documents/files/sitrep_ndeg_40_epidemie_de_mve_2021_nzerekore_-_copie.pdf
Gouécké,Cas Probables,0,0,2021-03-25,Guinée : Rapport de situation n°40 sur l'épidémie de la Maladie à Virus Ebola (MVE) - 25 mars 2021 [FR],2021-03-25,40,https://www.humanitarianresponse.info/sites/www.humanitarianresponse.info/files/documents/files/sitrep_ndeg_40_epidemie_de_mve_2021_nzerekore_-_copie.pdf
Lola,Cas Probables,0,0,2021-03-25,Guinée : Rapport de situation n°40 sur l'épidémie de la Maladie à Virus Ebola (MVE) - 25 mars 2021 [FR],2021-03-25,40,https://www.humanitarianresponse.info/sites/www.humanitarianresponse.info/files/documents/files/sitrep_ndeg_40_epidemie_de_mve_2021_nzerekore_-_copie.pdf
Total,Cas Probables,0,4,2021-03-25,Guinée : Rapport de situation n°40 sur l'épidémie de la Maladie à Virus Ebola (MVE) - 25 mars 2021 [FR],2021-03-25,40,https://www.humanitarianresponse.info/sites/www.humanitarianresponse.info/files/documents/files/sitrep_ndeg_40_epidemie_de_mve_2021_nzerekore_-_copie.pdf
CU de N’Zérékoré,Cas Suspects,1,1,2021-03-25,Guinée : Rapport de situation n°40 sur l'épidémie de la Maladie à Virus Ebola (MVE) - 25 mars 2021 [FR],2021-03-25,40,https://www.humanitarianresponse.info/sites/www.humanitarianresponse.info/files/documents/files/sitrep_ndeg_40_epidemie_de_mve_2021_nzerekore_-_copie.pdf
Gouécké,Cas Suspects,0,0,2021-03-25,Guinée : Rapport de situation n°40 sur l'épidémie de la Maladie à Virus Ebola (MVE) - 25 mars 2021 [FR],2021-03-25,40,https://www.humanitarianresponse.info/sites/www.humanitarianresponse.info/files/documents/files/sitrep_ndeg_40_epidemie_de_mve_2021_nzerekore_-_copie.pdf
Lola,Cas Suspects,0,0,2021-03-25,Guinée : Rapport de situation n°40 sur l'épidémie de la Maladie à Virus Ebola (MVE) - 25 mars 2021 [FR],2021-03-25,40,https://www.humanitarianresponse.info/sites/www.humanitarianresponse.info/files/documents/files/sitrep_ndeg_40_epidemie_de_mve_2021_nzerekore_-_copie.pdf
Total,Cas Suspects,1,1,2021-03-25,Guinée : Rapport de situation n°40 sur l'épidémie de la Maladie à Virus Ebola (MVE) - 25 mars 2021 [FR],2021-03-25,40,https://www.humanitarianresponse.info/sites/www.humanitarianresponse.info/files/documents/files/sitrep_ndeg_40_epidemie_de_mve_2021_nzerekore_-_copie.pdf
CU de N’Zérékoré,Cas Confirmés,0,11,2021-03-26,Guinée : Rapport de situation n°41 sur l'épidémie de la Maladie à Virus Ebola (MVE) - 26 mars 2021 [FR],2021-03-26,41,https://www.humanitarianresponse.info/sites/www.humanitarianresponse.info/files/documents/files/sitrep_ndeg_41_epidemie_de_mve_2021_nzerekore.pdf
Gouécké,Cas Confirmés,0,3,2021-03-26,Guinée : Rapport de situation n°41 sur l'épidémie de la Maladie à Virus Ebola (MVE) - 26 mars 2021 [FR],2021-03-26,41,https://www.humanitarianresponse.info/sites/www.humanitarianresponse.info/files/documents/files/sitrep_ndeg_41_epidemie_de_mve_2021_nzerekore.pdf
Lola,Cas Confirmés,0,0,2021-03-26,Guinée : Rapport de situation n°41 sur l'épidémie de la Maladie à Virus Ebola (MVE) - 26 mars 2021 [FR],2021-03-26,41,https://www.humanitarianresponse.info/sites/www.humanitarianresponse.info/files/documents/files/sitrep_ndeg_41_epidemie_de_mve_2021_nzerekore.pdf
Total,Cas Confirmés,0,14,2021-03-26,Guinée : Rapport de situation n°41 sur l'épidémie de la Maladie à Virus Ebola (MVE) - 26 mars 2021 [FR],2021-03-26,41,https://www.humanitarianresponse.info/sites/www.humanitarianresponse.info/files/documents/files/sitrep_ndeg_41_epidemie_de_mve_2021_nzerekore.pdf
CU de N’Zérékoré,Cas Probables,0,4,2021-03-26,Guinée : Rapport de situation n°41 sur l'épidémie de la Maladie à Virus Ebola (MVE) - 26 mars 2021 [FR],2021-03-26,41,https://www.humanitarianresponse.info/sites/www.humanitarianresponse.info/files/documents/files/sitrep_ndeg_41_epidemie_de_mve_2021_nzerekore.pdf
Gouécké,Cas Probables,0,0,2021-03-26,Guinée : Rapport de situation n°41 sur l'épidémie de la Maladie à Virus Ebola (MVE) - 26 mars 2021 [FR],2021-03-26,41,https://www.humanitarianresponse.info/sites/www.humanitarianresponse.info/files/documents/files/sitrep_ndeg_41_epidemie_de_mve_2021_nzerekore.pdf
Lola,Cas Probables,0,0,2021-03-26,Guinée : Rapport de situation n°41 sur l'épidémie de la Maladie à Virus Ebola (MVE) - 26 mars 2021 [FR],2021-03-26,41,https://www.humanitarianresponse.info/sites/www.humanitarianresponse.info/files/documents/files/sitrep_ndeg_41_epidemie_de_mve_2021_nzerekore.pdf
Total,Cas Probables,0,4,2021-03-26,Guinée : Rapport de situation n°41 sur l'épidémie de la Maladie à Virus Ebola (MVE) - 26 mars 2021 [FR],2021-03-26,41,https://www.humanitarianresponse.info/sites/www.humanitarianresponse.info/files/documents/files/sitrep_ndeg_41_epidemie_de_mve_2021_nzerekore.pdf
CU de N’Zérékoré,Cas Suspects,1,1,2021-03-26,Guinée : Rapport de situation n°41 sur l'épidémie de la Maladie à Virus Ebola (MVE) - 26 mars 2021 [FR],2021-03-26,41,https://www.humanitarianresponse.info/sites/www.humanitarianresponse.info/files/documents/files/sitrep_ndeg_41_epidemie_de_mve_2021_nzerekore.pdf
Gouécké,Cas Suspects,0,0,2021-03-26,Guinée : Rapport de situation n°41 sur l'épidémie de la Maladie à Virus Ebola (MVE) - 26 mars 2021 [FR],2021-03-26,41,https://www.humanitarianresponse.info/sites/www.humanitarianresponse.info/files/documents/files/sitrep_ndeg_41_epidemie_de_mve_2021_nzerekore.pdf
Lola,Cas Suspects,0,0,2021-03-26,Guinée : Rapport de situation n°41 sur l'épidémie de la Maladie à Virus Ebola (MVE) - 26 mars 2021 [FR],2021-03-26,41,https://www.humanitarianresponse.info/sites/www.humanitarianresponse.info/files/documents/files/sitrep_ndeg_41_epidemie_de_mve_2021_nzerekore.pdf
Total,Cas Suspects,1,1,2021-03-26,Guinée : Rapport de situation n°41 sur l'épidémie de la Maladie à Virus Ebola (MVE) - 26 mars 2021 [FR],2021-03-26,41,https://www.humanitarianresponse.info/sites/www.humanitarianresponse.info/files/documents/files/sitrep_ndeg_41_epidemie_de_mve_2021_nzerekore.pdf
CU de N’Zérékoré,Cas Confirmés,0,11,2021-03-27,Guinée : Rapport de situation n°42 sur l'épidémie de la Maladie à Virus Ebola (MVE) - 27 mars 2021 [FR],2021-03-27,42,https://www.humanitarianresponse.info/sites/www.humanitarianresponse.info/files/documents/files/sitrep_n_42_epidemie_de_mve_2021_nzerekore.pdf
Gouécké,Cas Confirmés,0,3,2021-03-27,Guinée : Rapport de situation n°42 sur l'épidémie de la Maladie à Virus Ebola (MVE) - 27 mars 2021 [FR],2021-03-27,42,https://www.humanitarianresponse.info/sites/www.humanitarianresponse.info/files/documents/files/sitrep_n_42_epidemie_de_mve_2021_nzerekore.pdf
Lola,Cas Confirmés,0,0,2021-03-27,Guinée : Rapport de situation n°42 sur l'épidémie de la Maladie à Virus Ebola (MVE) - 27 mars 2021 [FR],2021-03-27,42,https://www.humanitarianresponse.info/sites/www.humanitarianresponse.info/files/documents/files/sitrep_n_42_epidemie_de_mve_2021_nzerekore.pdf
Total,Cas Confirmés,0,14,2021-03-27,Guinée : Rapport de situation n°42 sur l'épidémie de la Maladie à Virus Ebola (MVE) - 27 mars 2021 [FR],2021-03-27,42,https://www.humanitarianresponse.info/sites/www.humanitarianresponse.info/files/documents/files/sitrep_n_42_epidemie_de_mve_2021_nzerekore.pdf
CU de N’Zérékoré,Cas Probables,0,4,2021-03-27,Guinée : Rapport de situation n°42 sur l'épidémie de la Maladie à Virus Ebola (MVE) - 27 mars 2021 [FR],2021-03-27,42,https://www.humanitarianresponse.info/sites/www.humanitarianresponse.info/files/documents/files/sitrep_n_42_epidemie_de_mve_2021_nzerekore.pdf
Gouécké,Cas Probables,0,0,2021-03-27,Guinée : Rapport de situation n°42 sur l'épidémie de la Maladie à Virus Ebola (MVE) - 27 mars 2021 [FR],2021-03-27,42,https://www.humanitarianresponse.info/sites/www.humanitarianresponse.info/files/documents/files/sitrep_n_42_epidemie_de_mve_2021_nzerekore.pdf
Lola,Cas Probables,0,0,2021-03-27,Guinée : Rapport de situation n°42 sur l'épidémie de la Maladie à Virus Ebola (MVE) - 27 mars 2021 [FR],2021-03-27,42,https://www.humanitarianresponse.info/sites/www.humanitarianresponse.info/files/documents/files/sitrep_n_42_epidemie_de_mve_2021_nzerekore.pdf
Total,Cas Probables,0,4,2021-03-27,Guinée : Rapport de situation n°42 sur l'épidémie de la Maladie à Virus Ebola (MVE) - 27 mars 2021 [FR],2021-03-27,42,https://www.humanitarianresponse.info/sites/www.humanitarianresponse.info/files/documents/files/sitrep_n_42_epidemie_de_mve_2021_nzerekore.pdf
CU de N’Zérékoré,Cas Suspects,3,3,2021-03-27,Guinée : Rapport de situation n°42 sur l'épidémie de la Maladie à Virus Ebola (MVE) - 27 mars 2021 [FR],2021-03-27,42,https://www.humanitarianresponse.info/sites/www.humanitarianresponse.info/files/documents/files/sitrep_n_42_epidemie_de_mve_2021_nzerekore.pdf
Gouécké,Cas Suspects,0,0,2021-03-27,Guinée : Rapport de situation n°42 sur l'épidémie de la Maladie à Virus Ebola (MVE) - 27 mars 2021 [FR],2021-03-27,42,https://www.humanitarianresponse.info/sites/www.humanitarianresponse.info/files/documents/files/sitrep_n_42_epidemie_de_mve_2021_nzerekore.pdf
Lola,Cas Suspects,0,0,2021-03-27,Guinée : Rapport de situation n°42 sur l'épidémie de la Maladie à Virus Ebola (MVE) - 27 mars 2021 [FR],2021-03-27,42,https://www.humanitarianresponse.info/sites/www.humanitarianresponse.info/files/documents/files/sitrep_n_42_epidemie_de_mve_2021_nzerekore.pdf
Total,Cas Suspects,3,3,2021-03-27,Guinée : Rapport de situation n°42 sur l'épidémie de la Maladie à Virus Ebola (MVE) - 27 mars 2021 [FR],2021-03-27,42,https://www.humanitarianresponse.info/sites/www.humanitarianresponse.info/files/documents/files/sitrep_n_42_epidemie_de_mve_2021_nzerekore.pdf
CU de N’Zérékoré,Cas Confirmés,0,11,2021-03-28,Guinée : Rapport de situation n°43 sur l'épidémie de la Maladie à Virus Ebola (MVE) - 28 mars 2021 [FR],2021-03-28,43,https://www.humanitarianresponse.info/sites/www.humanitarianresponse.info/files/documents/files/sitrep_ndeg_43_epidemie_de_mve_2021_nzerekore.pdf
Gouécké,Cas Confirmés,0,3,2021-03-28,Guinée : Rapport de situation n°43 sur l'épidémie de la Maladie à Virus Ebola (MVE) - 28 mars 2021 [FR],2021-03-28,43,https://www.humanitarianresponse.info/sites/www.humanitarianresponse.info/files/documents/files/sitrep_ndeg_43_epidemie_de_mve_2021_nzerekore.pdf
Lola,Cas Confirmés,0,0,2021-03-28,Guinée : Rapport de situation n°43 sur l'épidémie de la Maladie à Virus Ebola (MVE) - 28 mars 2021 [FR],2021-03-28,43,https://www.humanitarianresponse.info/sites/www.humanitarianresponse.info/files/documents/files/sitrep_ndeg_43_epidemie_de_mve_2021_nzerekore.pdf
Total,Cas Confirmés,0,14,2021-03-28,Guinée : Rapport de situation n°43 sur l'épidémie de la Maladie à Virus Ebola (MVE) - 28 mars 2021 [FR],2021-03-28,43,https://www.humanitarianresponse.info/sites/www.humanitarianresponse.info/files/documents/files/sitrep_ndeg_43_epidemie_de_mve_2021_nzerekore.pdf
CU de N’Zérékoré,Cas Probables,0,4,2021-03-28,Guinée : Rapport de situation n°43 sur l'épidémie de la Maladie à Virus Ebola (MVE) - 28 mars 2021 [FR],2021-03-28,43,https://www.humanitarianresponse.info/sites/www.humanitarianresponse.info/files/documents/files/sitrep_ndeg_43_epidemie_de_mve_2021_nzerekore.pdf
Gouécké,Cas Probables,0,0,2021-03-28,Guinée : Rapport de situation n°43 sur l'épidémie de la Maladie à Virus Ebola (MVE) - 28 mars 2021 [FR],2021-03-28,43,https://www.humanitarianresponse.info/sites/www.humanitarianresponse.info/files/documents/files/sitrep_ndeg_43_epidemie_de_mve_2021_nzerekore.pdf
Lola,Cas Probables,0,0,2021-03-28,Guinée : Rapport de situation n°43 sur l'épidémie de la Maladie à Virus Ebola (MVE) - 28 mars 2021 [FR],2021-03-28,43,https://www.humanitarianresponse.info/sites/www.humanitarianresponse.info/files/documents/files/sitrep_ndeg_43_epidemie_de_mve_2021_nzerekore.pdf
Total,Cas Probables,0,4,2021-03-28,Guinée : Rapport de situation n°43 sur l'épidémie de la Maladie à Virus Ebola (MVE) - 28 mars 2021 [FR],2021-03-28,43,https://www.humanitarianresponse.info/sites/www.humanitarianresponse.info/files/documents/files/sitrep_ndeg_43_epidemie_de_mve_2021_nzerekore.pdf
CU de N’Zérékoré,Cas Suspects,0,0,2021-03-28,Guinée : Rapport de situation n°43 sur l'épidémie de la Maladie à Virus Ebola (MVE) - 28 mars 2021 [FR],2021-03-28,43,https://www.humanitarianresponse.info/sites/www.humanitarianresponse.info/files/documents/files/sitrep_ndeg_43_epidemie_de_mve_2021_nzerekore.pdf
Gouécké,Cas Suspects,0,0,2021-03-28,Guinée : Rapport de situation n°43 sur l'épidémie de la Maladie à Virus Ebola (MVE) - 28 mars 2021 [FR],2021-03-28,43,https://www.humanitarianresponse.info/sites/www.humanitarianresponse.info/files/documents/files/sitrep_ndeg_43_epidemie_de_mve_2021_nzerekore.pdf
Lola,Cas Suspects,0,0,2021-03-28,Guinée : Rapport de situation n°43 sur l'épidémie de la Maladie à Virus Ebola (MVE) - 28 mars 2021 [FR],2021-03-28,43,https://www.humanitarianresponse.info/sites/www.humanitarianresponse.info/files/documents/files/sitrep_ndeg_43_epidemie_de_mve_2021_nzerekore.pdf
Total,Cas Suspects,0,0,2021-03-28,Guinée : Rapport de situation n°43 sur l'épidémie de la Maladie à Virus Ebola (MVE) - 28 mars 2021 [FR],2021-03-28,43,https://www.humanitarianresponse.info/sites/www.humanitarianresponse.info/files/documents/files/sitrep_ndeg_43_epidemie_de_mve_2021_nzerekore.pdf
CU de N’Zérékoré,Cas Confirmés,0,11,2021-03-29,Guinée : Rapport de situation n°44 sur l'épidémie de la Maladie à Virus Ebola (MVE) - 29 mars 2021 [FR],2021-03-29,44,https://www.humanitarianresponse.info/sites/www.humanitarianresponse.info/files/documents/files/sitrep_n_44_epidemie_de_mve_2021_nzerekore.pdf
Gouécké,Cas Confirmés,0,3,2021-03-29,Guinée : Rapport de situation n°44 sur l'épidémie de la Maladie à Virus Ebola (MVE) - 29 mars 2021 [FR],2021-03-29,44,https://www.humanitarianresponse.info/sites/www.humanitarianresponse.info/files/documents/files/sitrep_n_44_epidemie_de_mve_2021_nzerekore.pdf
Lola,Cas Confirmés,0,0,2021-03-29,Guinée : Rapport de situation n°44 sur l'épidémie de la Maladie à Virus Ebola (MVE) - 29 mars 2021 [FR],2021-03-29,44,https://www.humanitarianresponse.info/sites/www.humanitarianresponse.info/files/documents/files/sitrep_n_44_epidemie_de_mve_2021_nzerekore.pdf
Total,Cas Confirmés,0,14,2021-03-29,Guinée : Rapport de situation n°44 sur l'épidémie de la Maladie à Virus Ebola (MVE) - 29 mars 2021 [FR],2021-03-29,44,https://www.humanitarianresponse.info/sites/www.humanitarianresponse.info/files/documents/files/sitrep_n_44_epidemie_de_mve_2021_nzerekore.pdf
CU de N’Zérékoré,Cas Probables,0,4,2021-03-29,Guinée : Rapport de situation n°44 sur l'épidémie de la Maladie à Virus Ebola (MVE) - 29 mars 2021 [FR],2021-03-29,44,https://www.humanitarianresponse.info/sites/www.humanitarianresponse.info/files/documents/files/sitrep_n_44_epidemie_de_mve_2021_nzerekore.pdf
Gouécké,Cas Probables,0,0,2021-03-29,Guinée : Rapport de situation n°44 sur l'épidémie de la Maladie à Virus Ebola (MVE) - 29 mars 2021 [FR],2021-03-29,44,https://www.humanitarianresponse.info/sites/www.humanitarianresponse.info/files/documents/files/sitrep_n_44_epidemie_de_mve_2021_nzerekore.pdf
Lola,Cas Probables,0,0,2021-03-29,Guinée : Rapport de situation n°44 sur l'épidémie de la Maladie à Virus Ebola (MVE) - 29 mars 2021 [FR],2021-03-29,44,https://www.humanitarianresponse.info/sites/www.humanitarianresponse.info/files/documents/files/sitrep_n_44_epidemie_de_mve_2021_nzerekore.pdf
Total,Cas Probables,0,4,2021-03-29,Guinée : Rapport de situation n°44 sur l'épidémie de la Maladie à Virus Ebola (MVE) - 29 mars 2021 [FR],2021-03-29,44,https://www.humanitarianresponse.info/sites/www.humanitarianresponse.info/files/documents/files/sitrep_n_44_epidemie_de_mve_2021_nzerekore.pdf
CU de N’Zérékoré,Cas Suspects,2,2,2021-03-29,Guinée : Rapport de situation n°44 sur l'épidémie de la Maladie à Virus Ebola (MVE) - 29 mars 2021 [FR],2021-03-29,44,https://www.humanitarianresponse.info/sites/www.humanitarianresponse.info/files/documents/files/sitrep_n_44_epidemie_de_mve_2021_nzerekore.pdf
Gouécké,Cas Suspects,0,0,2021-03-29,Guinée : Rapport de situation n°44 sur l'épidémie de la Maladie à Virus Ebola (MVE) - 29 mars 2021 [FR],2021-03-29,44,https://www.humanitarianresponse.info/sites/www.humanitarianresponse.info/files/documents/files/sitrep_n_44_epidemie_de_mve_2021_nzerekore.pdf
Lola,Cas Suspects,0,0,2021-03-29,Guinée : Rapport de situation n°44 sur l'épidémie de la Maladie à Virus Ebola (MVE) - 29 mars 2021 [FR],2021-03-29,44,https://www.humanitarianresponse.info/sites/www.humanitarianresponse.info/files/documents/files/sitrep_n_44_epidemie_de_mve_2021_nzerekore.pdf
Total,Cas Suspects,2,2,2021-03-29,Guinée : Rapport de situation n°44 sur l'épidémie de la Maladie à Virus Ebola (MVE) - 29 mars 2021 [FR],2021-03-29,44,https://www.humanitarianresponse.info/sites/www.humanitarianresponse.info/files/documents/files/sitrep_n_44_epidemie_de_mve_2021_nzerekore.pdf
CU de N’Zérékoré,Cas Confirmés,0,11,2021-03-30,Guinée : Rapport de situation n°45 sur l'épidémie de la Maladie à Virus Ebola (MVE) - 30 mars 2021 [FR],2021-03-30,45,https://www.humanitarianresponse.info/sites/www.humanitarianresponse.info/files/documents/files/sitrep_n_45_epidemie_de_mve_2021_nzerekore.pdf
Gouécké,Cas Confirmés,0,3,2021-03-30,Guinée : Rapport de situation n°45 sur l'épidémie de la Maladie à Virus Ebola (MVE) - 30 mars 2021 [FR],2021-03-30,45,https://www.humanitarianresponse.info/sites/www.humanitarianresponse.info/files/documents/files/sitrep_n_45_epidemie_de_mve_2021_nzerekore.pdf
Lola,Cas Confirmés,0,0,2021-03-30,Guinée : Rapport de situation n°45 sur l'épidémie de la Maladie à Virus Ebola (MVE) - 30 mars 2021 [FR],2021-03-30,45,https://www.humanitarianresponse.info/sites/www.humanitarianresponse.info/files/documents/files/sitrep_n_45_epidemie_de_mve_2021_nzerekore.pdf
Total,Cas Confirmés,0,14,2021-03-30,Guinée : Rapport de situation n°45 sur l'épidémie de la Maladie à Virus Ebola (MVE) - 30 mars 2021 [FR],2021-03-30,45,https://www.humanitarianresponse.info/sites/www.humanitarianresponse.info/files/documents/files/sitrep_n_45_epidemie_de_mve_2021_nzerekore.pdf
CU de N’Zérékoré,Cas Probables,0,4,2021-03-30,Guinée : Rapport de situation n°45 sur l'épidémie de la Maladie à Virus Ebola (MVE) - 30 mars 2021 [FR],2021-03-30,45,https://www.humanitarianresponse.info/sites/www.humanitarianresponse.info/files/documents/files/sitrep_n_45_epidemie_de_mve_2021_nzerekore.pdf
Gouécké,Cas Probables,0,0,2021-03-30,Guinée : Rapport de situation n°45 sur l'épidémie de la Maladie à Virus Ebola (MVE) - 30 mars 2021 [FR],2021-03-30,45,https://www.humanitarianresponse.info/sites/www.humanitarianresponse.info/files/documents/files/sitrep_n_45_epidemie_de_mve_2021_nzerekore.pdf
Lola,Cas Probables,0,0,2021-03-30,Guinée : Rapport de situation n°45 sur l'épidémie de la Maladie à Virus Ebola (MVE) - 30 mars 2021 [FR],2021-03-30,45,https://www.humanitarianresponse.info/sites/www.humanitarianresponse.info/files/documents/files/sitrep_n_45_epidemie_de_mve_2021_nzerekore.pdf
Total,Cas Probables,0,4,2021-03-30,Guinée : Rapport de situation n°45 sur l'épidémie de la Maladie à Virus Ebola (MVE) - 30 mars 2021 [FR],2021-03-30,45,https://www.humanitarianresponse.info/sites/www.humanitarianresponse.info/files/documents/files/sitrep_n_45_epidemie_de_mve_2021_nzerekore.pdf
CU de N’Zérékoré,Cas Suspects,4,4,2021-03-30,Guinée : Rapport de situation n°45 sur l'épidémie de la Maladie à Virus Ebola (MVE) - 30 mars 2021 [FR],2021-03-30,45,https://www.humanitarianresponse.info/sites/www.humanitarianresponse.info/files/documents/files/sitrep_n_45_epidemie_de_mve_2021_nzerekore.pdf
Gouécké,Cas Suspects,0,0,2021-03-30,Guinée : Rapport de situation n°45 sur l'épidémie de la Maladie à Virus Ebola (MVE) - 30 mars 2021 [FR],2021-03-30,45,https://www.humanitarianresponse.info/sites/www.humanitarianresponse.info/files/documents/files/sitrep_n_45_epidemie_de_mve_2021_nzerekore.pdf
Lola,Cas Suspects,0,0,2021-03-30,Guinée : Rapport de situation n°45 sur l'épidémie de la Maladie à Virus Ebola (MVE) - 30 mars 2021 [FR],2021-03-30,45,https://www.humanitarianresponse.info/sites/www.humanitarianresponse.info/files/documents/files/sitrep_n_45_epidemie_de_mve_2021_nzerekore.pdf
Total,Cas Suspects,4,4,2021-03-30,Guinée : Rapport de situation n°45 sur l'épidémie de la Maladie à Virus Ebola (MVE) - 30 mars 2021 [FR],2021-03-30,45,https://www.humanitarianresponse.info/sites/www.humanitarianresponse.info/files/documents/files/sitrep_n_45_epidemie_de_mve_2021_nzerekore.pdf
CU de N’Zérékoré,Cas Confirmés,0,11,2021-03-31,Guinée : Rapport de situation n°46 sur l'épidémie de la Maladie à Virus Ebola (MVE) - 31 mars 2021 [FR],2021-03-31,46,https://www.humanitarianresponse.info/sites/www.humanitarianresponse.info/files/documents/files/sitrep_n_46_epidemie_de_mve_2021_nzerekore.pdf
Gouécké,Cas Confirmés,0,3,2021-03-31,Guinée : Rapport de situation n°46 sur l'épidémie de la Maladie à Virus Ebola (MVE) - 31 mars 2021 [FR],2021-03-31,46,https://www.humanitarianresponse.info/sites/www.humanitarianresponse.info/files/documents/files/sitrep_n_46_epidemie_de_mve_2021_nzerekore.pdf
Lola,Cas Confirmés,0,0,2021-03-31,Guinée : Rapport de situation n°46 sur l'épidémie de la Maladie à Virus Ebola (MVE) - 31 mars 2021 [FR],2021-03-31,46,https://www.humanitarianresponse.info/sites/www.humanitarianresponse.info/files/documents/files/sitrep_n_46_epidemie_de_mve_2021_nzerekore.pdf
Total,Cas Confirmés,0,14,2021-03-31,Guinée : Rapport de situation n°46 sur l'épidémie de la Maladie à Virus Ebola (MVE) - 31 mars 2021 [FR],2021-03-31,46,https://www.humanitarianresponse.info/sites/www.humanitarianresponse.info/files/documents/files/sitrep_n_46_epidemie_de_mve_2021_nzerekore.pdf
CU de N’Zérékoré,Cas Probables,0,4,2021-03-31,Guinée : Rapport de situation n°46 sur l'épidémie de la Maladie à Virus Ebola (MVE) - 31 mars 2021 [FR],2021-03-31,46,https://www.humanitarianresponse.info/sites/www.humanitarianresponse.info/files/documents/files/sitrep_n_46_epidemie_de_mve_2021_nzerekore.pdf
Gouécké,Cas Probables,0,0,2021-03-31,Guinée : Rapport de situation n°46 sur l'épidémie de la Maladie à Virus Ebola (MVE) - 31 mars 2021 [FR],2021-03-31,46,https://www.humanitarianresponse.info/sites/www.humanitarianresponse.info/files/documents/files/sitrep_n_46_epidemie_de_mve_2021_nzerekore.pdf
Lola,Cas Probables,0,0,2021-03-31,Guinée : Rapport de situation n°46 sur l'épidémie de la Maladie à Virus Ebola (MVE) - 31 mars 2021 [FR],2021-03-31,46,https://www.humanitarianresponse.info/sites/www.humanitarianresponse.info/files/documents/files/sitrep_n_46_epidemie_de_mve_2021_nzerekore.pdf
Total,Cas Probables,0,4,2021-03-31,Guinée : Rapport de situation n°46 sur l'épidémie de la Maladie à Virus Ebola (MVE) - 31 mars 2021 [FR],2021-03-31,46,https://www.humanitarianresponse.info/sites/www.humanitarianresponse.info/files/documents/files/sitrep_n_46_epidemie_de_mve_2021_nzerekore.pdf
CU de N’Zérékoré,Cas Suspects,0,0,2021-03-31,Guinée : Rapport de situation n°46 sur l'épidémie de la Maladie à Virus Ebola (MVE) - 31 mars 2021 [FR],2021-03-31,46,https://www.humanitarianresponse.info/sites/www.humanitarianresponse.info/files/documents/files/sitrep_n_46_epidemie_de_mve_2021_nzerekore.pdf
Gouécké,Cas Suspects,0,0,2021-03-31,Guinée : Rapport de situation n°46 sur l'épidémie de la Maladie à Virus Ebola (MVE) - 31 mars 2021 [FR],2021-03-31,46,https://www.humanitarianresponse.info/sites/www.humanitarianresponse.info/files/documents/files/sitrep_n_46_epidemie_de_mve_2021_nzerekore.pdf
Lola,Cas Suspects,0,0,2021-03-31,Guinée : Rapport de situation n°46 sur l'épidémie de la Maladie à Virus Ebola (MVE) - 31 mars 2021 [FR],2021-03-31,46,https://www.humanitarianresponse.info/sites/www.humanitarianresponse.info/files/documents/files/sitrep_n_46_epidemie_de_mve_2021_nzerekore.pdf
Total,Cas Suspects,0,0,2021-03-31,Guinée : Rapport de situation n°46 sur l'épidémie de la Maladie à Virus Ebola (MVE) - 31 mars 2021 [FR],2021-03-31,46,https://www.humanitarianresponse.info/sites/www.humanitarianresponse.info/files/documents/files/sitrep_n_46_epidemie_de_mve_2021_nzerekore.pdf
CU de N’Zérékoré,Cas Confirmés,1,12,2021-04-01,Guinée : Rapport de situation n°47 sur l'épidémie de la Maladie à Virus Ebola (MVE) - 1 avril 2021 [FR],2021-04-01,47,https://www.humanitarianresponse.info/sites/www.humanitarianresponse.info/files/documents/files/sitrep_n_47_epidemie_de_mve_2021_nzerekore.pdf
Gouécké,Cas Confirmés,0,3,2021-04-01,Guinée : Rapport de situation n°47 sur l'épidémie de la Maladie à Virus Ebola (MVE) - 1 avril 2021 [FR],2021-04-01,47,https://www.humanitarianresponse.info/sites/www.humanitarianresponse.info/files/documents/files/sitrep_n_47_epidemie_de_mve_2021_nzerekore.pdf
Soulouta,Cas Confirmés,0,0,2021-04-01,Guinée : Rapport de situation n°47 sur l'épidémie de la Maladie à Virus Ebola (MVE) - 1 avril 2021 [FR],2021-04-01,47,https://www.humanitarianresponse.info/sites/www.humanitarianresponse.info/files/documents/files/sitrep_n_47_epidemie_de_mve_2021_nzerekore.pdf
Total,Cas Confirmés,0,15,2021-04-01,Guinée : Rapport de situation n°47 sur l'épidémie de la Maladie à Virus Ebola (MVE) - 1 avril 2021 [FR],2021-04-01,47,https://www.humanitarianresponse.info/sites/www.humanitarianresponse.info/files/documents/files/sitrep_n_47_epidemie_de_mve_2021_nzerekore.pdf
CU de N’Zérékoré,Cas Probables,0,4,2021-04-01,Guinée : Rapport de situation n°47 sur l'épidémie de la Maladie à Virus Ebola (MVE) - 1 avril 2021 [FR],2021-04-01,47,https://www.humanitarianresponse.info/sites/www.humanitarianresponse.info/files/documents/files/sitrep_n_47_epidemie_de_mve_2021_nzerekore.pdf
Gouécké,Cas Probables,0,0,2021-04-01,Guinée : Rapport de situation n°47 sur l'épidémie de la Maladie à Virus Ebola (MVE) - 1 avril 2021 [FR],2021-04-01,47,https://www.humanitarianresponse.info/sites/www.humanitarianresponse.info/files/documents/files/sitrep_n_47_epidemie_de_mve_2021_nzerekore.pdf
Soulouta,Cas Probables,3,3,2021-04-01,Guinée : Rapport de situation n°47 sur l'épidémie de la Maladie à Virus Ebola (MVE) - 1 avril 2021 [FR],2021-04-01,47,https://www.humanitarianresponse.info/sites/www.humanitarianresponse.info/files/documents/files/sitrep_n_47_epidemie_de_mve_2021_nzerekore.pdf
Total,Cas Probables,3,7,2021-04-01,Guinée : Rapport de situation n°47 sur l'épidémie de la Maladie à Virus Ebola (MVE) - 1 avril 2021 [FR],2021-04-01,47,https://www.humanitarianresponse.info/sites/www.humanitarianresponse.info/files/documents/files/sitrep_n_47_epidemie_de_mve_2021_nzerekore.pdf
CU de N’Zérékoré,Cas Suspects,3,3,2021-04-01,Guinée : Rapport de situation n°47 sur l'épidémie de la Maladie à Virus Ebola (MVE) - 1 avril 2021 [FR],2021-04-01,47,https://www.humanitarianresponse.info/sites/www.humanitarianresponse.info/files/documents/files/sitrep_n_47_epidemie_de_mve_2021_nzerekore.pdf
Gouécké,Cas Suspects,0,0,2021-04-01,Guinée : Rapport de situation n°47 sur l'épidémie de la Maladie à Virus Ebola (MVE) - 1 avril 2021 [FR],2021-04-01,47,https://www.humanitarianresponse.info/sites/www.humanitarianresponse.info/files/documents/files/sitrep_n_47_epidemie_de_mve_2021_nzerekore.pdf
Soulouta,Cas Suspects,0,0,2021-04-01,Guinée : Rapport de situation n°47 sur l'épidémie de la Maladie à Virus Ebola (MVE) - 1 avril 2021 [FR],2021-04-01,47,https://www.humanitarianresponse.info/sites/www.humanitarianresponse.info/files/documents/files/sitrep_n_47_epidemie_de_mve_2021_nzerekore.pdf
Total,Cas Suspects,3,3,2021-04-01,Guinée : Rapport de situation n°47 sur l'épidémie de la Maladie à Virus Ebola (MVE) - 1 avril 2021 [FR],2021-04-01,47,https://www.humanitarianresponse.info/sites/www.humanitarianresponse.info/files/documents/files/sitrep_n_47_epidemie_de_mve_2021_nzerekore.pdf
CU de N’Zérékoré,Cas Confirmés,0,12,2021-04-02,Guinée : Rapport de situation n°48 sur l'épidémie de la Maladie à Virus Ebola (MVE) - 2 avril 2021 [FR],2021-04-02,48,https://www.humanitarianresponse.info/sites/www.humanitarianresponse.info/files/documents/files/sitrep_ndeg_48_epidemie_de_mve_2021_nzerekore.pdf
Gouécké,Cas Confirmés,0,3,2021-04-02,Guinée : Rapport de situation n°48 sur l'épidémie de la Maladie à Virus Ebola (MVE) - 2 avril 2021 [FR],2021-04-02,48,https://www.humanitarianresponse.info/sites/www.humanitarianresponse.info/files/documents/files/sitrep_ndeg_48_epidemie_de_mve_2021_nzerekore.pdf
Soulouta,Cas Confirmés,0,0,2021-04-02,Guinée : Rapport de situation n°48 sur l'épidémie de la Maladie à Virus Ebola (MVE) - 2 avril 2021 [FR],2021-04-02,48,https://www.humanitarianresponse.info/sites/www.humanitarianresponse.info/files/documents/files/sitrep_ndeg_48_epidemie_de_mve_2021_nzerekore.pdf
Total,Cas Confirmés,0,15,2021-04-02,Guinée : Rapport de situation n°48 sur l'épidémie de la Maladie à Virus Ebola (MVE) - 2 avril 2021 [FR],2021-04-02,48,https://www.humanitarianresponse.info/sites/www.humanitarianresponse.info/files/documents/files/sitrep_ndeg_48_epidemie_de_mve_2021_nzerekore.pdf
CU de N’Zérékoré,Cas Probables,0,4,2021-04-02,Guinée : Rapport de situation n°48 sur l'épidémie de la Maladie à Virus Ebola (MVE) - 2 avril 2021 [FR],2021-04-02,48,https://www.humanitarianresponse.info/sites/www.humanitarianresponse.info/files/documents/files/sitrep_ndeg_48_epidemie_de_mve_2021_nzerekore.pdf
Gouécké,Cas Probables,0,0,2021-04-02,Guinée : Rapport de situation n°48 sur l'épidémie de la Maladie à Virus Ebola (MVE) - 2 avril 2021 [FR],2021-04-02,48,https://www.humanitarianresponse.info/sites/www.humanitarianresponse.info/files/documents/files/sitrep_ndeg_48_epidemie_de_mve_2021_nzerekore.pdf
Soulouta,Cas Probables,0,3,2021-04-02,Guinée : Rapport de situation n°48 sur l'épidémie de la Maladie à Virus Ebola (MVE) - 2 avril 2021 [FR],2021-04-02,48,https://www.humanitarianresponse.info/sites/www.humanitarianresponse.info/files/documents/files/sitrep_ndeg_48_epidemie_de_mve_2021_nzerekore.pdf
Total,Cas Probables,0,7,2021-04-02,Guinée : Rapport de situation n°48 sur l'épidémie de la Maladie à Virus Ebola (MVE) - 2 avril 2021 [FR],2021-04-02,48,https://www.humanitarianresponse.info/sites/www.humanitarianresponse.info/files/documents/files/sitrep_ndeg_48_epidemie_de_mve_2021_nzerekore.pdf
CU de N’Zérékoré,Cas Suspects,1,1,2021-04-02,Guinée : Rapport de situation n°48 sur l'épidémie de la Maladie à Virus Ebola (MVE) - 2 avril 2021 [FR],2021-04-02,48,https://www.humanitarianresponse.info/sites/www.humanitarianresponse.info/files/documents/files/sitrep_ndeg_48_epidemie_de_mve_2021_nzerekore.pdf
Gouécké,Cas Suspects,0,0,2021-04-02,Guinée : Rapport de situation n°48 sur l'épidémie de la Maladie à Virus Ebola (MVE) - 2 avril 2021 [FR],2021-04-02,48,https://www.humanitarianresponse.info/sites/www.humanitarianresponse.info/files/documents/files/sitrep_ndeg_48_epidemie_de_mve_2021_nzerekore.pdf
Soulouta,Cas Suspects,0,0,2021-04-02,Guinée : Rapport de situation n°48 sur l'épidémie de la Maladie à Virus Ebola (MVE) - 2 avril 2021 [FR],2021-04-02,48,https://www.humanitarianresponse.info/sites/www.humanitarianresponse.info/files/documents/files/sitrep_ndeg_48_epidemie_de_mve_2021_nzerekore.pdf
Total,Cas Suspects,1,1,2021-04-02,Guinée : Rapport de situation n°48 sur l'épidémie de la Maladie à Virus Ebola (MVE) - 2 avril 2021 [FR],2021-04-02,48,https://www.humanitarianresponse.info/sites/www.humanitarianresponse.info/files/documents/files/sitrep_ndeg_48_epidemie_de_mve_2021_nzerekore.pdf
CU de N’Zérékoré,Cas Confirmés,0,11,2021-04-03,Guinée : Rapport de situation n°49 sur l'épidémie de la Maladie à Virus Ebola (MVE) - 3 avril 2021 [FR],2021-04-03,48,https://www.humanitarianresponse.info/sites/www.humanitarianresponse.info/files/documents/files/sitrep_ndeg_49_epidemie_de_mve_2021_nzerekore_-_copie.pdf
Gouécké,Cas Confirmés,0,3,2021-04-03,Guinée : Rapport de situation n°49 sur l'épidémie de la Maladie à Virus Ebola (MVE) - 3 avril 2021 [FR],2021-04-03,48,https://www.humanitarianresponse.info/sites/www.humanitarianresponse.info/files/documents/files/sitrep_ndeg_49_epidemie_de_mve_2021_nzerekore_-_copie.pdf
Soulouta,Cas Confirmés,1,2,2021-04-03,Guinée : Rapport de situation n°49 sur l'épidémie de la Maladie à Virus Ebola (MVE) - 3 avril 2021 [FR],2021-04-03,48,https://www.humanitarianresponse.info/sites/www.humanitarianresponse.info/files/documents/files/sitrep_ndeg_49_epidemie_de_mve_2021_nzerekore_-_copie.pdf
Total,Cas Confirmés,1,16,2021-04-03,Guinée : Rapport de situation n°49 sur l'épidémie de la Maladie à Virus Ebola (MVE) - 3 avril 2021 [FR],2021-04-03,48,https://www.humanitarianresponse.info/sites/www.humanitarianresponse.info/files/documents/files/sitrep_ndeg_49_epidemie_de_mve_2021_nzerekore_-_copie.pdf
CU de N’Zérékoré,Cas Probables,0,4,2021-04-03,Guinée : Rapport de situation n°49 sur l'épidémie de la Maladie à Virus Ebola (MVE) - 3 avril 2021 [FR],2021-04-03,48,https://www.humanitarianresponse.info/sites/www.humanitarianresponse.info/files/documents/files/sitrep_ndeg_49_epidemie_de_mve_2021_nzerekore_-_copie.pdf
Gouécké,Cas Probables,0,0,2021-04-03,Guinée : Rapport de situation n°49 sur l'épidémie de la Maladie à Virus Ebola (MVE) - 3 avril 2021 [FR],2021-04-03,48,https://www.humanitarianresponse.info/sites/www.humanitarianresponse.info/files/documents/files/sitrep_ndeg_49_epidemie_de_mve_2021_nzerekore_-_copie.pdf
Soulouta,Cas Probables,0,3,2021-04-03,Guinée : Rapport de situation n°49 sur l'épidémie de la Maladie à Virus Ebola (MVE) - 3 avril 2021 [FR],2021-04-03,48,https://www.humanitarianresponse.info/sites/www.humanitarianresponse.info/files/documents/files/sitrep_ndeg_49_epidemie_de_mve_2021_nzerekore_-_copie.pdf
Total,Cas Probables,0,7,2021-04-03,Guinée : Rapport de situation n°49 sur l'épidémie de la Maladie à Virus Ebola (MVE) - 3 avril 2021 [FR],2021-04-03,48,https://www.humanitarianresponse.info/sites/www.humanitarianresponse.info/files/documents/files/sitrep_ndeg_49_epidemie_de_mve_2021_nzerekore_-_copie.pdf
CU de N’Zérékoré,Cas Suspects,5,5,2021-04-03,Guinée : Rapport de situation n°49 sur l'épidémie de la Maladie à Virus Ebola (MVE) - 3 avril 2021 [FR],2021-04-03,48,https://www.humanitarianresponse.info/sites/www.humanitarianresponse.info/files/documents/files/sitrep_ndeg_49_epidemie_de_mve_2021_nzerekore_-_copie.pdf
Gouécké,Cas Suspects,0,0,2021-04-03,Guinée : Rapport de situation n°49 sur l'épidémie de la Maladie à Virus Ebola (MVE) - 3 avril 2021 [FR],2021-04-03,48,https://www.humanitarianresponse.info/sites/www.humanitarianresponse.info/files/documents/files/sitrep_ndeg_49_epidemie_de_mve_2021_nzerekore_-_copie.pdf
Soulouta,Cas Suspects,0,0,2021-04-03,Guinée : Rapport de situation n°49 sur l'épidémie de la Maladie à Virus Ebola (MVE) - 3 avril 2021 [FR],2021-04-03,48,https://www.humanitarianresponse.info/sites/www.humanitarianresponse.info/files/documents/files/sitrep_ndeg_49_epidemie_de_mve_2021_nzerekore_-_copie.pdf
Total,Cas Suspects,5,5,2021-04-03,Guinée : Rapport de situation n°49 sur l'épidémie de la Maladie à Virus Ebola (MVE) - 3 avril 2021 [FR],2021-04-03,48,https://www.humanitarianresponse.info/sites/www.humanitarianresponse.info/files/documents/files/sitrep_ndeg_49_epidemie_de_mve_2021_nzerekore_-_copie.pdf
CU de N’Zérékoré,Cas Confirmés,0,11,2021-04-04,Guinée : Rapport de situation n°50 sur l'épidémie de la Maladie à Virus Ebola (MVE) - 4 avril 2021 [FR],2021-04-04,50,https://www.humanitarianresponse.info/sites/www.humanitarianresponse.info/files/documents/files/sitrep_ndeg_50_epidemie_de_mve_2021_nzerekore.pdf
Gouécké,Cas Confirmés,0,3,2021-04-04,Guinée : Rapport de situation n°50 sur l'épidémie de la Maladie à Virus Ebola (MVE) - 4 avril 2021 [FR],2021-04-04,50,https://www.humanitarianresponse.info/sites/www.humanitarianresponse.info/files/documents/files/sitrep_ndeg_50_epidemie_de_mve_2021_nzerekore.pdf
Soulouta,Cas Confirmés,0,2,2021-04-04,Guinée : Rapport de situation n°50 sur l'épidémie de la Maladie à Virus Ebola (MVE) - 4 avril 2021 [FR],2021-04-04,50,https://www.humanitarianresponse.info/sites/www.humanitarianresponse.info/files/documents/files/sitrep_ndeg_50_epidemie_de_mve_2021_nzerekore.pdf
Total,Cas Confirmés,0,16,2021-04-04,Guinée : Rapport de situation n°50 sur l'épidémie de la Maladie à Virus Ebola (MVE) - 4 avril 2021 [FR],2021-04-04,50,https://www.humanitarianresponse.info/sites/www.humanitarianresponse.info/files/documents/files/sitrep_ndeg_50_epidemie_de_mve_2021_nzerekore.pdf
CU de N’Zérékoré,Cas Probables,0,4,2021-04-04,Guinée : Rapport de situation n°50 sur l'épidémie de la Maladie à Virus Ebola (MVE) - 4 avril 2021 [FR],2021-04-04,50,https://www.humanitarianresponse.info/sites/www.humanitarianresponse.info/files/documents/files/sitrep_ndeg_50_epidemie_de_mve_2021_nzerekore.pdf
Gouécké,Cas Probables,0,0,2021-04-04,Guinée : Rapport de situation n°50 sur l'épidémie de la Maladie à Virus Ebola (MVE) - 4 avril 2021 [FR],2021-04-04,50,https://www.humanitarianresponse.info/sites/www.humanitarianresponse.info/files/documents/files/sitrep_ndeg_50_epidemie_de_mve_2021_nzerekore.pdf
Soulouta,Cas Probables,0,3,2021-04-04,Guinée : Rapport de situation n°50 sur l'épidémie de la Maladie à Virus Ebola (MVE) - 4 avril 2021 [FR],2021-04-04,50,https://www.humanitarianresponse.info/sites/www.humanitarianresponse.info/files/documents/files/sitrep_ndeg_50_epidemie_de_mve_2021_nzerekore.pdf
Total,Cas Probables,0,7,2021-04-04,Guinée : Rapport de situation n°50 sur l'épidémie de la Maladie à Virus Ebola (MVE) - 4 avril 2021 [FR],2021-04-04,50,https://www.humanitarianresponse.info/sites/www.humanitarianresponse.info/files/documents/files/sitrep_ndeg_50_epidemie_de_mve_2021_nzerekore.pdf
CU de N’Zérékoré,Cas Suspects,2,2,2021-04-04,Guinée : Rapport de situation n°50 sur l'épidémie de la Maladie à Virus Ebola (MVE) - 4 avril 2021 [FR],2021-04-04,50,https://www.humanitarianresponse.info/sites/www.humanitarianresponse.info/files/documents/files/sitrep_ndeg_50_epidemie_de_mve_2021_nzerekore.pdf
Gouécké,Cas Suspects,0,0,2021-04-04,Guinée : Rapport de situation n°50 sur l'épidémie de la Maladie à Virus Ebola (MVE) - 4 avril 2021 [FR],2021-04-04,50,https://www.humanitarianresponse.info/sites/www.humanitarianresponse.info/files/documents/files/sitrep_ndeg_50_epidemie_de_mve_2021_nzerekore.pdf
Soulouta,Cas Suspects,0,0,2021-04-04,Guinée : Rapport de situation n°50 sur l'épidémie de la Maladie à Virus Ebola (MVE) - 4 avril 2021 [FR],2021-04-04,50,https://www.humanitarianresponse.info/sites/www.humanitarianresponse.info/files/documents/files/sitrep_ndeg_50_epidemie_de_mve_2021_nzerekore.pdf
Total,Cas Suspects,2,2,2021-04-04,Guinée : Rapport de situation n°50 sur l'épidémie de la Maladie à Virus Ebola (MVE) - 4 avril 2021 [FR],2021-04-04,50,https://www.humanitarianresponse.info/sites/www.humanitarianresponse.info/files/documents/files/sitrep_ndeg_50_epidemie_de_mve_2021_nzerekore.pdf
CU de N’Zérékoré,Cas Confirmés,0,11,2021-04-05,Guinée : Rapport de situation n°51 sur l'épidémie de la Maladie à Virus Ebola (MVE) - 5 avril 2021 [FR],2021-04-05,51,https://www.humanitarianresponse.info/sites/www.humanitarianresponse.info/files/documents/files/sitrep_ndeg_51_epidemie_de_mve_2021_nzerekore.pdf
Gouécké,Cas Confirmés,0,3,2021-04-05,Guinée : Rapport de situation n°51 sur l'épidémie de la Maladie à Virus Ebola (MVE) - 5 avril 2021 [FR],2021-04-05,51,https://www.humanitarianresponse.info/sites/www.humanitarianresponse.info/files/documents/files/sitrep_ndeg_51_epidemie_de_mve_2021_nzerekore.pdf
Soulouta,Cas Confirmés,0,2,2021-04-05,Guinée : Rapport de situation n°51 sur l'épidémie de la Maladie à Virus Ebola (MVE) - 5 avril 2021 [FR],2021-04-05,51,https://www.humanitarianresponse.info/sites/www.humanitarianresponse.info/files/documents/files/sitrep_ndeg_51_epidemie_de_mve_2021_nzerekore.pdf
Total,Cas Confirmés,0,16,2021-04-05,Guinée : Rapport de situation n°51 sur l'épidémie de la Maladie à Virus Ebola (MVE) - 5 avril 2021 [FR],2021-04-05,51,https://www.humanitarianresponse.info/sites/www.humanitarianresponse.info/files/documents/files/sitrep_ndeg_51_epidemie_de_mve_2021_nzerekore.pdf
CU de N’Zérékoré,Cas Probables,0,4,2021-04-05,Guinée : Rapport de situation n°51 sur l'épidémie de la Maladie à Virus Ebola (MVE) - 5 avril 2021 [FR],2021-04-05,51,https://www.humanitarianresponse.info/sites/www.humanitarianresponse.info/files/documents/files/sitrep_ndeg_51_epidemie_de_mve_2021_nzerekore.pdf
Gouécké,Cas Probables,0,0,2021-04-05,Guinée : Rapport de situation n°51 sur l'épidémie de la Maladie à Virus Ebola (MVE) - 5 avril 2021 [FR],2021-04-05,51,https://www.humanitarianresponse.info/sites/www.humanitarianresponse.info/files/documents/files/sitrep_ndeg_51_epidemie_de_mve_2021_nzerekore.pdf
Soulouta,Cas Probables,0,3,2021-04-05,Guinée : Rapport de situation n°51 sur l'épidémie de la Maladie à Virus Ebola (MVE) - 5 avril 2021 [FR],2021-04-05,51,https://www.humanitarianresponse.info/sites/www.humanitarianresponse.info/files/documents/files/sitrep_ndeg_51_epidemie_de_mve_2021_nzerekore.pdf
Total,Cas Probables,0,7,2021-04-05,Guinée : Rapport de situation n°51 sur l'épidémie de la Maladie à Virus Ebola (MVE) - 5 avril 2021 [FR],2021-04-05,51,https://www.humanitarianresponse.info/sites/www.humanitarianresponse.info/files/documents/files/sitrep_ndeg_51_epidemie_de_mve_2021_nzerekore.pdf
CU de N’Zérékoré,Cas Suspects,0,0,2021-04-05,Guinée : Rapport de situation n°51 sur l'épidémie de la Maladie à Virus Ebola (MVE) - 5 avril 2021 [FR],2021-04-05,51,https://www.humanitarianresponse.info/sites/www.humanitarianresponse.info/files/documents/files/sitrep_ndeg_51_epidemie_de_mve_2021_nzerekore.pdf
Gouécké,Cas Suspects,0,0,2021-04-05,Guinée : Rapport de situation n°51 sur l'épidémie de la Maladie à Virus Ebola (MVE) - 5 avril 2021 [FR],2021-04-05,51,https://www.humanitarianresponse.info/sites/www.humanitarianresponse.info/files/documents/files/sitrep_ndeg_51_epidemie_de_mve_2021_nzerekore.pdf
Soulouta,Cas Suspects,0,0,2021-04-05,Guinée : Rapport de situation n°51 sur l'épidémie de la Maladie à Virus Ebola (MVE) - 5 avril 2021 [FR],2021-04-05,51,https://www.humanitarianresponse.info/sites/www.humanitarianresponse.info/files/documents/files/sitrep_ndeg_51_epidemie_de_mve_2021_nzerekore.pdf
Total,Cas Suspects,0,0,2021-04-05,Guinée : Rapport de situation n°51 sur l'épidémie de la Maladie à Virus Ebola (MVE) - 5 avril 2021 [FR],2021-04-05,51,https://www.humanitarianresponse.info/sites/www.humanitarianresponse.info/files/documents/files/sitrep_ndeg_51_epidemie_de_mve_2021_nzerekore.pdf
CU de N’Zérékoré,Cas Confirmés,0,11,2021-04-06,Guinée : Rapport de situation n°52 sur l'épidémie de la Maladie à Virus Ebola (MVE) - 6 avril 2021 [FR],2021-04-06,52,https://www.humanitarianresponse.info/sites/www.humanitarianresponse.info/files/documents/files/sitrep_ndeg_52_epidemie_de_mve_2021_nzerekore.pdf
Gouécké,Cas Confirmés,0,3,2021-04-06,Guinée : Rapport de situation n°52 sur l'épidémie de la Maladie à Virus Ebola (MVE) - 6 avril 2021 [FR],2021-04-06,52,https://www.humanitarianresponse.info/sites/www.humanitarianresponse.info/files/documents/files/sitrep_ndeg_52_epidemie_de_mve_2021_nzerekore.pdf
Soulouta,Cas Confirmés,0,2,2021-04-06,Guinée : Rapport de situation n°52 sur l'épidémie de la Maladie à Virus Ebola (MVE) - 6 avril 2021 [FR],2021-04-06,52,https://www.humanitarianresponse.info/sites/www.humanitarianresponse.info/files/documents/files/sitrep_ndeg_52_epidemie_de_mve_2021_nzerekore.pdf
Total,Cas Confirmés,0,16,2021-04-06,Guinée : Rapport de situation n°52 sur l'épidémie de la Maladie à Virus Ebola (MVE) - 6 avril 2021 [FR],2021-04-06,52,https://www.humanitarianresponse.info/sites/www.humanitarianresponse.info/files/documents/files/sitrep_ndeg_52_epidemie_de_mve_2021_nzerekore.pdf
CU de N’Zérékoré,Cas Probables,0,4,2021-04-06,Guinée : Rapport de situation n°52 sur l'épidémie de la Maladie à Virus Ebola (MVE) - 6 avril 2021 [FR],2021-04-06,52,https://www.humanitarianresponse.info/sites/www.humanitarianresponse.info/files/documents/files/sitrep_ndeg_52_epidemie_de_mve_2021_nzerekore.pdf
Gouécké,Cas Probables,0,0,2021-04-06,Guinée : Rapport de situation n°52 sur l'épidémie de la Maladie à Virus Ebola (MVE) - 6 avril 2021 [FR],2021-04-06,52,https://www.humanitarianresponse.info/sites/www.humanitarianresponse.info/files/documents/files/sitrep_ndeg_52_epidemie_de_mve_2021_nzerekore.pdf
Soulouta,Cas Probables,0,3,2021-04-06,Guinée : Rapport de situation n°52 sur l'épidémie de la Maladie à Virus Ebola (MVE) - 6 avril 2021 [FR],2021-04-06,52,https://www.humanitarianresponse.info/sites/www.humanitarianresponse.info/files/documents/files/sitrep_ndeg_52_epidemie_de_mve_2021_nzerekore.pdf
Total,Cas Probables,0,7,2021-04-06,Guinée : Rapport de situation n°52 sur l'épidémie de la Maladie à Virus Ebola (MVE) - 6 avril 2021 [FR],2021-04-06,52,https://www.humanitarianresponse.info/sites/www.humanitarianresponse.info/files/documents/files/sitrep_ndeg_52_epidemie_de_mve_2021_nzerekore.pdf
CU de N’Zérékoré,Cas Suspects,1,1,2021-04-06,Guinée : Rapport de situation n°52 sur l'épidémie de la Maladie à Virus Ebola (MVE) - 6 avril 2021 [FR],2021-04-06,52,https://www.humanitarianresponse.info/sites/www.humanitarianresponse.info/files/documents/files/sitrep_ndeg_52_epidemie_de_mve_2021_nzerekore.pdf
Gouécké,Cas Suspects,1,1,2021-04-06,Guinée : Rapport de situation n°52 sur l'épidémie de la Maladie à Virus Ebola (MVE) - 6 avril 2021 [FR],2021-04-06,52,https://www.humanitarianresponse.info/sites/www.humanitarianresponse.info/files/documents/files/sitrep_ndeg_52_epidemie_de_mve_2021_nzerekore.pdf
Soulouta,Cas Suspects,0,0,2021-04-06,Guinée : Rapport de situation n°52 sur l'épidémie de la Maladie à Virus Ebola (MVE) - 6 avril 2021 [FR],2021-04-06,52,https://www.humanitarianresponse.info/sites/www.humanitarianresponse.info/files/documents/files/sitrep_ndeg_52_epidemie_de_mve_2021_nzerekore.pdf
Total,Cas Suspects,2,2,2021-04-06,Guinée : Rapport de situation n°52 sur l'épidémie de la Maladie à Virus Ebola (MVE) - 6 avril 2021 [FR],2021-04-06,52,https://www.humanitarianresponse.info/sites/www.humanitarianresponse.info/files/documents/files/sitrep_ndeg_52_epidemie_de_mve_2021_nzerekore.pdf
CU de N’Zérékoré,Cas Confirmés,0,11,2021-04-07,Guinée : Rapport de situation n°53 sur l'épidémie de la Maladie à Virus Ebola (MVE) - 7 avril 2021 [FR],2021-04-07,53,https://www.humanitarianresponse.info/sites/www.humanitarianresponse.info/files/documents/files/sitrep_ndeg_53_epidemie_de_mve_2021_nzerekore_-_copie.pdf
Gouécké,Cas Confirmés,0,3,2021-04-07,Guinée : Rapport de situation n°53 sur l'épidémie de la Maladie à Virus Ebola (MVE) - 7 avril 2021 [FR],2021-04-07,53,https://www.humanitarianresponse.info/sites/www.humanitarianresponse.info/files/documents/files/sitrep_ndeg_53_epidemie_de_mve_2021_nzerekore_-_copie.pdf
Soulouta,Cas Confirmés,0,2,2021-04-07,Guinée : Rapport de situation n°53 sur l'épidémie de la Maladie à Virus Ebola (MVE) - 7 avril 2021 [FR],2021-04-07,53,https://www.humanitarianresponse.info/sites/www.humanitarianresponse.info/files/documents/files/sitrep_ndeg_53_epidemie_de_mve_2021_nzerekore_-_copie.pdf
Total,Cas Confirmés,0,16,2021-04-07,Guinée : Rapport de situation n°53 sur l'épidémie de la Maladie à Virus Ebola (MVE) - 7 avril 2021 [FR],2021-04-07,53,https://www.humanitarianresponse.info/sites/www.humanitarianresponse.info/files/documents/files/sitrep_ndeg_53_epidemie_de_mve_2021_nzerekore_-_copie.pdf
CU de N’Zérékoré,Cas Probables,0,4,2021-04-07,Guinée : Rapport de situation n°53 sur l'épidémie de la Maladie à Virus Ebola (MVE) - 7 avril 2021 [FR],2021-04-07,53,https://www.humanitarianresponse.info/sites/www.humanitarianresponse.info/files/documents/files/sitrep_ndeg_53_epidemie_de_mve_2021_nzerekore_-_copie.pdf
Gouécké,Cas Probables,0,0,2021-04-07,Guinée : Rapport de situation n°53 sur l'épidémie de la Maladie à Virus Ebola (MVE) - 7 avril 2021 [FR],2021-04-07,53,https://www.humanitarianresponse.info/sites/www.humanitarianresponse.info/files/documents/files/sitrep_ndeg_53_epidemie_de_mve_2021_nzerekore_-_copie.pdf
Soulouta,Cas Probables,0,3,2021-04-07,Guinée : Rapport de situation n°53 sur l'épidémie de la Maladie à Virus Ebola (MVE) - 7 avril 2021 [FR],2021-04-07,53,https://www.humanitarianresponse.info/sites/www.humanitarianresponse.info/files/documents/files/sitrep_ndeg_53_epidemie_de_mve_2021_nzerekore_-_copie.pdf
Total,Cas Probables,0,7,2021-04-07,Guinée : Rapport de situation n°53 sur l'épidémie de la Maladie à Virus Ebola (MVE) - 7 avril 2021 [FR],2021-04-07,53,https://www.humanitarianresponse.info/sites/www.humanitarianresponse.info/files/documents/files/sitrep_ndeg_53_epidemie_de_mve_2021_nzerekore_-_copie.pdf
CU de N’Zérékoré,Cas Suspects,5,5,2021-04-07,Guinée : Rapport de situation n°53 sur l'épidémie de la Maladie à Virus Ebola (MVE) - 7 avril 2021 [FR],2021-04-07,53,https://www.humanitarianresponse.info/sites/www.humanitarianresponse.info/files/documents/files/sitrep_ndeg_53_epidemie_de_mve_2021_nzerekore_-_copie.pdf
Gouécké,Cas Suspects,1,1,2021-04-07,Guinée : Rapport de situation n°53 sur l'épidémie de la Maladie à Virus Ebola (MVE) - 7 avril 2021 [FR],2021-04-07,53,https://www.humanitarianresponse.info/sites/www.humanitarianresponse.info/files/documents/files/sitrep_ndeg_53_epidemie_de_mve_2021_nzerekore_-_copie.pdf
Soulouta,Cas Suspects,0,0,2021-04-07,Guinée : Rapport de situation n°53 sur l'épidémie de la Maladie à Virus Ebola (MVE) - 7 avril 2021 [FR],2021-04-07,53,https://www.humanitarianresponse.info/sites/www.humanitarianresponse.info/files/documents/files/sitrep_ndeg_53_epidemie_de_mve_2021_nzerekore_-_copie.pdf
Total,Cas Suspects,6,6,2021-04-07,Guinée : Rapport de situation n°53 sur l'épidémie de la Maladie à Virus Ebola (MVE) - 7 avril 2021 [FR],2021-04-07,53,https://www.humanitarianresponse.info/sites/www.humanitarianresponse.info/files/documents/files/sitrep_ndeg_53_epidemie_de_mve_2021_nzerekore_-_copie.pdf
CU de N’Zérékoré,Cas Confirmés,0,11,2021-04-08,Guinée : Rapport de situation n°54 sur l'épidémie de la Maladie à Virus Ebola (MVE) - 8 avril 2021 [FR],2021-04-08,54,https://www.humanitarianresponse.info/sites/www.humanitarianresponse.info/files/documents/files/sitrep_ndeg_54_epidemie_de_mve_2021_nzerekore.pdf
Gouécké,Cas Confirmés,0,3,2021-04-08,Guinée : Rapport de situation n°54 sur l'épidémie de la Maladie à Virus Ebola (MVE) - 8 avril 2021 [FR],2021-04-08,54,https://www.humanitarianresponse.info/sites/www.humanitarianresponse.info/files/documents/files/sitrep_ndeg_54_epidemie_de_mve_2021_nzerekore.pdf
Soulouta,Cas Confirmés,0,2,2021-04-08,Guinée : Rapport de situation n°54 sur l'épidémie de la Maladie à Virus Ebola (MVE) - 8 avril 2021 [FR],2021-04-08,54,https://www.humanitarianresponse.info/sites/www.humanitarianresponse.info/files/documents/files/sitrep_ndeg_54_epidemie_de_mve_2021_nzerekore.pdf
Total,Cas Confirmés,0,16,2021-04-08,Guinée : Rapport de situation n°54 sur l'épidémie de la Maladie à Virus Ebola (MVE) - 8 avril 2021 [FR],2021-04-08,54,https://www.humanitarianresponse.info/sites/www.humanitarianresponse.info/files/documents/files/sitrep_ndeg_54_epidemie_de_mve_2021_nzerekore.pdf
CU de N’Zérékoré,Cas Probables,0,4,2021-04-08,Guinée : Rapport de situation n°54 sur l'épidémie de la Maladie à Virus Ebola (MVE) - 8 avril 2021 [FR],2021-04-08,54,https://www.humanitarianresponse.info/sites/www.humanitarianresponse.info/files/documents/files/sitrep_ndeg_54_epidemie_de_mve_2021_nzerekore.pdf
Gouécké,Cas Probables,0,0,2021-04-08,Guinée : Rapport de situation n°54 sur l'épidémie de la Maladie à Virus Ebola (MVE) - 8 avril 2021 [FR],2021-04-08,54,https://www.humanitarianresponse.info/sites/www.humanitarianresponse.info/files/documents/files/sitrep_ndeg_54_epidemie_de_mve_2021_nzerekore.pdf
Soulouta,Cas Probables,0,3,2021-04-08,Guinée : Rapport de situation n°54 sur l'épidémie de la Maladie à Virus Ebola (MVE) - 8 avril 2021 [FR],2021-04-08,54,https://www.humanitarianresponse.info/sites/www.humanitarianresponse.info/files/documents/files/sitrep_ndeg_54_epidemie_de_mve_2021_nzerekore.pdf
Total,Cas Probables,0,7,2021-04-08,Guinée : Rapport de situation n°54 sur l'épidémie de la Maladie à Virus Ebola (MVE) - 8 avril 2021 [FR],2021-04-08,54,https://www.humanitarianresponse.info/sites/www.humanitarianresponse.info/files/documents/files/sitrep_ndeg_54_epidemie_de_mve_2021_nzerekore.pdf
CU de N’Zérékoré,Cas Suspects,2,2,2021-04-08,Guinée : Rapport de situation n°54 sur l'épidémie de la Maladie à Virus Ebola (MVE) - 8 avril 2021 [FR],2021-04-08,54,https://www.humanitarianresponse.info/sites/www.humanitarianresponse.info/files/documents/files/sitrep_ndeg_54_epidemie_de_mve_2021_nzerekore.pdf
Gouécké,Cas Suspects,0,0,2021-04-08,Guinée : Rapport de situation n°54 sur l'épidémie de la Maladie à Virus Ebola (MVE) - 8 avril 2021 [FR],2021-04-08,54,https://www.humanitarianresponse.info/sites/www.humanitarianresponse.info/files/documents/files/sitrep_ndeg_54_epidemie_de_mve_2021_nzerekore.pdf
Soulouta,Cas Suspects,0,0,2021-04-08,Guinée : Rapport de situation n°54 sur l'épidémie de la Maladie à Virus Ebola (MVE) - 8 avril 2021 [FR],2021-04-08,54,https://www.humanitarianresponse.info/sites/www.humanitarianresponse.info/files/documents/files/sitrep_ndeg_54_epidemie_de_mve_2021_nzerekore.pdf
Total,Cas Suspects,2,2,2021-04-08,Guinée : Rapport de situation n°54 sur l'épidémie de la Maladie à Virus Ebola (MVE) - 8 avril 2021 [FR],2021-04-08,54,https://www.humanitarianresponse.info/sites/www.humanitarianresponse.info/files/documents/files/sitrep_ndeg_54_epidemie_de_mve_2021_nzerekore.pdf
CU de N’Zérékoré,Cas Confirmés,0,11,2021-04-09,Guinée : Rapport de situation n°55 sur l'épidémie de la Maladie à Virus Ebola (MVE) - 9 avril 2021 [FR],2021-04-09,55,https://www.humanitarianresponse.info/sites/www.humanitarianresponse.info/files/documents/files/sitrep_ndeg_55_epidemie_de_mve_2021_nzerekore.pdf
Gouécké,Cas Confirmés,0,3,2021-04-09,Guinée : Rapport de situation n°55 sur l'épidémie de la Maladie à Virus Ebola (MVE) - 9 avril 2021 [FR],2021-04-09,55,https://www.humanitarianresponse.info/sites/www.humanitarianresponse.info/files/documents/files/sitrep_ndeg_55_epidemie_de_mve_2021_nzerekore.pdf
Soulouta,Cas Confirmés,0,2,2021-04-09,Guinée : Rapport de situation n°55 sur l'épidémie de la Maladie à Virus Ebola (MVE) - 9 avril 2021 [FR],2021-04-09,55,https://www.humanitarianresponse.info/sites/www.humanitarianresponse.info/files/documents/files/sitrep_ndeg_55_epidemie_de_mve_2021_nzerekore.pdf
Total,Cas Confirmés,0,16,2021-04-09,Guinée : Rapport de situation n°55 sur l'épidémie de la Maladie à Virus Ebola (MVE) - 9 avril 2021 [FR],2021-04-09,55,https://www.humanitarianresponse.info/sites/www.humanitarianresponse.info/files/documents/files/sitrep_ndeg_55_epidemie_de_mve_2021_nzerekore.pdf
CU de N’Zérékoré,Cas Probables,0,4,2021-04-09,Guinée : Rapport de situation n°55 sur l'épidémie de la Maladie à Virus Ebola (MVE) - 9 avril 2021 [FR],2021-04-09,55,https://www.humanitarianresponse.info/sites/www.humanitarianresponse.info/files/documents/files/sitrep_ndeg_55_epidemie_de_mve_2021_nzerekore.pdf
Gouécké,Cas Probables,0,0,2021-04-09,Guinée : Rapport de situation n°55 sur l'épidémie de la Maladie à Virus Ebola (MVE) - 9 avril 2021 [FR],2021-04-09,55,https://www.humanitarianresponse.info/sites/www.humanitarianresponse.info/files/documents/files/sitrep_ndeg_55_epidemie_de_mve_2021_nzerekore.pdf
Soulouta,Cas Probables,0,3,2021-04-09,Guinée : Rapport de situation n°55 sur l'épidémie de la Maladie à Virus Ebola (MVE) - 9 avril 2021 [FR],2021-04-09,55,https://www.humanitarianresponse.info/sites/www.humanitarianresponse.info/files/documents/files/sitrep_ndeg_55_epidemie_de_mve_2021_nzerekore.pdf
Total,Cas Probables,0,7,2021-04-09,Guinée : Rapport de situation n°55 sur l'épidémie de la Maladie à Virus Ebola (MVE) - 9 avril 2021 [FR],2021-04-09,55,https://www.humanitarianresponse.info/sites/www.humanitarianresponse.info/files/documents/files/sitrep_ndeg_55_epidemie_de_mve_2021_nzerekore.pdf
CU de N’Zérékoré,Cas Suspects,2,2,2021-04-09,Guinée : Rapport de situation n°55 sur l'épidémie de la Maladie à Virus Ebola (MVE) - 9 avril 2021 [FR],2021-04-09,55,https://www.humanitarianresponse.info/sites/www.humanitarianresponse.info/files/documents/files/sitrep_ndeg_55_epidemie_de_mve_2021_nzerekore.pdf
Gouécké,Cas Suspects,0,0,2021-04-09,Guinée : Rapport de situation n°55 sur l'épidémie de la Maladie à Virus Ebola (MVE) - 9 avril 2021 [FR],2021-04-09,55,https://www.humanitarianresponse.info/sites/www.humanitarianresponse.info/files/documents/files/sitrep_ndeg_55_epidemie_de_mve_2021_nzerekore.pdf
Soulouta,Cas Suspects,0,0,2021-04-09,Guinée : Rapport de situation n°55 sur l'épidémie de la Maladie à Virus Ebola (MVE) - 9 avril 2021 [FR],2021-04-09,55,https://www.humanitarianresponse.info/sites/www.humanitarianresponse.info/files/documents/files/sitrep_ndeg_55_epidemie_de_mve_2021_nzerekore.pdf
Total,Cas Suspects,2,2,2021-04-09,Guinée : Rapport de situation n°55 sur l'épidémie de la Maladie à Virus Ebola (MVE) - 9 avril 2021 [FR],2021-04-09,55,https://www.humanitarianresponse.info/sites/www.humanitarianresponse.info/files/documents/files/sitrep_ndeg_55_epidemie_de_mve_2021_nzerekore.pdf
CU de N’Zérékoré,Cas Confirmés,0,11,2021-04-10,Guinée : Rapport de situation n°56 sur l'épidémie de la Maladie à Virus Ebola (MVE) - 10 avril 2021 [FR],2021-04-10,56,https://www.humanitarianresponse.info/sites/www.humanitarianresponse.info/files/documents/files/sitrep_ndeg_56_epidemie_de_mve_2021_nzerekore.pdf
Gouécké,Cas Confirmés,0,3,2021-04-10,Guinée : Rapport de situation n°56 sur l'épidémie de la Maladie à Virus Ebola (MVE) - 10 avril 2021 [FR],2021-04-10,56,https://www.humanitarianresponse.info/sites/www.humanitarianresponse.info/files/documents/files/sitrep_ndeg_56_epidemie_de_mve_2021_nzerekore.pdf
Soulouta,Cas Confirmés,0,2,2021-04-10,Guinée : Rapport de situation n°56 sur l'épidémie de la Maladie à Virus Ebola (MVE) - 10 avril 2021 [FR],2021-04-10,56,https://www.humanitarianresponse.info/sites/www.humanitarianresponse.info/files/documents/files/sitrep_ndeg_56_epidemie_de_mve_2021_nzerekore.pdf
Total,Cas Confirmés,0,16,2021-04-10,Guinée : Rapport de situation n°56 sur l'épidémie de la Maladie à Virus Ebola (MVE) - 10 avril 2021 [FR],2021-04-10,56,https://www.humanitarianresponse.info/sites/www.humanitarianresponse.info/files/documents/files/sitrep_ndeg_56_epidemie_de_mve_2021_nzerekore.pdf
CU de N’Zérékoré,Cas Probables,0,4,2021-04-10,Guinée : Rapport de situation n°56 sur l'épidémie de la Maladie à Virus Ebola (MVE) - 10 avril 2021 [FR],2021-04-10,56,https://www.humanitarianresponse.info/sites/www.humanitarianresponse.info/files/documents/files/sitrep_ndeg_56_epidemie_de_mve_2021_nzerekore.pdf
Gouécké,Cas Probables,0,0,2021-04-10,Guinée : Rapport de situation n°56 sur l'épidémie de la Maladie à Virus Ebola (MVE) - 10 avril 2021 [FR],2021-04-10,56,https://www.humanitarianresponse.info/sites/www.humanitarianresponse.info/files/documents/files/sitrep_ndeg_56_epidemie_de_mve_2021_nzerekore.pdf
Soulouta,Cas Probables,0,3,2021-04-10,Guinée : Rapport de situation n°56 sur l'épidémie de la Maladie à Virus Ebola (MVE) - 10 avril 2021 [FR],2021-04-10,56,https://www.humanitarianresponse.info/sites/www.humanitarianresponse.info/files/documents/files/sitrep_ndeg_56_epidemie_de_mve_2021_nzerekore.pdf
Total,Cas Probables,0,7,2021-04-10,Guinée : Rapport de situation n°56 sur l'épidémie de la Maladie à Virus Ebola (MVE) - 10 avril 2021 [FR],2021-04-10,56,https://www.humanitarianresponse.info/sites/www.humanitarianresponse.info/files/documents/files/sitrep_ndeg_56_epidemie_de_mve_2021_nzerekore.pdf
CU de N’Zérékoré,Cas Suspects,1,1,2021-04-10,Guinée : Rapport de situation n°56 sur l'épidémie de la Maladie à Virus Ebola (MVE) - 10 avril 2021 [FR],2021-04-10,56,https://www.humanitarianresponse.info/sites/www.humanitarianresponse.info/files/documents/files/sitrep_ndeg_56_epidemie_de_mve_2021_nzerekore.pdf
Gouécké,Cas Suspects,0,0,2021-04-10,Guinée : Rapport de situation n°56 sur l'épidémie de la Maladie à Virus Ebola (MVE) - 10 avril 2021 [FR],2021-04-10,56,https://www.humanitarianresponse.info/sites/www.humanitarianresponse.info/files/documents/files/sitrep_ndeg_56_epidemie_de_mve_2021_nzerekore.pdf
Soulouta,Cas Suspects,0,0,2021-04-10,Guinée : Rapport de situation n°56 sur l'épidémie de la Maladie à Virus Ebola (MVE) - 10 avril 2021 [FR],2021-04-10,56,https://www.humanitarianresponse.info/sites/www.humanitarianresponse.info/files/documents/files/sitrep_ndeg_56_epidemie_de_mve_2021_nzerekore.pdf
Total,Cas Suspects,1,1,2021-04-10,Guinée : Rapport de situation n°56 sur l'épidémie de la Maladie à Virus Ebola (MVE) - 10 avril 2021 [FR],2021-04-10,56,https://www.humanitarianresponse.info/sites/www.humanitarianresponse.info/files/documents/files/sitrep_ndeg_56_epidemie_de_mve_2021_nzerekore.pdf
CU de N’Zérékoré,Cas Confirmés,0,11,2021-04-11,Guinée : Rapport de situation n°57 sur l'épidémie de la Maladie à Virus Ebola (MVE) - 11 avril 2021 [FR],2021-04-11,57,https://www.humanitarianresponse.info/sites/www.humanitarianresponse.info/files/documents/files/sitrep_ndeg_57_epidemie_de_mve_2021_nzerekore._1.pdf
Gouécké,Cas Confirmés,0,3,2021-04-11,Guinée : Rapport de situation n°57 sur l'épidémie de la Maladie à Virus Ebola (MVE) - 11 avril 2021 [FR],2021-04-11,57,https://www.humanitarianresponse.info/sites/www.humanitarianresponse.info/files/documents/files/sitrep_ndeg_57_epidemie_de_mve_2021_nzerekore._1.pdf
Soulouta,Cas Confirmés,0,2,2021-04-11,Guinée : Rapport de situation n°57 sur l'épidémie de la Maladie à Virus Ebola (MVE) - 11 avril 2021 [FR],2021-04-11,57,https://www.humanitarianresponse.info/sites/www.humanitarianresponse.info/files/documents/files/sitrep_ndeg_57_epidemie_de_mve_2021_nzerekore._1.pdf
Total,Cas Confirmés,0,16,2021-04-11,Guinée : Rapport de situation n°57 sur l'épidémie de la Maladie à Virus Ebola (MVE) - 11 avril 2021 [FR],2021-04-11,57,https://www.humanitarianresponse.info/sites/www.humanitarianresponse.info/files/documents/files/sitrep_ndeg_57_epidemie_de_mve_2021_nzerekore._1.pdf
CU de N’Zérékoré,Cas Probables,0,4,2021-04-11,Guinée : Rapport de situation n°57 sur l'épidémie de la Maladie à Virus Ebola (MVE) - 11 avril 2021 [FR],2021-04-11,57,https://www.humanitarianresponse.info/sites/www.humanitarianresponse.info/files/documents/files/sitrep_ndeg_57_epidemie_de_mve_2021_nzerekore._1.pdf
Gouécké,Cas Probables,0,0,2021-04-11,Guinée : Rapport de situation n°57 sur l'épidémie de la Maladie à Virus Ebola (MVE) - 11 avril 2021 [FR],2021-04-11,57,https://www.humanitarianresponse.info/sites/www.humanitarianresponse.info/files/documents/files/sitrep_ndeg_57_epidemie_de_mve_2021_nzerekore._1.pdf
Soulouta,Cas Probables,0,3,2021-04-11,Guinée : Rapport de situation n°57 sur l'épidémie de la Maladie à Virus Ebola (MVE) - 11 avril 2021 [FR],2021-04-11,57,https://www.humanitarianresponse.info/sites/www.humanitarianresponse.info/files/documents/files/sitrep_ndeg_57_epidemie_de_mve_2021_nzerekore._1.pdf
Total,Cas Probables,0,7,2021-04-11,Guinée : Rapport de situation n°57 sur l'épidémie de la Maladie à Virus Ebola (MVE) - 11 avril 2021 [FR],2021-04-11,57,https://www.humanitarianresponse.info/sites/www.humanitarianresponse.info/files/documents/files/sitrep_ndeg_57_epidemie_de_mve_2021_nzerekore._1.pdf
CU de N’Zérékoré,Cas Suspects,0,0,2021-04-11,Guinée : Rapport de situation n°57 sur l'épidémie de la Maladie à Virus Ebola (MVE) - 11 avril 2021 [FR],2021-04-11,57,https://www.humanitarianresponse.info/sites/www.humanitarianresponse.info/files/documents/files/sitrep_ndeg_57_epidemie_de_mve_2021_nzerekore._1.pdf
Gouécké,Cas Suspects,,0,2021-04-11,Guinée : Rapport de situation n°57 sur l'épidémie de la Maladie à Virus Ebola (MVE) - 11 avril 2021 [FR],2021-04-11,57,https://www.humanitarianresponse.info/sites/www.humanitarianresponse.info/files/documents/files/sitrep_ndeg_57_epidemie_de_mve_2021_nzerekore._1.pdf
Soulouta,Cas Suspects,0,0,2021-04-11,Guinée : Rapport de situation n°57 sur l'épidémie de la Maladie à Virus Ebola (MVE) - 11 avril 2021 [FR],2021-04-11,57,https://www.humanitarianresponse.info/sites/www.humanitarianresponse.info/files/documents/files/sitrep_ndeg_57_epidemie_de_mve_2021_nzerekore._1.pdf
Total,Cas Suspects,0,0,2021-04-11,Guinée : Rapport de situation n°57 sur l'épidémie de la Maladie à Virus Ebola (MVE) - 11 avril 2021 [FR],2021-04-11,57,https://www.humanitarianresponse.info/sites/www.humanitarianresponse.info/files/documents/files/sitrep_ndeg_57_epidemie_de_mve_2021_nzerekore._1.pdf
CU de N’Zérékoré,Cas Confirmés,0,11,2021-04-12,Guinée : Rapport de situation n°58 sur l'épidémie de la Maladie à Virus Ebola (MVE) - 12 avril 2021 [FR],2021-04-12,58,https://www.humanitarianresponse.info/sites/www.humanitarianresponse.info/files/documents/files/sitrep_ndeg_58_epidemie_de_mve_2021_nzerekore.pdf
Gouécké,Cas Confirmés,0,3,2021-04-12,Guinée : Rapport de situation n°58 sur l'épidémie de la Maladie à Virus Ebola (MVE) - 12 avril 2021 [FR],2021-04-12,58,https://www.humanitarianresponse.info/sites/www.humanitarianresponse.info/files/documents/files/sitrep_ndeg_58_epidemie_de_mve_2021_nzerekore.pdf
Soulouta,Cas Confirmés,0,2,2021-04-12,Guinée : Rapport de situation n°58 sur l'épidémie de la Maladie à Virus Ebola (MVE) - 12 avril 2021 [FR],2021-04-12,58,https://www.humanitarianresponse.info/sites/www.humanitarianresponse.info/files/documents/files/sitrep_ndeg_58_epidemie_de_mve_2021_nzerekore.pdf
Total,Cas Confirmés,0,16,2021-04-12,Guinée : Rapport de situation n°58 sur l'épidémie de la Maladie à Virus Ebola (MVE) - 12 avril 2021 [FR],2021-04-12,58,https://www.humanitarianresponse.info/sites/www.humanitarianresponse.info/files/documents/files/sitrep_ndeg_58_epidemie_de_mve_2021_nzerekore.pdf
CU de N’Zérékoré,Cas Probables,0,4,2021-04-12,Guinée : Rapport de situation n°58 sur l'épidémie de la Maladie à Virus Ebola (MVE) - 12 avril 2021 [FR],2021-04-12,58,https://www.humanitarianresponse.info/sites/www.humanitarianresponse.info/files/documents/files/sitrep_ndeg_58_epidemie_de_mve_2021_nzerekore.pdf
Gouécké,Cas Probables,0,0,2021-04-12,Guinée : Rapport de situation n°58 sur l'épidémie de la Maladie à Virus Ebola (MVE) - 12 avril 2021 [FR],2021-04-12,58,https://www.humanitarianresponse.info/sites/www.humanitarianresponse.info/files/documents/files/sitrep_ndeg_58_epidemie_de_mve_2021_nzerekore.pdf
Soulouta,Cas Probables,0,3,2021-04-12,Guinée : Rapport de situation n°58 sur l'épidémie de la Maladie à Virus Ebola (MVE) - 12 avril 2021 [FR],2021-04-12,58,https://www.humanitarianresponse.info/sites/www.humanitarianresponse.info/files/documents/files/sitrep_ndeg_58_epidemie_de_mve_2021_nzerekore.pdf
Total,Cas Probables,0,7,2021-04-12,Guinée : Rapport de situation n°58 sur l'épidémie de la Maladie à Virus Ebola (MVE) - 12 avril 2021 [FR],2021-04-12,58,https://www.humanitarianresponse.info/sites/www.humanitarianresponse.info/files/documents/files/sitrep_ndeg_58_epidemie_de_mve_2021_nzerekore.pdf
CU de N’Zérékoré,Cas Suspects,0,0,2021-04-12,Guinée : Rapport de situation n°58 sur l'épidémie de la Maladie à Virus Ebola (MVE) - 12 avril 2021 [FR],2021-04-12,58,https://www.humanitarianresponse.info/sites/www.humanitarianresponse.info/files/documents/files/sitrep_ndeg_58_epidemie_de_mve_2021_nzerekore.pdf
Gouécké,Cas Suspects,0,0,2021-04-12,Guinée : Rapport de situation n°58 sur l'épidémie de la Maladie à Virus Ebola (MVE) - 12 avril 2021 [FR],2021-04-12,58,https://www.humanitarianresponse.info/sites/www.humanitarianresponse.info/files/documents/files/sitrep_ndeg_58_epidemie_de_mve_2021_nzerekore.pdf
Soulouta,Cas Suspects,0,0,2021-04-12,Guinée : Rapport de situation n°58 sur l'épidémie de la Maladie à Virus Ebola (MVE) - 12 avril 2021 [FR],2021-04-12,58,https://www.humanitarianresponse.info/sites/www.humanitarianresponse.info/files/documents/files/sitrep_ndeg_58_epidemie_de_mve_2021_nzerekore.pdf
Total,Cas Suspects,0,0,2021-04-12,Guinée : Rapport de situation n°58 sur l'épidémie de la Maladie à Virus Ebola (MVE) - 12 avril 2021 [FR],2021-04-12,58,https://www.humanitarianresponse.info/sites/www.humanitarianresponse.info/files/documents/files/sitrep_ndeg_58_epidemie_de_mve_2021_nzerekore.pdf
CU de N’Zérékoré,Cas Confirmés,0,11,2021-04-13,Guinée : Rapport de situation n°59 sur l'épidémie de la Maladie à Virus Ebola (MVE) - 13 avril 2021 [FR],2021-04-13,58,https://www.humanitarianresponse.info/sites/www.humanitarianresponse.info/files/documents/files/sitrep_ndeg_59_epidemie_de_mve_2021_nzerekore.pdf
Gouécké,Cas Confirmés,0,3,2021-04-13,Guinée : Rapport de situation n°59 sur l'épidémie de la Maladie à Virus Ebola (MVE) - 13 avril 2021 [FR],2021-04-13,58,https://www.humanitarianresponse.info/sites/www.humanitarianresponse.info/files/documents/files/sitrep_ndeg_59_epidemie_de_mve_2021_nzerekore.pdf
Soulouta,Cas Confirmés,0,2,2021-04-13,Guinée : Rapport de situation n°59 sur l'épidémie de la Maladie à Virus Ebola (MVE) - 13 avril 2021 [FR],2021-04-13,58,https://www.humanitarianresponse.info/sites/www.humanitarianresponse.info/files/documents/files/sitrep_ndeg_59_epidemie_de_mve_2021_nzerekore.pdf
Total,Cas Confirmés,0,16,2021-04-13,Guinée : Rapport de situation n°59 sur l'épidémie de la Maladie à Virus Ebola (MVE) - 13 avril 2021 [FR],2021-04-13,58,https://www.humanitarianresponse.info/sites/www.humanitarianresponse.info/files/documents/files/sitrep_ndeg_59_epidemie_de_mve_2021_nzerekore.pdf
CU de N’Zérékoré,Cas Probables,0,4,2021-04-13,Guinée : Rapport de situation n°59 sur l'épidémie de la Maladie à Virus Ebola (MVE) - 13 avril 2021 [FR],2021-04-13,58,https://www.humanitarianresponse.info/sites/www.humanitarianresponse.info/files/documents/files/sitrep_ndeg_59_epidemie_de_mve_2021_nzerekore.pdf
Gouécké,Cas Probables,0,0,2021-04-13,Guinée : Rapport de situation n°59 sur l'épidémie de la Maladie à Virus Ebola (MVE) - 13 avril 2021 [FR],2021-04-13,58,https://www.humanitarianresponse.info/sites/www.humanitarianresponse.info/files/documents/files/sitrep_ndeg_59_epidemie_de_mve_2021_nzerekore.pdf
Soulouta,Cas Probables,0,3,2021-04-13,Guinée : Rapport de situation n°59 sur l'épidémie de la Maladie à Virus Ebola (MVE) - 13 avril 2021 [FR],2021-04-13,58,https://www.humanitarianresponse.info/sites/www.humanitarianresponse.info/files/documents/files/sitrep_ndeg_59_epidemie_de_mve_2021_nzerekore.pdf
Total,Cas Probables,0,7,2021-04-13,Guinée : Rapport de situation n°59 sur l'épidémie de la Maladie à Virus Ebola (MVE) - 13 avril 2021 [FR],2021-04-13,58,https://www.humanitarianresponse.info/sites/www.humanitarianresponse.info/files/documents/files/sitrep_ndeg_59_epidemie_de_mve_2021_nzerekore.pdf
CU de N’Zérékoré,Cas Suspects,0,0,2021-04-13,Guinée : Rapport de situation n°59 sur l'épidémie de la Maladie à Virus Ebola (MVE) - 13 avril 2021 [FR],2021-04-13,58,https://www.humanitarianresponse.info/sites/www.humanitarianresponse.info/files/documents/files/sitrep_ndeg_59_epidemie_de_mve_2021_nzerekore.pdf
Gouécké,Cas Suspects,,0,2021-04-13,Guinée : Rapport de situation n°59 sur l'épidémie de la Maladie à Virus Ebola (MVE) - 13 avril 2021 [FR],2021-04-13,58,https://www.humanitarianresponse.info/sites/www.humanitarianresponse.info/files/documents/files/sitrep_ndeg_59_epidemie_de_mve_2021_nzerekore.pdf
Soulouta,Cas Suspects,0,0,2021-04-13,Guinée : Rapport de situation n°59 sur l'épidémie de la Maladie à Virus Ebola (MVE) - 13 avril 2021 [FR],2021-04-13,58,https://www.humanitarianresponse.info/sites/www.humanitarianresponse.info/files/documents/files/sitrep_ndeg_59_epidemie_de_mve_2021_nzerekore.pdf
Total,Cas Suspects,0,0,2021-04-13,Guinée : Rapport de situation n°59 sur l'épidémie de la Maladie à Virus Ebola (MVE) - 13 avril 2021 [FR],2021-04-13,58,https://www.humanitarianresponse.info/sites/www.humanitarianresponse.info/files/documents/files/sitrep_ndeg_59_epidemie_de_mve_2021_nzerekore.pdf
CU de N’Zérékoré,Cas Confirmés,0,11,2021-04-14,Guinée : Rapport de situation n°60 sur l'épidémie de la Maladie à Virus Ebola (MVE) - 14 avril 2021 [FR],2021-04-14,60,https://www.humanitarianresponse.info/sites/www.humanitarianresponse.info/files/documents/files/sitrep_ndeg_60_epidemie_de_mve_2021_nzerekore_-.pdf
Gouécké,Cas Confirmés,0,3,2021-04-14,Guinée : Rapport de situation n°60 sur l'épidémie de la Maladie à Virus Ebola (MVE) - 14 avril 2021 [FR],2021-04-14,60,https://www.humanitarianresponse.info/sites/www.humanitarianresponse.info/files/documents/files/sitrep_ndeg_60_epidemie_de_mve_2021_nzerekore_-.pdf
Soulouta,Cas Confirmés,0,2,2021-04-14,Guinée : Rapport de situation n°60 sur l'épidémie de la Maladie à Virus Ebola (MVE) - 14 avril 2021 [FR],2021-04-14,60,https://www.humanitarianresponse.info/sites/www.humanitarianresponse.info/files/documents/files/sitrep_ndeg_60_epidemie_de_mve_2021_nzerekore_-.pdf
Total,Cas Confirmés,0,16,2021-04-14,Guinée : Rapport de situation n°60 sur l'épidémie de la Maladie à Virus Ebola (MVE) - 14 avril 2021 [FR],2021-04-14,60,https://www.humanitarianresponse.info/sites/www.humanitarianresponse.info/files/documents/files/sitrep_ndeg_60_epidemie_de_mve_2021_nzerekore_-.pdf
CU de N’Zérékoré,Cas Probables,0,4,2021-04-14,Guinée : Rapport de situation n°60 sur l'épidémie de la Maladie à Virus Ebola (MVE) - 14 avril 2021 [FR],2021-04-14,60,https://www.humanitarianresponse.info/sites/www.humanitarianresponse.info/files/documents/files/sitrep_ndeg_60_epidemie_de_mve_2021_nzerekore_-.pdf
Gouécké,Cas Probables,0,0,2021-04-14,Guinée : Rapport de situation n°60 sur l'épidémie de la Maladie à Virus Ebola (MVE) - 14 avril 2021 [FR],2021-04-14,60,https://www.humanitarianresponse.info/sites/www.humanitarianresponse.info/files/documents/files/sitrep_ndeg_60_epidemie_de_mve_2021_nzerekore_-.pdf
Soulouta,Cas Probables,0,3,2021-04-14,Guinée : Rapport de situation n°60 sur l'épidémie de la Maladie à Virus Ebola (MVE) - 14 avril 2021 [FR],2021-04-14,60,https://www.humanitarianresponse.info/sites/www.humanitarianresponse.info/files/documents/files/sitrep_ndeg_60_epidemie_de_mve_2021_nzerekore_-.pdf
Total,Cas Probables,0,7,2021-04-14,Guinée : Rapport de situation n°60 sur l'épidémie de la Maladie à Virus Ebola (MVE) - 14 avril 2021 [FR],2021-04-14,60,https://www.humanitarianresponse.info/sites/www.humanitarianresponse.info/files/documents/files/sitrep_ndeg_60_epidemie_de_mve_2021_nzerekore_-.pdf
CU de N’Zérékoré,Cas Suspects,1,1,2021-04-14,Guinée : Rapport de situation n°60 sur l'épidémie de la Maladie à Virus Ebola (MVE) - 14 avril 2021 [FR],2021-04-14,60,https://www.humanitarianresponse.info/sites/www.humanitarianresponse.info/files/documents/files/sitrep_ndeg_60_epidemie_de_mve_2021_nzerekore_-.pdf
Gouécké,Cas Suspects,0,0,2021-04-14,Guinée : Rapport de situation n°60 sur l'épidémie de la Maladie à Virus Ebola (MVE) - 14 avril 2021 [FR],2021-04-14,60,https://www.humanitarianresponse.info/sites/www.humanitarianresponse.info/files/documents/files/sitrep_ndeg_60_epidemie_de_mve_2021_nzerekore_-.pdf
Soulouta,Cas Suspects,0,0,2021-04-14,Guinée : Rapport de situation n°60 sur l'épidémie de la Maladie à Virus Ebola (MVE) - 14 avril 2021 [FR],2021-04-14,60,https://www.humanitarianresponse.info/sites/www.humanitarianresponse.info/files/documents/files/sitrep_ndeg_60_epidemie_de_mve_2021_nzerekore_-.pdf
Total,Cas Suspects,1,1,2021-04-14,Guinée : Rapport de situation n°60 sur l'épidémie de la Maladie à Virus Ebola (MVE) - 14 avril 2021 [FR],2021-04-14,60,https://www.humanitarianresponse.info/sites/www.humanitarianresponse.info/files/documents/files/sitrep_ndeg_60_epidemie_de_mve_2021_nzerekore_-.pdf
CU de N’Zérékoré,Cas Confirmés,0,11,2021-04-15,Guinée : Rapport de situation n°61 sur l'épidémie de la Maladie à Virus Ebola (MVE) - 15 avril 2021 [FR],2021-04-15,61,https://www.humanitarianresponse.info/sites/www.humanitarianresponse.info/files/documents/files/sitrep_ndeg_61_epidemie_de_mve_2021_nzerekore.pdf
Gouécké,Cas Confirmés,0,3,2021-04-15,Guinée : Rapport de situation n°61 sur l'épidémie de la Maladie à Virus Ebola (MVE) - 15 avril 2021 [FR],2021-04-15,61,https://www.humanitarianresponse.info/sites/www.humanitarianresponse.info/files/documents/files/sitrep_ndeg_61_epidemie_de_mve_2021_nzerekore.pdf
Soulouta,Cas Confirmés,0,2,2021-04-15,Guinée : Rapport de situation n°61 sur l'épidémie de la Maladie à Virus Ebola (MVE) - 15 avril 2021 [FR],2021-04-15,61,https://www.humanitarianresponse.info/sites/www.humanitarianresponse.info/files/documents/files/sitrep_ndeg_61_epidemie_de_mve_2021_nzerekore.pdf
Total,Cas Confirmés,0,16,2021-04-15,Guinée : Rapport de situation n°61 sur l'épidémie de la Maladie à Virus Ebola (MVE) - 15 avril 2021 [FR],2021-04-15,61,https://www.humanitarianresponse.info/sites/www.humanitarianresponse.info/files/documents/files/sitrep_ndeg_61_epidemie_de_mve_2021_nzerekore.pdf
CU de N’Zérékoré,Cas Probables,0,4,2021-04-15,Guinée : Rapport de situation n°61 sur l'épidémie de la Maladie à Virus Ebola (MVE) - 15 avril 2021 [FR],2021-04-15,61,https://www.humanitarianresponse.info/sites/www.humanitarianresponse.info/files/documents/files/sitrep_ndeg_61_epidemie_de_mve_2021_nzerekore.pdf
Gouécké,Cas Probables,0,0,2021-04-15,Guinée : Rapport de situation n°61 sur l'épidémie de la Maladie à Virus Ebola (MVE) - 15 avril 2021 [FR],2021-04-15,61,https://www.humanitarianresponse.info/sites/www.humanitarianresponse.info/files/documents/files/sitrep_ndeg_61_epidemie_de_mve_2021_nzerekore.pdf
Soulouta,Cas Probables,0,3,2021-04-15,Guinée : Rapport de situation n°61 sur l'épidémie de la Maladie à Virus Ebola (MVE) - 15 avril 2021 [FR],2021-04-15,61,https://www.humanitarianresponse.info/sites/www.humanitarianresponse.info/files/documents/files/sitrep_ndeg_61_epidemie_de_mve_2021_nzerekore.pdf
Total,Cas Probables,0,7,2021-04-15,Guinée : Rapport de situation n°61 sur l'épidémie de la Maladie à Virus Ebola (MVE) - 15 avril 2021 [FR],2021-04-15,61,https://www.humanitarianresponse.info/sites/www.humanitarianresponse.info/files/documents/files/sitrep_ndeg_61_epidemie_de_mve_2021_nzerekore.pdf
CU de N’Zérékoré,Cas Suspects,2,2,2021-04-15,Guinée : Rapport de situation n°61 sur l'épidémie de la Maladie à Virus Ebola (MVE) - 15 avril 2021 [FR],2021-04-15,61,https://www.humanitarianresponse.info/sites/www.humanitarianresponse.info/files/documents/files/sitrep_ndeg_61_epidemie_de_mve_2021_nzerekore.pdf
Gouécké,Cas Suspects,1,1,2021-04-15,Guinée : Rapport de situation n°61 sur l'épidémie de la Maladie à Virus Ebola (MVE) - 15 avril 2021 [FR],2021-04-15,61,https://www.humanitarianresponse.info/sites/www.humanitarianresponse.info/files/documents/files/sitrep_ndeg_61_epidemie_de_mve_2021_nzerekore.pdf
Soulouta,Cas Suspects,0,0,2021-04-15,Guinée : Rapport de situation n°61 sur l'épidémie de la Maladie à Virus Ebola (MVE) - 15 avril 2021 [FR],2021-04-15,61,https://www.humanitarianresponse.info/sites/www.humanitarianresponse.info/files/documents/files/sitrep_ndeg_61_epidemie_de_mve_2021_nzerekore.pdf
Total,Cas Suspects,3,3,2021-04-15,Guinée : Rapport de situation n°61 sur l'épidémie de la Maladie à Virus Ebola (MVE) - 15 avril 2021 [FR],2021-04-15,61,https://www.humanitarianresponse.info/sites/www.humanitarianresponse.info/files/documents/files/sitrep_ndeg_61_epidemie_de_mve_2021_nzerekore.pdf
CU de N’Zérékoré,Cas Confirmés,0,11,2021-04-16,Guinée : Rapport de situation n°62 sur l'épidémie de la Maladie à Virus Ebola (MVE) - 16 avril 2021 [FR],2021-04-16,62,https://www.humanitarianresponse.info/sites/www.humanitarianresponse.info/files/documents/files/sitrep_ndeg_62_epidemie_de_mve_2021_nzerekore.pdf
Gouécké,Cas Confirmés,0,3,2021-04-16,Guinée : Rapport de situation n°62 sur l'épidémie de la Maladie à Virus Ebola (MVE) - 16 avril 2021 [FR],2021-04-16,62,https://www.humanitarianresponse.info/sites/www.humanitarianresponse.info/files/documents/files/sitrep_ndeg_62_epidemie_de_mve_2021_nzerekore.pdf
Soulouta,Cas Confirmés,0,2,2021-04-16,Guinée : Rapport de situation n°62 sur l'épidémie de la Maladie à Virus Ebola (MVE) - 16 avril 2021 [FR],2021-04-16,62,https://www.humanitarianresponse.info/sites/www.humanitarianresponse.info/files/documents/files/sitrep_ndeg_62_epidemie_de_mve_2021_nzerekore.pdf
Total,Cas Confirmés,0,16,2021-04-16,Guinée : Rapport de situation n°62 sur l'épidémie de la Maladie à Virus Ebola (MVE) - 16 avril 2021 [FR],2021-04-16,62,https://www.humanitarianresponse.info/sites/www.humanitarianresponse.info/files/documents/files/sitrep_ndeg_62_epidemie_de_mve_2021_nzerekore.pdf
CU de N’Zérékoré,Cas Probables,0,4,2021-04-16,Guinée : Rapport de situation n°62 sur l'épidémie de la Maladie à Virus Ebola (MVE) - 16 avril 2021 [FR],2021-04-16,62,https://www.humanitarianresponse.info/sites/www.humanitarianresponse.info/files/documents/files/sitrep_ndeg_62_epidemie_de_mve_2021_nzerekore.pdf
Gouécké,Cas Probables,0,0,2021-04-16,Guinée : Rapport de situation n°62 sur l'épidémie de la Maladie à Virus Ebola (MVE) - 16 avril 2021 [FR],2021-04-16,62,https://www.humanitarianresponse.info/sites/www.humanitarianresponse.info/files/documents/files/sitrep_ndeg_62_epidemie_de_mve_2021_nzerekore.pdf
Soulouta,Cas Probables,0,3,2021-04-16,Guinée : Rapport de situation n°62 sur l'épidémie de la Maladie à Virus Ebola (MVE) - 16 avril 2021 [FR],2021-04-16,62,https://www.humanitarianresponse.info/sites/www.humanitarianresponse.info/files/documents/files/sitrep_ndeg_62_epidemie_de_mve_2021_nzerekore.pdf
Total,Cas Probables,0,7,2021-04-16,Guinée : Rapport de situation n°62 sur l'épidémie de la Maladie à Virus Ebola (MVE) - 16 avril 2021 [FR],2021-04-16,62,https://www.humanitarianresponse.info/sites/www.humanitarianresponse.info/files/documents/files/sitrep_ndeg_62_epidemie_de_mve_2021_nzerekore.pdf
CU de N’Zérékoré,Cas Suspects,0,0,2021-04-16,Guinée : Rapport de situation n°62 sur l'épidémie de la Maladie à Virus Ebola (MVE) - 16 avril 2021 [FR],2021-04-16,62,https://www.humanitarianresponse.info/sites/www.humanitarianresponse.info/files/documents/files/sitrep_ndeg_62_epidemie_de_mve_2021_nzerekore.pdf
Gouécké,Cas Suspects,0,0,2021-04-16,Guinée : Rapport de situation n°62 sur l'épidémie de la Maladie à Virus Ebola (MVE) - 16 avril 2021 [FR],2021-04-16,62,https://www.humanitarianresponse.info/sites/www.humanitarianresponse.info/files/documents/files/sitrep_ndeg_62_epidemie_de_mve_2021_nzerekore.pdf
Soulouta,Cas Suspects,0,0,2021-04-16,Guinée : Rapport de situation n°62 sur l'épidémie de la Maladie à Virus Ebola (MVE) - 16 avril 2021 [FR],2021-04-16,62,https://www.humanitarianresponse.info/sites/www.humanitarianresponse.info/files/documents/files/sitrep_ndeg_62_epidemie_de_mve_2021_nzerekore.pdf
Total,Cas Suspects,0,0,2021-04-16,Guinée : Rapport de situation n°62 sur l'épidémie de la Maladie à Virus Ebola (MVE) - 16 avril 2021 [FR],2021-04-16,62,https://www.humanitarianresponse.info/sites/www.humanitarianresponse.info/files/documents/files/sitrep_ndeg_62_epidemie_de_mve_2021_nzerekore.pdf
CU de N’Zérékoré,Cas Confirmés,0,11,2021-04-17,Guinée : Rapport de situation n°63 sur l'épidémie de la Maladie à Virus Ebola (MVE) - 17 avril 2021 [FR],2021-04-17,63,https://www.humanitarianresponse.info/sites/www.humanitarianresponse.info/files/documents/files/sitrep_ndeg_63_epidemie_de_mve_2021_nzerekore_-_copie.pdf
Gouécké,Cas Confirmés,0,3,2021-04-17,Guinée : Rapport de situation n°63 sur l'épidémie de la Maladie à Virus Ebola (MVE) - 17 avril 2021 [FR],2021-04-17,63,https://www.humanitarianresponse.info/sites/www.humanitarianresponse.info/files/documents/files/sitrep_ndeg_63_epidemie_de_mve_2021_nzerekore_-_copie.pdf
Soulouta,Cas Confirmés,0,2,2021-04-17,Guinée : Rapport de situation n°63 sur l'épidémie de la Maladie à Virus Ebola (MVE) - 17 avril 2021 [FR],2021-04-17,63,https://www.humanitarianresponse.info/sites/www.humanitarianresponse.info/files/documents/files/sitrep_ndeg_63_epidemie_de_mve_2021_nzerekore_-_copie.pdf
Total,Cas Confirmés,0,16,2021-04-17,Guinée : Rapport de situation n°63 sur l'épidémie de la Maladie à Virus Ebola (MVE) - 17 avril 2021 [FR],2021-04-17,63,https://www.humanitarianresponse.info/sites/www.humanitarianresponse.info/files/documents/files/sitrep_ndeg_63_epidemie_de_mve_2021_nzerekore_-_copie.pdf
CU de N’Zérékoré,Cas Probables,0,4,2021-04-17,Guinée : Rapport de situation n°63 sur l'épidémie de la Maladie à Virus Ebola (MVE) - 17 avril 2021 [FR],2021-04-17,63,https://www.humanitarianresponse.info/sites/www.humanitarianresponse.info/files/documents/files/sitrep_ndeg_63_epidemie_de_mve_2021_nzerekore_-_copie.pdf
Gouécké,Cas Probables,0,0,2021-04-17,Guinée : Rapport de situation n°63 sur l'épidémie de la Maladie à Virus Ebola (MVE) - 17 avril 2021 [FR],2021-04-17,63,https://www.humanitarianresponse.info/sites/www.humanitarianresponse.info/files/documents/files/sitrep_ndeg_63_epidemie_de_mve_2021_nzerekore_-_copie.pdf
Soulouta,Cas Probables,0,3,2021-04-17,Guinée : Rapport de situation n°63 sur l'épidémie de la Maladie à Virus Ebola (MVE) - 17 avril 2021 [FR],2021-04-17,63,https://www.humanitarianresponse.info/sites/www.humanitarianresponse.info/files/documents/files/sitrep_ndeg_63_epidemie_de_mve_2021_nzerekore_-_copie.pdf
Total,Cas Probables,0,7,2021-04-17,Guinée : Rapport de situation n°63 sur l'épidémie de la Maladie à Virus Ebola (MVE) - 17 avril 2021 [FR],2021-04-17,63,https://www.humanitarianresponse.info/sites/www.humanitarianresponse.info/files/documents/files/sitrep_ndeg_63_epidemie_de_mve_2021_nzerekore_-_copie.pdf
CU de N’Zérékoré,Cas Suspects,3,3,2021-04-17,Guinée : Rapport de situation n°63 sur l'épidémie de la Maladie à Virus Ebola (MVE) - 17 avril 2021 [FR],2021-04-17,63,https://www.humanitarianresponse.info/sites/www.humanitarianresponse.info/files/documents/files/sitrep_ndeg_63_epidemie_de_mve_2021_nzerekore_-_copie.pdf
Gouécké,Cas Suspects,0,0,2021-04-17,Guinée : Rapport de situation n°63 sur l'épidémie de la Maladie à Virus Ebola (MVE) - 17 avril 2021 [FR],2021-04-17,63,https://www.humanitarianresponse.info/sites/www.humanitarianresponse.info/files/documents/files/sitrep_ndeg_63_epidemie_de_mve_2021_nzerekore_-_copie.pdf
Soulouta,Cas Suspects,1,1,2021-04-17,Guinée : Rapport de situation n°63 sur l'épidémie de la Maladie à Virus Ebola (MVE) - 17 avril 2021 [FR],2021-04-17,63,https://www.humanitarianresponse.info/sites/www.humanitarianresponse.info/files/documents/files/sitrep_ndeg_63_epidemie_de_mve_2021_nzerekore_-_copie.pdf
Total,Cas Suspects,4,4,2021-04-17,Guinée : Rapport de situation n°63 sur l'épidémie de la Maladie à Virus Ebola (MVE) - 17 avril 2021 [FR],2021-04-17,63,https://www.humanitarianresponse.info/sites/www.humanitarianresponse.info/files/documents/files/sitrep_ndeg_63_epidemie_de_mve_2021_nzerekore_-_copie.pdf
CU de N’Zérékoré,Cas Confirmés,0,11,2021-04-18,Guinée : Rapport de situation n°64 sur l'épidémie de la Maladie à Virus Ebola (MVE) - 18 avril 2021 [FR],2021-04-18,64,https://www.humanitarianresponse.info/sites/www.humanitarianresponse.info/files/documents/files/sitrep_ndeg_64_epidemie_de_mve_2021_nzerekore.pdf
Gouécké,Cas Confirmés,0,3,2021-04-18,Guinée : Rapport de situation n°64 sur l'épidémie de la Maladie à Virus Ebola (MVE) - 18 avril 2021 [FR],2021-04-18,64,https://www.humanitarianresponse.info/sites/www.humanitarianresponse.info/files/documents/files/sitrep_ndeg_64_epidemie_de_mve_2021_nzerekore.pdf
Soulouta,Cas Confirmés,0,2,2021-04-18,Guinée : Rapport de situation n°64 sur l'épidémie de la Maladie à Virus Ebola (MVE) - 18 avril 2021 [FR],2021-04-18,64,https://www.humanitarianresponse.info/sites/www.humanitarianresponse.info/files/documents/files/sitrep_ndeg_64_epidemie_de_mve_2021_nzerekore.pdf
Total,Cas Confirmés,0,16,2021-04-18,Guinée : Rapport de situation n°64 sur l'épidémie de la Maladie à Virus Ebola (MVE) - 18 avril 2021 [FR],2021-04-18,64,https://www.humanitarianresponse.info/sites/www.humanitarianresponse.info/files/documents/files/sitrep_ndeg_64_epidemie_de_mve_2021_nzerekore.pdf
CU de N’Zérékoré,Cas Probables,0,4,2021-04-18,Guinée : Rapport de situation n°64 sur l'épidémie de la Maladie à Virus Ebola (MVE) - 18 avril 2021 [FR],2021-04-18,64,https://www.humanitarianresponse.info/sites/www.humanitarianresponse.info/files/documents/files/sitrep_ndeg_64_epidemie_de_mve_2021_nzerekore.pdf
Gouécké,Cas Probables,0,0,2021-04-18,Guinée : Rapport de situation n°64 sur l'épidémie de la Maladie à Virus Ebola (MVE) - 18 avril 2021 [FR],2021-04-18,64,https://www.humanitarianresponse.info/sites/www.humanitarianresponse.info/files/documents/files/sitrep_ndeg_64_epidemie_de_mve_2021_nzerekore.pdf
Soulouta,Cas Probables,0,3,2021-04-18,Guinée : Rapport de situation n°64 sur l'épidémie de la Maladie à Virus Ebola (MVE) - 18 avril 2021 [FR],2021-04-18,64,https://www.humanitarianresponse.info/sites/www.humanitarianresponse.info/files/documents/files/sitrep_ndeg_64_epidemie_de_mve_2021_nzerekore.pdf
Total,Cas Probables,0,7,2021-04-18,Guinée : Rapport de situation n°64 sur l'épidémie de la Maladie à Virus Ebola (MVE) - 18 avril 2021 [FR],2021-04-18,64,https://www.humanitarianresponse.info/sites/www.humanitarianresponse.info/files/documents/files/sitrep_ndeg_64_epidemie_de_mve_2021_nzerekore.pdf
CU de N’Zérékoré,Cas Suspects,3,3,2021-04-18,Guinée : Rapport de situation n°64 sur l'épidémie de la Maladie à Virus Ebola (MVE) - 18 avril 2021 [FR],2021-04-18,64,https://www.humanitarianresponse.info/sites/www.humanitarianresponse.info/files/documents/files/sitrep_ndeg_64_epidemie_de_mve_2021_nzerekore.pdf
Gouécké,Cas Suspects,0,0,2021-04-18,Guinée : Rapport de situation n°64 sur l'épidémie de la Maladie à Virus Ebola (MVE) - 18 avril 2021 [FR],2021-04-18,64,https://www.humanitarianresponse.info/sites/www.humanitarianresponse.info/files/documents/files/sitrep_ndeg_64_epidemie_de_mve_2021_nzerekore.pdf
Soulouta,Cas Suspects,1,1,2021-04-18,Guinée : Rapport de situation n°64 sur l'épidémie de la Maladie à Virus Ebola (MVE) - 18 avril 2021 [FR],2021-04-18,64,https://www.humanitarianresponse.info/sites/www.humanitarianresponse.info/files/documents/files/sitrep_ndeg_64_epidemie_de_mve_2021_nzerekore.pdf
Total,Cas Suspects,4,4,2021-04-18,Guinée : Rapport de situation n°64 sur l'épidémie de la Maladie à Virus Ebola (MVE) - 18 avril 2021 [FR],2021-04-18,64,https://www.humanitarianresponse.info/sites/www.humanitarianresponse.info/files/documents/files/sitrep_ndeg_64_epidemie_de_mve_2021_nzerekore.pdf
CU de N’Zérékoré,Cas Confirmés,0,11,2021-04-19,Guinée : Rapport de situation n°65 sur l'épidémie de la Maladie à Virus Ebola (MVE) - 19 avril 2021 [FR],2021-04-19,65,https://www.humanitarianresponse.info/sites/www.humanitarianresponse.info/files/documents/files/sitrep_ndeg_65_epidemie_de_mve_2021_nzerekore.pdf
Gouécké,Cas Confirmés,0,3,2021-04-19,Guinée : Rapport de situation n°65 sur l'épidémie de la Maladie à Virus Ebola (MVE) - 19 avril 2021 [FR],2021-04-19,65,https://www.humanitarianresponse.info/sites/www.humanitarianresponse.info/files/documents/files/sitrep_ndeg_65_epidemie_de_mve_2021_nzerekore.pdf
Soulouta,Cas Confirmés,0,2,2021-04-19,Guinée : Rapport de situation n°65 sur l'épidémie de la Maladie à Virus Ebola (MVE) - 19 avril 2021 [FR],2021-04-19,65,https://www.humanitarianresponse.info/sites/www.humanitarianresponse.info/files/documents/files/sitrep_ndeg_65_epidemie_de_mve_2021_nzerekore.pdf
Total,Cas Confirmés,0,16,2021-04-19,Guinée : Rapport de situation n°65 sur l'épidémie de la Maladie à Virus Ebola (MVE) - 19 avril 2021 [FR],2021-04-19,65,https://www.humanitarianresponse.info/sites/www.humanitarianresponse.info/files/documents/files/sitrep_ndeg_65_epidemie_de_mve_2021_nzerekore.pdf
CU de N’Zérékoré,Cas Probables,0,4,2021-04-19,Guinée : Rapport de situation n°65 sur l'épidémie de la Maladie à Virus Ebola (MVE) - 19 avril 2021 [FR],2021-04-19,65,https://www.humanitarianresponse.info/sites/www.humanitarianresponse.info/files/documents/files/sitrep_ndeg_65_epidemie_de_mve_2021_nzerekore.pdf
Gouécké,Cas Probables,0,0,2021-04-19,Guinée : Rapport de situation n°65 sur l'épidémie de la Maladie à Virus Ebola (MVE) - 19 avril 2021 [FR],2021-04-19,65,https://www.humanitarianresponse.info/sites/www.humanitarianresponse.info/files/documents/files/sitrep_ndeg_65_epidemie_de_mve_2021_nzerekore.pdf
Soulouta,Cas Probables,0,3,2021-04-19,Guinée : Rapport de situation n°65 sur l'épidémie de la Maladie à Virus Ebola (MVE) - 19 avril 2021 [FR],2021-04-19,65,https://www.humanitarianresponse.info/sites/www.humanitarianresponse.info/files/documents/files/sitrep_ndeg_65_epidemie_de_mve_2021_nzerekore.pdf
Total,Cas Probables,0,7,2021-04-19,Guinée : Rapport de situation n°65 sur l'épidémie de la Maladie à Virus Ebola (MVE) - 19 avril 2021 [FR],2021-04-19,65,https://www.humanitarianresponse.info/sites/www.humanitarianresponse.info/files/documents/files/sitrep_ndeg_65_epidemie_de_mve_2021_nzerekore.pdf
CU de N’Zérékoré,Cas Suspects,0,0,2021-04-19,Guinée : Rapport de situation n°65 sur l'épidémie de la Maladie à Virus Ebola (MVE) - 19 avril 2021 [FR],2021-04-19,65,https://www.humanitarianresponse.info/sites/www.humanitarianresponse.info/files/documents/files/sitrep_ndeg_65_epidemie_de_mve_2021_nzerekore.pdf
Gouécké,Cas Suspects,1,1,2021-04-19,Guinée : Rapport de situation n°65 sur l'épidémie de la Maladie à Virus Ebola (MVE) - 19 avril 2021 [FR],2021-04-19,65,https://www.humanitarianresponse.info/sites/www.humanitarianresponse.info/files/documents/files/sitrep_ndeg_65_epidemie_de_mve_2021_nzerekore.pdf
Soulouta,Cas Suspects,0,0,2021-04-19,Guinée : Rapport de situation n°65 sur l'épidémie de la Maladie à Virus Ebola (MVE) - 19 avril 2021 [FR],2021-04-19,65,https://www.humanitarianresponse.info/sites/www.humanitarianresponse.info/files/documents/files/sitrep_ndeg_65_epidemie_de_mve_2021_nzerekore.pdf
Total,Cas Suspects,1,1,2021-04-19,Guinée : Rapport de situation n°65 sur l'épidémie de la Maladie à Virus Ebola (MVE) - 19 avril 2021 [FR],2021-04-19,65,https://www.humanitarianresponse.info/sites/www.humanitarianresponse.info/files/documents/files/sitrep_ndeg_65_epidemie_de_mve_2021_nzerekore.pdf
CU de N’Zérékoré,Cas Confirmés,0,11,2021-04-20,Guinée : Rapport de situation n°66 sur l'épidémie de la Maladie à Virus Ebola (MVE) - 20 avril 2021 [FR],2021-04-20,66,https://www.humanitarianresponse.info/sites/www.humanitarianresponse.info/files/documents/files/sitrep_ndeg_66_epidemie_de_mve_2021_nzerekore.pdf
Gouécké,Cas Confirmés,0,3,2021-04-20,Guinée : Rapport de situation n°66 sur l'épidémie de la Maladie à Virus Ebola (MVE) - 20 avril 2021 [FR],2021-04-20,66,https://www.humanitarianresponse.info/sites/www.humanitarianresponse.info/files/documents/files/sitrep_ndeg_66_epidemie_de_mve_2021_nzerekore.pdf
Soulouta,Cas Confirmés,0,2,2021-04-20,Guinée : Rapport de situation n°66 sur l'épidémie de la Maladie à Virus Ebola (MVE) - 20 avril 2021 [FR],2021-04-20,66,https://www.humanitarianresponse.info/sites/www.humanitarianresponse.info/files/documents/files/sitrep_ndeg_66_epidemie_de_mve_2021_nzerekore.pdf
Total,Cas Confirmés,0,16,2021-04-20,Guinée : Rapport de situation n°66 sur l'épidémie de la Maladie à Virus Ebola (MVE) - 20 avril 2021 [FR],2021-04-20,66,https://www.humanitarianresponse.info/sites/www.humanitarianresponse.info/files/documents/files/sitrep_ndeg_66_epidemie_de_mve_2021_nzerekore.pdf
CU de N’Zérékoré,Cas Probables,0,4,2021-04-20,Guinée : Rapport de situation n°66 sur l'épidémie de la Maladie à Virus Ebola (MVE) - 20 avril 2021 [FR],2021-04-20,66,https://www.humanitarianresponse.info/sites/www.humanitarianresponse.info/files/documents/files/sitrep_ndeg_66_epidemie_de_mve_2021_nzerekore.pdf
Gouécké,Cas Probables,0,0,2021-04-20,Guinée : Rapport de situation n°66 sur l'épidémie de la Maladie à Virus Ebola (MVE) - 20 avril 2021 [FR],2021-04-20,66,https://www.humanitarianresponse.info/sites/www.humanitarianresponse.info/files/documents/files/sitrep_ndeg_66_epidemie_de_mve_2021_nzerekore.pdf
Soulouta,Cas Probables,0,3,2021-04-20,Guinée : Rapport de situation n°66 sur l'épidémie de la Maladie à Virus Ebola (MVE) - 20 avril 2021 [FR],2021-04-20,66,https://www.humanitarianresponse.info/sites/www.humanitarianresponse.info/files/documents/files/sitrep_ndeg_66_epidemie_de_mve_2021_nzerekore.pdf
Total,Cas Probables,0,7,2021-04-20,Guinée : Rapport de situation n°66 sur l'épidémie de la Maladie à Virus Ebola (MVE) - 20 avril 2021 [FR],2021-04-20,66,https://www.humanitarianresponse.info/sites/www.humanitarianresponse.info/files/documents/files/sitrep_ndeg_66_epidemie_de_mve_2021_nzerekore.pdf
CU de N’Zérékoré,Cas Suspects,3,3,2021-04-20,Guinée : Rapport de situation n°66 sur l'épidémie de la Maladie à Virus Ebola (MVE) - 20 avril 2021 [FR],2021-04-20,66,https://www.humanitarianresponse.info/sites/www.humanitarianresponse.info/files/documents/files/sitrep_ndeg_66_epidemie_de_mve_2021_nzerekore.pdf
Gouécké,Cas Suspects,0,0,2021-04-20,Guinée : Rapport de situation n°66 sur l'épidémie de la Maladie à Virus Ebola (MVE) - 20 avril 2021 [FR],2021-04-20,66,https://www.humanitarianresponse.info/sites/www.humanitarianresponse.info/files/documents/files/sitrep_ndeg_66_epidemie_de_mve_2021_nzerekore.pdf
Soulouta,Cas Suspects,1,1,2021-04-20,Guinée : Rapport de situation n°66 sur l'épidémie de la Maladie à Virus Ebola (MVE) - 20 avril 2021 [FR],2021-04-20,66,https://www.humanitarianresponse.info/sites/www.humanitarianresponse.info/files/documents/files/sitrep_ndeg_66_epidemie_de_mve_2021_nzerekore.pdf
Total,Cas Suspects,4,4,2021-04-20,Guinée : Rapport de situation n°66 sur l'épidémie de la Maladie à Virus Ebola (MVE) - 20 avril 2021 [FR],2021-04-20,66,https://www.humanitarianresponse.info/sites/www.humanitarianresponse.info/files/documents/files/sitrep_ndeg_66_epidemie_de_mve_2021_nzerekore.pdf
CU de N’Zérékoré,Cas Confirmés,0,11,2021-04-21,Guinée : Rapport de situation n°67 sur l'épidémie de la Maladie à Virus Ebola (MVE) - 21 avril 2021 [FR],2021-04-21,67,https://www.humanitarianresponse.info/sites/www.humanitarianresponse.info/files/documents/files/sitrep_ndeg_67_epidemie_de_mve_2021_nzerekore.pdf
Gouécké,Cas Confirmés,0,3,2021-04-21,Guinée : Rapport de situation n°67 sur l'épidémie de la Maladie à Virus Ebola (MVE) - 21 avril 2021 [FR],2021-04-21,67,https://www.humanitarianresponse.info/sites/www.humanitarianresponse.info/files/documents/files/sitrep_ndeg_67_epidemie_de_mve_2021_nzerekore.pdf
Soulouta,Cas Confirmés,0,2,2021-04-21,Guinée : Rapport de situation n°67 sur l'épidémie de la Maladie à Virus Ebola (MVE) - 21 avril 2021 [FR],2021-04-21,67,https://www.humanitarianresponse.info/sites/www.humanitarianresponse.info/files/documents/files/sitrep_ndeg_67_epidemie_de_mve_2021_nzerekore.pdf
Total,Cas Confirmés,0,16,2021-04-21,Guinée : Rapport de situation n°67 sur l'épidémie de la Maladie à Virus Ebola (MVE) - 21 avril 2021 [FR],2021-04-21,67,https://www.humanitarianresponse.info/sites/www.humanitarianresponse.info/files/documents/files/sitrep_ndeg_67_epidemie_de_mve_2021_nzerekore.pdf
CU de N’Zérékoré,Cas Probables,0,4,2021-04-21,Guinée : Rapport de situation n°67 sur l'épidémie de la Maladie à Virus Ebola (MVE) - 21 avril 2021 [FR],2021-04-21,67,https://www.humanitarianresponse.info/sites/www.humanitarianresponse.info/files/documents/files/sitrep_ndeg_67_epidemie_de_mve_2021_nzerekore.pdf
Gouécké,Cas Probables,0,0,2021-04-21,Guinée : Rapport de situation n°67 sur l'épidémie de la Maladie à Virus Ebola (MVE) - 21 avril 2021 [FR],2021-04-21,67,https://www.humanitarianresponse.info/sites/www.humanitarianresponse.info/files/documents/files/sitrep_ndeg_67_epidemie_de_mve_2021_nzerekore.pdf
Soulouta,Cas Probables,0,3,2021-04-21,Guinée : Rapport de situation n°67 sur l'épidémie de la Maladie à Virus Ebola (MVE) - 21 avril 2021 [FR],2021-04-21,67,https://www.humanitarianresponse.info/sites/www.humanitarianresponse.info/files/documents/files/sitrep_ndeg_67_epidemie_de_mve_2021_nzerekore.pdf
Total,Cas Probables,0,7,2021-04-21,Guinée : Rapport de situation n°67 sur l'épidémie de la Maladie à Virus Ebola (MVE) - 21 avril 2021 [FR],2021-04-21,67,https://www.humanitarianresponse.info/sites/www.humanitarianresponse.info/files/documents/files/sitrep_ndeg_67_epidemie_de_mve_2021_nzerekore.pdf
CU de N’Zérékoré,Cas Suspects,2,2,2021-04-21,Guinée : Rapport de situation n°67 sur l'épidémie de la Maladie à Virus Ebola (MVE) - 21 avril 2021 [FR],2021-04-21,67,https://www.humanitarianresponse.info/sites/www.humanitarianresponse.info/files/documents/files/sitrep_ndeg_67_epidemie_de_mve_2021_nzerekore.pdf
Gouécké,Cas Suspects,3,3,2021-04-21,Guinée : Rapport de situation n°67 sur l'épidémie de la Maladie à Virus Ebola (MVE) - 21 avril 2021 [FR],2021-04-21,67,https://www.humanitarianresponse.info/sites/www.humanitarianresponse.info/files/documents/files/sitrep_ndeg_67_epidemie_de_mve_2021_nzerekore.pdf
Soulouta,Cas Suspects,0,0,2021-04-21,Guinée : Rapport de situation n°67 sur l'épidémie de la Maladie à Virus Ebola (MVE) - 21 avril 2021 [FR],2021-04-21,67,https://www.humanitarianresponse.info/sites/www.humanitarianresponse.info/files/documents/files/sitrep_ndeg_67_epidemie_de_mve_2021_nzerekore.pdf
Total,Cas Suspects,5,5,2021-04-21,Guinée : Rapport de situation n°67 sur l'épidémie de la Maladie à Virus Ebola (MVE) - 21 avril 2021 [FR],2021-04-21,67,https://www.humanitarianresponse.info/sites/www.humanitarianresponse.info/files/documents/files/sitrep_ndeg_67_epidemie_de_mve_2021_nzerekore.pdf
CU de N’Zérékoré,Cas Confirmés,0,11,2021-04-22,Guinée : Rapport de situation n°68 sur l'épidémie de la Maladie à Virus Ebola (MVE) - 22 avril 2021 [FR],2021-04-22,68,https://www.humanitarianresponse.info/sites/www.humanitarianresponse.info/files/documents/files/sitrep_ndeg_68_epidemie_de_mve_2021_nzerekore.pdf
Gouécké,Cas Confirmés,0,3,2021-04-22,Guinée : Rapport de situation n°68 sur l'épidémie de la Maladie à Virus Ebola (MVE) - 22 avril 2021 [FR],2021-04-22,68,https://www.humanitarianresponse.info/sites/www.humanitarianresponse.info/files/documents/files/sitrep_ndeg_68_epidemie_de_mve_2021_nzerekore.pdf
Soulouta,Cas Confirmés,0,2,2021-04-22,Guinée : Rapport de situation n°68 sur l'épidémie de la Maladie à Virus Ebola (MVE) - 22 avril 2021 [FR],2021-04-22,68,https://www.humanitarianresponse.info/sites/www.humanitarianresponse.info/files/documents/files/sitrep_ndeg_68_epidemie_de_mve_2021_nzerekore.pdf
Total,Cas Confirmés,0,16,2021-04-22,Guinée : Rapport de situation n°68 sur l'épidémie de la Maladie à Virus Ebola (MVE) - 22 avril 2021 [FR],2021-04-22,68,https://www.humanitarianresponse.info/sites/www.humanitarianresponse.info/files/documents/files/sitrep_ndeg_68_epidemie_de_mve_2021_nzerekore.pdf
CU de N’Zérékoré,Cas Probables,0,4,2021-04-22,Guinée : Rapport de situation n°68 sur l'épidémie de la Maladie à Virus Ebola (MVE) - 22 avril 2021 [FR],2021-04-22,68,https://www.humanitarianresponse.info/sites/www.humanitarianresponse.info/files/documents/files/sitrep_ndeg_68_epidemie_de_mve_2021_nzerekore.pdf
Gouécké,Cas Probables,0,0,2021-04-22,Guinée : Rapport de situation n°68 sur l'épidémie de la Maladie à Virus Ebola (MVE) - 22 avril 2021 [FR],2021-04-22,68,https://www.humanitarianresponse.info/sites/www.humanitarianresponse.info/files/documents/files/sitrep_ndeg_68_epidemie_de_mve_2021_nzerekore.pdf
Soulouta,Cas Probables,0,3,2021-04-22,Guinée : Rapport de situation n°68 sur l'épidémie de la Maladie à Virus Ebola (MVE) - 22 avril 2021 [FR],2021-04-22,68,https://www.humanitarianresponse.info/sites/www.humanitarianresponse.info/files/documents/files/sitrep_ndeg_68_epidemie_de_mve_2021_nzerekore.pdf
Total,Cas Probables,0,7,2021-04-22,Guinée : Rapport de situation n°68 sur l'épidémie de la Maladie à Virus Ebola (MVE) - 22 avril 2021 [FR],2021-04-22,68,https://www.humanitarianresponse.info/sites/www.humanitarianresponse.info/files/documents/files/sitrep_ndeg_68_epidemie_de_mve_2021_nzerekore.pdf
CU de N’Zérékoré,Cas Suspects,3,3,2021-04-22,Guinée : Rapport de situation n°68 sur l'épidémie de la Maladie à Virus Ebola (MVE) - 22 avril 2021 [FR],2021-04-22,68,https://www.humanitarianresponse.info/sites/www.humanitarianresponse.info/files/documents/files/sitrep_ndeg_68_epidemie_de_mve_2021_nzerekore.pdf
Gouécké,Cas Suspects,2,2,2021-04-22,Guinée : Rapport de situation n°68 sur l'épidémie de la Maladie à Virus Ebola (MVE) - 22 avril 2021 [FR],2021-04-22,68,https://www.humanitarianresponse.info/sites/www.humanitarianresponse.info/files/documents/files/sitrep_ndeg_68_epidemie_de_mve_2021_nzerekore.pdf
Soulouta,Cas Suspects,0,0,2021-04-22,Guinée : Rapport de situation n°68 sur l'épidémie de la Maladie à Virus Ebola (MVE) - 22 avril 2021 [FR],2021-04-22,68,https://www.humanitarianresponse.info/sites/www.humanitarianresponse.info/files/documents/files/sitrep_ndeg_68_epidemie_de_mve_2021_nzerekore.pdf
Total,Cas Suspects,5,5,2021-04-22,Guinée : Rapport de situation n°68 sur l'épidémie de la Maladie à Virus Ebola (MVE) - 22 avril 2021 [FR],2021-04-22,68,https://www.humanitarianresponse.info/sites/www.humanitarianresponse.info/files/documents/files/sitrep_ndeg_68_epidemie_de_mve_2021_nzerekore.pdf
CU de N’Zérékoré,Cas Confirmés,0,11,2021-04-23,Guinée : Rapport de situation n°69 sur l'épidémie de la Maladie à Virus Ebola (MVE) - 23 avril 2021 [FR],2021-04-23,69,https://www.humanitarianresponse.info/sites/www.humanitarianresponse.info/files/documents/files/sitrep_ndeg_69_epidemie_de_mve_2021_nzerekore.pdf
Gouécké,Cas Confirmés,0,3,2021-04-23,Guinée : Rapport de situation n°69 sur l'épidémie de la Maladie à Virus Ebola (MVE) - 23 avril 2021 [FR],2021-04-23,69,https://www.humanitarianresponse.info/sites/www.humanitarianresponse.info/files/documents/files/sitrep_ndeg_69_epidemie_de_mve_2021_nzerekore.pdf
Soulouta,Cas Confirmés,0,2,2021-04-23,Guinée : Rapport de situation n°69 sur l'épidémie de la Maladie à Virus Ebola (MVE) - 23 avril 2021 [FR],2021-04-23,69,https://www.humanitarianresponse.info/sites/www.humanitarianresponse.info/files/documents/files/sitrep_ndeg_69_epidemie_de_mve_2021_nzerekore.pdf
Total,Cas Confirmés,0,16,2021-04-23,Guinée : Rapport de situation n°69 sur l'épidémie de la Maladie à Virus Ebola (MVE) - 23 avril 2021 [FR],2021-04-23,69,https://www.humanitarianresponse.info/sites/www.humanitarianresponse.info/files/documents/files/sitrep_ndeg_69_epidemie_de_mve_2021_nzerekore.pdf
CU de N’Zérékoré,Cas Probables,0,4,2021-04-23,Guinée : Rapport de situation n°69 sur l'épidémie de la Maladie à Virus Ebola (MVE) - 23 avril 2021 [FR],2021-04-23,69,https://www.humanitarianresponse.info/sites/www.humanitarianresponse.info/files/documents/files/sitrep_ndeg_69_epidemie_de_mve_2021_nzerekore.pdf
Gouécké,Cas Probables,0,0,2021-04-23,Guinée : Rapport de situation n°69 sur l'épidémie de la Maladie à Virus Ebola (MVE) - 23 avril 2021 [FR],2021-04-23,69,https://www.humanitarianresponse.info/sites/www.humanitarianresponse.info/files/documents/files/sitrep_ndeg_69_epidemie_de_mve_2021_nzerekore.pdf
Soulouta,Cas Probables,0,3,2021-04-23,Guinée : Rapport de situation n°69 sur l'épidémie de la Maladie à Virus Ebola (MVE) - 23 avril 2021 [FR],2021-04-23,69,https://www.humanitarianresponse.info/sites/www.humanitarianresponse.info/files/documents/files/sitrep_ndeg_69_epidemie_de_mve_2021_nzerekore.pdf
Total,Cas Probables,0,7,2021-04-23,Guinée : Rapport de situation n°69 sur l'épidémie de la Maladie à Virus Ebola (MVE) - 23 avril 2021 [FR],2021-04-23,69,https://www.humanitarianresponse.info/sites/www.humanitarianresponse.info/files/documents/files/sitrep_ndeg_69_epidemie_de_mve_2021_nzerekore.pdf
CU de N’Zérékoré,Cas Suspects,3,3,2021-04-23,Guinée : Rapport de situation n°69 sur l'épidémie de la Maladie à Virus Ebola (MVE) - 23 avril 2021 [FR],2021-04-23,69,https://www.humanitarianresponse.info/sites/www.humanitarianresponse.info/files/documents/files/sitrep_ndeg_69_epidemie_de_mve_2021_nzerekore.pdf
Gouécké,Cas Suspects,1,1,2021-04-23,Guinée : Rapport de situation n°69 sur l'épidémie de la Maladie à Virus Ebola (MVE) - 23 avril 2021 [FR],2021-04-23,69,https://www.humanitarianresponse.info/sites/www.humanitarianresponse.info/files/documents/files/sitrep_ndeg_69_epidemie_de_mve_2021_nzerekore.pdf
Soulouta,Cas Suspects,2,2,2021-04-23,Guinée : Rapport de situation n°69 sur l'épidémie de la Maladie à Virus Ebola (MVE) - 23 avril 2021 [FR],2021-04-23,69,https://www.humanitarianresponse.info/sites/www.humanitarianresponse.info/files/documents/files/sitrep_ndeg_69_epidemie_de_mve_2021_nzerekore.pdf
Total,Cas Suspects,6,6,2021-04-23,Guinée : Rapport de situation n°69 sur l'épidémie de la Maladie à Virus Ebola (MVE) - 23 avril 2021 [FR],2021-04-23,69,https://www.humanitarianresponse.info/sites/www.humanitarianresponse.info/files/documents/files/sitrep_ndeg_69_epidemie_de_mve_2021_nzerekore.pdf
CU de N’Zérékoré,Cas Confirmés,0,11,2021-04-24,Guinée : Rapport de situation n°70 sur l'épidémie de la Maladie à Virus Ebola (MVE) - 24 avril 2021 [FR],2021-04-25,70,https://www.humanitarianresponse.info/sites/www.humanitarianresponse.info/files/documents/files/sitrep_ndeg_70_epidemie_de_mve_2021_nzerekore.pdf
Gouécké,Cas Confirmés,0,3,2021-04-24,Guinée : Rapport de situation n°70 sur l'épidémie de la Maladie à Virus Ebola (MVE) - 24 avril 2021 [FR],2021-04-25,70,https://www.humanitarianresponse.info/sites/www.humanitarianresponse.info/files/documents/files/sitrep_ndeg_70_epidemie_de_mve_2021_nzerekore.pdf
Soulouta,Cas Confirmés,0,2,2021-04-24,Guinée : Rapport de situation n°70 sur l'épidémie de la Maladie à Virus Ebola (MVE) - 24 avril 2021 [FR],2021-04-25,70,https://www.humanitarianresponse.info/sites/www.humanitarianresponse.info/files/documents/files/sitrep_ndeg_70_epidemie_de_mve_2021_nzerekore.pdf
Total,Cas Confirmés,0,16,2021-04-24,Guinée : Rapport de situation n°70 sur l'épidémie de la Maladie à Virus Ebola (MVE) - 24 avril 2021 [FR],2021-04-25,70,https://www.humanitarianresponse.info/sites/www.humanitarianresponse.info/files/documents/files/sitrep_ndeg_70_epidemie_de_mve_2021_nzerekore.pdf
CU de N’Zérékoré,Cas Probables,0,4,2021-04-24,Guinée : Rapport de situation n°70 sur l'épidémie de la Maladie à Virus Ebola (MVE) - 24 avril 2021 [FR],2021-04-25,70,https://www.humanitarianresponse.info/sites/www.humanitarianresponse.info/files/documents/files/sitrep_ndeg_70_epidemie_de_mve_2021_nzerekore.pdf
Gouécké,Cas Probables,0,0,2021-04-24,Guinée : Rapport de situation n°70 sur l'épidémie de la Maladie à Virus Ebola (MVE) - 24 avril 2021 [FR],2021-04-25,70,https://www.humanitarianresponse.info/sites/www.humanitarianresponse.info/files/documents/files/sitrep_ndeg_70_epidemie_de_mve_2021_nzerekore.pdf
Soulouta,Cas Probables,0,3,2021-04-24,Guinée : Rapport de situation n°70 sur l'épidémie de la Maladie à Virus Ebola (MVE) - 24 avril 2021 [FR],2021-04-25,70,https://www.humanitarianresponse.info/sites/www.humanitarianresponse.info/files/documents/files/sitrep_ndeg_70_epidemie_de_mve_2021_nzerekore.pdf
Total,Cas Probables,0,7,2021-04-24,Guinée : Rapport de situation n°70 sur l'épidémie de la Maladie à Virus Ebola (MVE) - 24 avril 2021 [FR],2021-04-25,70,https://www.humanitarianresponse.info/sites/www.humanitarianresponse.info/files/documents/files/sitrep_ndeg_70_epidemie_de_mve_2021_nzerekore.pdf
CU de N’Zérékoré,Cas Suspects,0,0,2021-04-24,Guinée : Rapport de situation n°70 sur l'épidémie de la Maladie à Virus Ebola (MVE) - 24 avril 2021 [FR],2021-04-25,70,https://www.humanitarianresponse.info/sites/www.humanitarianresponse.info/files/documents/files/sitrep_ndeg_70_epidemie_de_mve_2021_nzerekore.pdf
Gouécké,Cas Suspects,0,0,2021-04-24,Guinée : Rapport de situation n°70 sur l'épidémie de la Maladie à Virus Ebola (MVE) - 24 avril 2021 [FR],2021-04-25,70,https://www.humanitarianresponse.info/sites/www.humanitarianresponse.info/files/documents/files/sitrep_ndeg_70_epidemie_de_mve_2021_nzerekore.pdf
Soulouta,Cas Suspects,0,0,2021-04-24,Guinée : Rapport de situation n°70 sur l'épidémie de la Maladie à Virus Ebola (MVE) - 24 avril 2021 [FR],2021-04-25,70,https://www.humanitarianresponse.info/sites/www.humanitarianresponse.info/files/documents/files/sitrep_ndeg_70_epidemie_de_mve_2021_nzerekore.pdf
Total,Cas Suspects,0,0,2021-04-24,Guinée : Rapport de situation n°70 sur l'épidémie de la Maladie à Virus Ebola (MVE) - 24 avril 2021 [FR],2021-04-25,70,https://www.humanitarianresponse.info/sites/www.humanitarianresponse.info/files/documents/files/sitrep_ndeg_70_epidemie_de_mve_2021_nzerekore.pdf
CU de N’Zérékoré,Cas Confirmés,0,11,2021-04-25,Guinée : Rapport de situation n°71 sur l'épidémie de la Maladie à Virus Ebola (MVE) - 25 avril 2021 [FR],2021-04-25,71,https://www.humanitarianresponse.info/sites/www.humanitarianresponse.info/files/documents/files/sitrep_ndeg_71_epidemie_de_mve_2021_nzerekore.pdf
Gouécké,Cas Confirmés,0,3,2021-04-25,Guinée : Rapport de situation n°71 sur l'épidémie de la Maladie à Virus Ebola (MVE) - 25 avril 2021 [FR],2021-04-25,71,https://www.humanitarianresponse.info/sites/www.humanitarianresponse.info/files/documents/files/sitrep_ndeg_71_epidemie_de_mve_2021_nzerekore.pdf
Soulouta,Cas Confirmés,0,2,2021-04-25,Guinée : Rapport de situation n°71 sur l'épidémie de la Maladie à Virus Ebola (MVE) - 25 avril 2021 [FR],2021-04-25,71,https://www.humanitarianresponse.info/sites/www.humanitarianresponse.info/files/documents/files/sitrep_ndeg_71_epidemie_de_mve_2021_nzerekore.pdf
Total,Cas Confirmés,0,16,2021-04-25,Guinée : Rapport de situation n°71 sur l'épidémie de la Maladie à Virus Ebola (MVE) - 25 avril 2021 [FR],2021-04-25,71,https://www.humanitarianresponse.info/sites/www.humanitarianresponse.info/files/documents/files/sitrep_ndeg_71_epidemie_de_mve_2021_nzerekore.pdf
CU de N’Zérékoré,Cas Probables,0,4,2021-04-25,Guinée : Rapport de situation n°71 sur l'épidémie de la Maladie à Virus Ebola (MVE) - 25 avril 2021 [FR],2021-04-25,71,https://www.humanitarianresponse.info/sites/www.humanitarianresponse.info/files/documents/files/sitrep_ndeg_71_epidemie_de_mve_2021_nzerekore.pdf
Gouécké,Cas Probables,0,0,2021-04-25,Guinée : Rapport de situation n°71 sur l'épidémie de la Maladie à Virus Ebola (MVE) - 25 avril 2021 [FR],2021-04-25,71,https://www.humanitarianresponse.info/sites/www.humanitarianresponse.info/files/documents/files/sitrep_ndeg_71_epidemie_de_mve_2021_nzerekore.pdf
Soulouta,Cas Probables,0,3,2021-04-25,Guinée : Rapport de situation n°71 sur l'épidémie de la Maladie à Virus Ebola (MVE) - 25 avril 2021 [FR],2021-04-25,71,https://www.humanitarianresponse.info/sites/www.humanitarianresponse.info/files/documents/files/sitrep_ndeg_71_epidemie_de_mve_2021_nzerekore.pdf
Total,Cas Probables,0,7,2021-04-25,Guinée : Rapport de situation n°71 sur l'épidémie de la Maladie à Virus Ebola (MVE) - 25 avril 2021 [FR],2021-04-25,71,https://www.humanitarianresponse.info/sites/www.humanitarianresponse.info/files/documents/files/sitrep_ndeg_71_epidemie_de_mve_2021_nzerekore.pdf
CU de N’Zérékoré,Cas Suspects,0,0,2021-04-25,Guinée : Rapport de situation n°71 sur l'épidémie de la Maladie à Virus Ebola (MVE) - 25 avril 2021 [FR],2021-04-25,71,https://www.humanitarianresponse.info/sites/www.humanitarianresponse.info/files/documents/files/sitrep_ndeg_71_epidemie_de_mve_2021_nzerekore.pdf
Gouécké,Cas Suspects,2,2,2021-04-25,Guinée : Rapport de situation n°71 sur l'épidémie de la Maladie à Virus Ebola (MVE) - 25 avril 2021 [FR],2021-04-25,71,https://www.humanitarianresponse.info/sites/www.humanitarianresponse.info/files/documents/files/sitrep_ndeg_71_epidemie_de_mve_2021_nzerekore.pdf
Soulouta,Cas Suspects,0,0,2021-04-25,Guinée : Rapport de situation n°71 sur l'épidémie de la Maladie à Virus Ebola (MVE) - 25 avril 2021 [FR],2021-04-25,71,https://www.humanitarianresponse.info/sites/www.humanitarianresponse.info/files/documents/files/sitrep_ndeg_71_epidemie_de_mve_2021_nzerekore.pdf
Total,Cas Suspects,2,2,2021-04-25,Guinée : Rapport de situation n°71 sur l'épidémie de la Maladie à Virus Ebola (MVE) - 25 avril 2021 [FR],2021-04-25,71,https://www.humanitarianresponse.info/sites/www.humanitarianresponse.info/files/documents/files/sitrep_ndeg_71_epidemie_de_mve_2021_nzerekore.pdf
CU de N’Zérékoré,Cas Confirmés,0,11,2021-04-26,Guinée : Rapport de situation n°72 sur l'épidémie de la Maladie à Virus Ebola (MVE) - 26 avril 2021 [FR],2021-04-26,72,https://www.humanitarianresponse.info/sites/www.humanitarianresponse.info/files/documents/files/sitrep_ndeg_72_epidemie_de_mve_2021_nzerekore.pdf
Gouécké,Cas Confirmés,0,3,2021-04-26,Guinée : Rapport de situation n°72 sur l'épidémie de la Maladie à Virus Ebola (MVE) - 26 avril 2021 [FR],2021-04-26,72,https://www.humanitarianresponse.info/sites/www.humanitarianresponse.info/files/documents/files/sitrep_ndeg_72_epidemie_de_mve_2021_nzerekore.pdf
Soulouta,Cas Confirmés,0,2,2021-04-26,Guinée : Rapport de situation n°72 sur l'épidémie de la Maladie à Virus Ebola (MVE) - 26 avril 2021 [FR],2021-04-26,72,https://www.humanitarianresponse.info/sites/www.humanitarianresponse.info/files/documents/files/sitrep_ndeg_72_epidemie_de_mve_2021_nzerekore.pdf
Total,Cas Confirmés,0,16,2021-04-26,Guinée : Rapport de situation n°72 sur l'épidémie de la Maladie à Virus Ebola (MVE) - 26 avril 2021 [FR],2021-04-26,72,https://www.humanitarianresponse.info/sites/www.humanitarianresponse.info/files/documents/files/sitrep_ndeg_72_epidemie_de_mve_2021_nzerekore.pdf
CU de N’Zérékoré,Cas Probables,0,4,2021-04-26,Guinée : Rapport de situation n°72 sur l'épidémie de la Maladie à Virus Ebola (MVE) - 26 avril 2021 [FR],2021-04-26,72,https://www.humanitarianresponse.info/sites/www.humanitarianresponse.info/files/documents/files/sitrep_ndeg_72_epidemie_de_mve_2021_nzerekore.pdf
Gouécké,Cas Probables,0,0,2021-04-26,Guinée : Rapport de situation n°72 sur l'épidémie de la Maladie à Virus Ebola (MVE) - 26 avril 2021 [FR],2021-04-26,72,https://www.humanitarianresponse.info/sites/www.humanitarianresponse.info/files/documents/files/sitrep_ndeg_72_epidemie_de_mve_2021_nzerekore.pdf
Soulouta,Cas Probables,0,3,2021-04-26,Guinée : Rapport de situation n°72 sur l'épidémie de la Maladie à Virus Ebola (MVE) - 26 avril 2021 [FR],2021-04-26,72,https://www.humanitarianresponse.info/sites/www.humanitarianresponse.info/files/documents/files/sitrep_ndeg_72_epidemie_de_mve_2021_nzerekore.pdf
Total,Cas Probables,0,7,2021-04-26,Guinée : Rapport de situation n°72 sur l'épidémie de la Maladie à Virus Ebola (MVE) - 26 avril 2021 [FR],2021-04-26,72,https://www.humanitarianresponse.info/sites/www.humanitarianresponse.info/files/documents/files/sitrep_ndeg_72_epidemie_de_mve_2021_nzerekore.pdf
CU de N’Zérékoré,Cas Suspects,10,10,2021-04-26,Guinée : Rapport de situation n°72 sur l'épidémie de la Maladie à Virus Ebola (MVE) - 26 avril 2021 [FR],2021-04-26,72,https://www.humanitarianresponse.info/sites/www.humanitarianresponse.info/files/documents/files/sitrep_ndeg_72_epidemie_de_mve_2021_nzerekore.pdf
Gouécké,Cas Suspects,1,1,2021-04-26,Guinée : Rapport de situation n°72 sur l'épidémie de la Maladie à Virus Ebola (MVE) - 26 avril 2021 [FR],2021-04-26,72,https://www.humanitarianresponse.info/sites/www.humanitarianresponse.info/files/documents/files/sitrep_ndeg_72_epidemie_de_mve_2021_nzerekore.pdf
Soulouta,Cas Suspects,1,1,2021-04-26,Guinée : Rapport de situation n°72 sur l'épidémie de la Maladie à Virus Ebola (MVE) - 26 avril 2021 [FR],2021-04-26,72,https://www.humanitarianresponse.info/sites/www.humanitarianresponse.info/files/documents/files/sitrep_ndeg_72_epidemie_de_mve_2021_nzerekore.pdf
Total,Cas Suspects,12,12,2021-04-26,Guinée : Rapport de situation n°72 sur l'épidémie de la Maladie à Virus Ebola (MVE) - 26 avril 2021 [FR],2021-04-26,72,https://www.humanitarianresponse.info/sites/www.humanitarianresponse.info/files/documents/files/sitrep_ndeg_72_epidemie_de_mve_2021_nzerekore.pdf
CU de N’Zérékoré,Cas Confirmés,0,11,2021-04-27,Guinée : Rapport de situation n°73 sur l'épidémie de la Maladie à Virus Ebola (MVE) - 27 avril 2021 [FR],2021-04-26,73,https://www.humanitarianresponse.info/sites/www.humanitarianresponse.info/files/documents/files/sitrep_ndeg_73_epidemie_de_mve_2021_nzerekore.pdf
Gouécké,Cas Confirmés,0,3,2021-04-27,Guinée : Rapport de situation n°73 sur l'épidémie de la Maladie à Virus Ebola (MVE) - 27 avril 2021 [FR],2021-04-26,73,https://www.humanitarianresponse.info/sites/www.humanitarianresponse.info/files/documents/files/sitrep_ndeg_73_epidemie_de_mve_2021_nzerekore.pdf
Soulouta,Cas Confirmés,0,2,2021-04-27,Guinée : Rapport de situation n°73 sur l'épidémie de la Maladie à Virus Ebola (MVE) - 27 avril 2021 [FR],2021-04-26,73,https://www.humanitarianresponse.info/sites/www.humanitarianresponse.info/files/documents/files/sitrep_ndeg_73_epidemie_de_mve_2021_nzerekore.pdf
Total,Cas Confirmés,0,16,2021-04-27,Guinée : Rapport de situation n°73 sur l'épidémie de la Maladie à Virus Ebola (MVE) - 27 avril 2021 [FR],2021-04-26,73,https://www.humanitarianresponse.info/sites/www.humanitarianresponse.info/files/documents/files/sitrep_ndeg_73_epidemie_de_mve_2021_nzerekore.pdf
CU de N’Zérékoré,Cas Probables,0,4,2021-04-27,Guinée : Rapport de situation n°73 sur l'épidémie de la Maladie à Virus Ebola (MVE) - 27 avril 2021 [FR],2021-04-26,73,https://www.humanitarianresponse.info/sites/www.humanitarianresponse.info/files/documents/files/sitrep_ndeg_73_epidemie_de_mve_2021_nzerekore.pdf
Gouécké,Cas Probables,0,0,2021-04-27,Guinée : Rapport de situation n°73 sur l'épidémie de la Maladie à Virus Ebola (MVE) - 27 avril 2021 [FR],2021-04-26,73,https://www.humanitarianresponse.info/sites/www.humanitarianresponse.info/files/documents/files/sitrep_ndeg_73_epidemie_de_mve_2021_nzerekore.pdf
Soulouta,Cas Probables,0,3,2021-04-27,Guinée : Rapport de situation n°73 sur l'épidémie de la Maladie à Virus Ebola (MVE) - 27 avril 2021 [FR],2021-04-26,73,https://www.humanitarianresponse.info/sites/www.humanitarianresponse.info/files/documents/files/sitrep_ndeg_73_epidemie_de_mve_2021_nzerekore.pdf
Total,Cas Probables,0,7,2021-04-27,Guinée : Rapport de situation n°73 sur l'épidémie de la Maladie à Virus Ebola (MVE) - 27 avril 2021 [FR],2021-04-26,73,https://www.humanitarianresponse.info/sites/www.humanitarianresponse.info/files/documents/files/sitrep_ndeg_73_epidemie_de_mve_2021_nzerekore.pdf
CU de N’Zérékoré,Cas Suspects,18,18,2021-04-27,Guinée : Rapport de situation n°73 sur l'épidémie de la Maladie à Virus Ebola (MVE) - 27 avril 2021 [FR],2021-04-26,73,https://www.humanitarianresponse.info/sites/www.humanitarianresponse.info/files/documents/files/sitrep_ndeg_73_epidemie_de_mve_2021_nzerekore.pdf
Gouécké,Cas Suspects,2,2,2021-04-27,Guinée : Rapport de situation n°73 sur l'épidémie de la Maladie à Virus Ebola (MVE) - 27 avril 2021 [FR],2021-04-26,73,https://www.humanitarianresponse.info/sites/www.humanitarianresponse.info/files/documents/files/sitrep_ndeg_73_epidemie_de_mve_2021_nzerekore.pdf
Soulouta,Cas Suspects,1,1,2021-04-27,Guinée : Rapport de situation n°73 sur l'épidémie de la Maladie à Virus Ebola (MVE) - 27 avril 2021 [FR],2021-04-26,73,https://www.humanitarianresponse.info/sites/www.humanitarianresponse.info/files/documents/files/sitrep_ndeg_73_epidemie_de_mve_2021_nzerekore.pdf
Total,Cas Suspects,21,21,2021-04-27,Guinée : Rapport de situation n°73 sur l'épidémie de la Maladie à Virus Ebola (MVE) - 27 avril 2021 [FR],2021-04-26,73,https://www.humanitarianresponse.info/sites/www.humanitarianresponse.info/files/documents/files/sitrep_ndeg_73_epidemie_de_mve_2021_nzerekore.pdf
CU de N’Zérékoré,Cas Confirmés,0,11,2021-04-28,Guinée : Rapport de situation n°74 sur l'épidémie de la Maladie à Virus Ebola (MVE) - 28 avril 2021 [FR],2021-04-28,74,https://www.humanitarianresponse.info/sites/www.humanitarianresponse.info/files/documents/files/sitrep_ndeg_74_epidemie_de_mve_2021_nzerekore.pdf
Gouécké,Cas Confirmés,0,3,2021-04-28,Guinée : Rapport de situation n°74 sur l'épidémie de la Maladie à Virus Ebola (MVE) - 28 avril 2021 [FR],2021-04-28,74,https://www.humanitarianresponse.info/sites/www.humanitarianresponse.info/files/documents/files/sitrep_ndeg_74_epidemie_de_mve_2021_nzerekore.pdf
Soulouta,Cas Confirmés,0,2,2021-04-28,Guinée : Rapport de situation n°74 sur l'épidémie de la Maladie à Virus Ebola (MVE) - 28 avril 2021 [FR],2021-04-28,74,https://www.humanitarianresponse.info/sites/www.humanitarianresponse.info/files/documents/files/sitrep_ndeg_74_epidemie_de_mve_2021_nzerekore.pdf
Total,Cas Confirmés,0,16,2021-04-28,Guinée : Rapport de situation n°74 sur l'épidémie de la Maladie à Virus Ebola (MVE) - 28 avril 2021 [FR],2021-04-28,74,https://www.humanitarianresponse.info/sites/www.humanitarianresponse.info/files/documents/files/sitrep_ndeg_74_epidemie_de_mve_2021_nzerekore.pdf
CU de N’Zérékoré,Cas Probables,0,4,2021-04-28,Guinée : Rapport de situation n°74 sur l'épidémie de la Maladie à Virus Ebola (MVE) - 28 avril 2021 [FR],2021-04-28,74,https://www.humanitarianresponse.info/sites/www.humanitarianresponse.info/files/documents/files/sitrep_ndeg_74_epidemie_de_mve_2021_nzerekore.pdf
Gouécké,Cas Probables,0,0,2021-04-28,Guinée : Rapport de situation n°74 sur l'épidémie de la Maladie à Virus Ebola (MVE) - 28 avril 2021 [FR],2021-04-28,74,https://www.humanitarianresponse.info/sites/www.humanitarianresponse.info/files/documents/files/sitrep_ndeg_74_epidemie_de_mve_2021_nzerekore.pdf
Soulouta,Cas Probables,0,3,2021-04-28,Guinée : Rapport de situation n°74 sur l'épidémie de la Maladie à Virus Ebola (MVE) - 28 avril 2021 [FR],2021-04-28,74,https://www.humanitarianresponse.info/sites/www.humanitarianresponse.info/files/documents/files/sitrep_ndeg_74_epidemie_de_mve_2021_nzerekore.pdf
Total,Cas Probables,0,7,2021-04-28,Guinée : Rapport de situation n°74 sur l'épidémie de la Maladie à Virus Ebola (MVE) - 28 avril 2021 [FR],2021-04-28,74,https://www.humanitarianresponse.info/sites/www.humanitarianresponse.info/files/documents/files/sitrep_ndeg_74_epidemie_de_mve_2021_nzerekore.pdf
CU de N’Zérékoré,Cas Suspects,12,12,2021-04-28,Guinée : Rapport de situation n°74 sur l'épidémie de la Maladie à Virus Ebola (MVE) - 28 avril 2021 [FR],2021-04-28,74,https://www.humanitarianresponse.info/sites/www.humanitarianresponse.info/files/documents/files/sitrep_ndeg_74_epidemie_de_mve_2021_nzerekore.pdf
Gouécké,Cas Suspects,2,2,2021-04-28,Guinée : Rapport de situation n°74 sur l'épidémie de la Maladie à Virus Ebola (MVE) - 28 avril 2021 [FR],2021-04-28,74,https://www.humanitarianresponse.info/sites/www.humanitarianresponse.info/files/documents/files/sitrep_ndeg_74_epidemie_de_mve_2021_nzerekore.pdf
Soulouta,Cas Suspects,2,2,2021-04-28,Guinée : Rapport de situation n°74 sur l'épidémie de la Maladie à Virus Ebola (MVE) - 28 avril 2021 [FR],2021-04-28,74,https://www.humanitarianresponse.info/sites/www.humanitarianresponse.info/files/documents/files/sitrep_ndeg_74_epidemie_de_mve_2021_nzerekore.pdf
Total,Cas Suspects,16,16,2021-04-28,Guinée : Rapport de situation n°74 sur l'épidémie de la Maladie à Virus Ebola (MVE) - 28 avril 2021 [FR],2021-04-28,74,https://www.humanitarianresponse.info/sites/www.humanitarianresponse.info/files/documents/files/sitrep_ndeg_74_epidemie_de_mve_2021_nzerekore.pdf
CU de N’Zérékoré,Cas Confirmés,0,11,2021-04-29,Guinée : Rapport de situation n°75 sur l'épidémie de la Maladie à Virus Ebola (MVE) - 29 avril 2021 [FR],2021-04-29,75,https://www.humanitarianresponse.info/sites/www.humanitarianresponse.info/files/documents/files/sitrep_ndeg_75_epidemie_de_mve_2021_nzerekore.pdf
Gouécké,Cas Confirmés,0,3,2021-04-29,Guinée : Rapport de situation n°75 sur l'épidémie de la Maladie à Virus Ebola (MVE) - 29 avril 2021 [FR],2021-04-29,75,https://www.humanitarianresponse.info/sites/www.humanitarianresponse.info/files/documents/files/sitrep_ndeg_75_epidemie_de_mve_2021_nzerekore.pdf
Soulouta,Cas Confirmés,0,2,2021-04-29,Guinée : Rapport de situation n°75 sur l'épidémie de la Maladie à Virus Ebola (MVE) - 29 avril 2021 [FR],2021-04-29,75,https://www.humanitarianresponse.info/sites/www.humanitarianresponse.info/files/documents/files/sitrep_ndeg_75_epidemie_de_mve_2021_nzerekore.pdf
Total,Cas Confirmés,0,16,2021-04-29,Guinée : Rapport de situation n°75 sur l'épidémie de la Maladie à Virus Ebola (MVE) - 29 avril 2021 [FR],2021-04-29,75,https://www.humanitarianresponse.info/sites/www.humanitarianresponse.info/files/documents/files/sitrep_ndeg_75_epidemie_de_mve_2021_nzerekore.pdf
CU de N’Zérékoré,Cas Probables,0,4,2021-04-29,Guinée : Rapport de situation n°75 sur l'épidémie de la Maladie à Virus Ebola (MVE) - 29 avril 2021 [FR],2021-04-29,75,https://www.humanitarianresponse.info/sites/www.humanitarianresponse.info/files/documents/files/sitrep_ndeg_75_epidemie_de_mve_2021_nzerekore.pdf
Gouécké,Cas Probables,0,0,2021-04-29,Guinée : Rapport de situation n°75 sur l'épidémie de la Maladie à Virus Ebola (MVE) - 29 avril 2021 [FR],2021-04-29,75,https://www.humanitarianresponse.info/sites/www.humanitarianresponse.info/files/documents/files/sitrep_ndeg_75_epidemie_de_mve_2021_nzerekore.pdf
Soulouta,Cas Probables,0,3,2021-04-29,Guinée : Rapport de situation n°75 sur l'épidémie de la Maladie à Virus Ebola (MVE) - 29 avril 2021 [FR],2021-04-29,75,https://www.humanitarianresponse.info/sites/www.humanitarianresponse.info/files/documents/files/sitrep_ndeg_75_epidemie_de_mve_2021_nzerekore.pdf
Total,Cas Probables,0,7,2021-04-29,Guinée : Rapport de situation n°75 sur l'épidémie de la Maladie à Virus Ebola (MVE) - 29 avril 2021 [FR],2021-04-29,75,https://www.humanitarianresponse.info/sites/www.humanitarianresponse.info/files/documents/files/sitrep_ndeg_75_epidemie_de_mve_2021_nzerekore.pdf
CU de N’Zérékoré,Cas Suspects,7,7,2021-04-29,Guinée : Rapport de situation n°75 sur l'épidémie de la Maladie à Virus Ebola (MVE) - 29 avril 2021 [FR],2021-04-29,75,https://www.humanitarianresponse.info/sites/www.humanitarianresponse.info/files/documents/files/sitrep_ndeg_75_epidemie_de_mve_2021_nzerekore.pdf
Gouécké,Cas Suspects,3,3,2021-04-29,Guinée : Rapport de situation n°75 sur l'épidémie de la Maladie à Virus Ebola (MVE) - 29 avril 2021 [FR],2021-04-29,75,https://www.humanitarianresponse.info/sites/www.humanitarianresponse.info/files/documents/files/sitrep_ndeg_75_epidemie_de_mve_2021_nzerekore.pdf
Soulouta,Cas Suspects,0,0,2021-04-29,Guinée : Rapport de situation n°75 sur l'épidémie de la Maladie à Virus Ebola (MVE) - 29 avril 2021 [FR],2021-04-29,75,https://www.humanitarianresponse.info/sites/www.humanitarianresponse.info/files/documents/files/sitrep_ndeg_75_epidemie_de_mve_2021_nzerekore.pdf
Total,Cas Suspects,10,10,2021-04-29,Guinée : Rapport de situation n°75 sur l'épidémie de la Maladie à Virus Ebola (MVE) - 29 avril 2021 [FR],2021-04-29,75,https://www.humanitarianresponse.info/sites/www.humanitarianresponse.info/files/documents/files/sitrep_ndeg_75_epidemie_de_mve_2021_nzerekore.pdf
CU de N’Zérékoré,Cas Confirmés,0,11,2021-04-30,Guinée : Rapport de situation n°76 sur l'épidémie de la Maladie à Virus Ebola (MVE) - 30 avril 2021 [FR],2021-04-30,76,https://www.humanitarianresponse.info/sites/www.humanitarianresponse.info/files/documents/files/sitrep_ndeg_76_epidemie_de_mve_2021_nzerekore.pdf
Gouécké,Cas Confirmés,0,3,2021-04-30,Guinée : Rapport de situation n°76 sur l'épidémie de la Maladie à Virus Ebola (MVE) - 30 avril 2021 [FR],2021-04-30,76,https://www.humanitarianresponse.info/sites/www.humanitarianresponse.info/files/documents/files/sitrep_ndeg_76_epidemie_de_mve_2021_nzerekore.pdf
Soulouta,Cas Confirmés,0,2,2021-04-30,Guinée : Rapport de situation n°76 sur l'épidémie de la Maladie à Virus Ebola (MVE) - 30 avril 2021 [FR],2021-04-30,76,https://www.humanitarianresponse.info/sites/www.humanitarianresponse.info/files/documents/files/sitrep_ndeg_76_epidemie_de_mve_2021_nzerekore.pdf
Total,Cas Confirmés,0,16,2021-04-30,Guinée : Rapport de situation n°76 sur l'épidémie de la Maladie à Virus Ebola (MVE) - 30 avril 2021 [FR],2021-04-30,76,https://www.humanitarianresponse.info/sites/www.humanitarianresponse.info/files/documents/files/sitrep_ndeg_76_epidemie_de_mve_2021_nzerekore.pdf
CU de N’Zérékoré,Cas Probables,0,4,2021-04-30,Guinée : Rapport de situation n°76 sur l'épidémie de la Maladie à Virus Ebola (MVE) - 30 avril 2021 [FR],2021-04-30,76,https://www.humanitarianresponse.info/sites/www.humanitarianresponse.info/files/documents/files/sitrep_ndeg_76_epidemie_de_mve_2021_nzerekore.pdf
Gouécké,Cas Probables,0,0,2021-04-30,Guinée : Rapport de situation n°76 sur l'épidémie de la Maladie à Virus Ebola (MVE) - 30 avril 2021 [FR],2021-04-30,76,https://www.humanitarianresponse.info/sites/www.humanitarianresponse.info/files/documents/files/sitrep_ndeg_76_epidemie_de_mve_2021_nzerekore.pdf
Soulouta,Cas Probables,0,3,2021-04-30,Guinée : Rapport de situation n°76 sur l'épidémie de la Maladie à Virus Ebola (MVE) - 30 avril 2021 [FR],2021-04-30,76,https://www.humanitarianresponse.info/sites/www.humanitarianresponse.info/files/documents/files/sitrep_ndeg_76_epidemie_de_mve_2021_nzerekore.pdf
Total,Cas Probables,0,7,2021-04-30,Guinée : Rapport de situation n°76 sur l'épidémie de la Maladie à Virus Ebola (MVE) - 30 avril 2021 [FR],2021-04-30,76,https://www.humanitarianresponse.info/sites/www.humanitarianresponse.info/files/documents/files/sitrep_ndeg_76_epidemie_de_mve_2021_nzerekore.pdf
CU de N’Zérékoré,Cas Suspects,8,8,2021-04-30,Guinée : Rapport de situation n°76 sur l'épidémie de la Maladie à Virus Ebola (MVE) - 30 avril 2021 [FR],2021-04-30,76,https://www.humanitarianresponse.info/sites/www.humanitarianresponse.info/files/documents/files/sitrep_ndeg_76_epidemie_de_mve_2021_nzerekore.pdf
Gouécké,Cas Suspects,3,3,2021-04-30,Guinée : Rapport de situation n°76 sur l'épidémie de la Maladie à Virus Ebola (MVE) - 30 avril 2021 [FR],2021-04-30,76,https://www.humanitarianresponse.info/sites/www.humanitarianresponse.info/files/documents/files/sitrep_ndeg_76_epidemie_de_mve_2021_nzerekore.pdf
Soulouta,Cas Suspects,2,2,2021-04-30,Guinée : Rapport de situation n°76 sur l'épidémie de la Maladie à Virus Ebola (MVE) - 30 avril 2021 [FR],2021-04-30,76,https://www.humanitarianresponse.info/sites/www.humanitarianresponse.info/files/documents/files/sitrep_ndeg_76_epidemie_de_mve_2021_nzerekore.pdf
Total,Cas Suspects,13,13,2021-04-30,Guinée : Rapport de situation n°76 sur l'épidémie de la Maladie à Virus Ebola (MVE) - 30 avril 2021 [FR],2021-04-30,76,https://www.humanitarianresponse.info/sites/www.humanitarianresponse.info/files/documents/files/sitrep_ndeg_76_epidemie_de_mve_2021_nzerekore.pdf
CU de N’Zérékoré,Cas Confirmés,0,11,2021-05-01,Guinée : Rapport de situation n°77 sur l'épidémie de la Maladie à Virus Ebola (MVE) - 1er Mai 2021 [FR],2021-05-01,77,https://www.humanitarianresponse.info/sites/www.humanitarianresponse.info/files/documents/files/sitrep_ndeg_77_epidemie_de_mve_2021_nzerekore.pdf
Gouécké,Cas Confirmés,0,3,2021-05-01,Guinée : Rapport de situation n°77 sur l'épidémie de la Maladie à Virus Ebola (MVE) - 1er Mai 2021 [FR],2021-05-01,77,https://www.humanitarianresponse.info/sites/www.humanitarianresponse.info/files/documents/files/sitrep_ndeg_77_epidemie_de_mve_2021_nzerekore.pdf
Soulouta,Cas Confirmés,0,2,2021-05-01,Guinée : Rapport de situation n°77 sur l'épidémie de la Maladie à Virus Ebola (MVE) - 1er Mai 2021 [FR],2021-05-01,77,https://www.humanitarianresponse.info/sites/www.humanitarianresponse.info/files/documents/files/sitrep_ndeg_77_epidemie_de_mve_2021_nzerekore.pdf
Total,Cas Confirmés,0,16,2021-05-01,Guinée : Rapport de situation n°77 sur l'épidémie de la Maladie à Virus Ebola (MVE) - 1er Mai 2021 [FR],2021-05-01,77,https://www.humanitarianresponse.info/sites/www.humanitarianresponse.info/files/documents/files/sitrep_ndeg_77_epidemie_de_mve_2021_nzerekore.pdf
CU de N’Zérékoré,Cas Probables,0,4,2021-05-01,Guinée : Rapport de situation n°77 sur l'épidémie de la Maladie à Virus Ebola (MVE) - 1er Mai 2021 [FR],2021-05-01,77,https://www.humanitarianresponse.info/sites/www.humanitarianresponse.info/files/documents/files/sitrep_ndeg_77_epidemie_de_mve_2021_nzerekore.pdf
Gouécké,Cas Probables,0,0,2021-05-01,Guinée : Rapport de situation n°77 sur l'épidémie de la Maladie à Virus Ebola (MVE) - 1er Mai 2021 [FR],2021-05-01,77,https://www.humanitarianresponse.info/sites/www.humanitarianresponse.info/files/documents/files/sitrep_ndeg_77_epidemie_de_mve_2021_nzerekore.pdf
Soulouta,Cas Probables,0,3,2021-05-01,Guinée : Rapport de situation n°77 sur l'épidémie de la Maladie à Virus Ebola (MVE) - 1er Mai 2021 [FR],2021-05-01,77,https://www.humanitarianresponse.info/sites/www.humanitarianresponse.info/files/documents/files/sitrep_ndeg_77_epidemie_de_mve_2021_nzerekore.pdf
Total,Cas Probables,0,7,2021-05-01,Guinée : Rapport de situation n°77 sur l'épidémie de la Maladie à Virus Ebola (MVE) - 1er Mai 2021 [FR],2021-05-01,77,https://www.humanitarianresponse.info/sites/www.humanitarianresponse.info/files/documents/files/sitrep_ndeg_77_epidemie_de_mve_2021_nzerekore.pdf
CU de N’Zérékoré,Cas Suspects,12,12,2021-05-01,Guinée : Rapport de situation n°77 sur l'épidémie de la Maladie à Virus Ebola (MVE) - 1er Mai 2021 [FR],2021-05-01,77,https://www.humanitarianresponse.info/sites/www.humanitarianresponse.info/files/documents/files/sitrep_ndeg_77_epidemie_de_mve_2021_nzerekore.pdf
Gouécké,Cas Suspects,3,3,2021-05-01,Guinée : Rapport de situation n°77 sur l'épidémie de la Maladie à Virus Ebola (MVE) - 1er Mai 2021 [FR],2021-05-01,77,https://www.humanitarianresponse.info/sites/www.humanitarianresponse.info/files/documents/files/sitrep_ndeg_77_epidemie_de_mve_2021_nzerekore.pdf
Soulouta,Cas Suspects,4,4,2021-05-01,Guinée : Rapport de situation n°77 sur l'épidémie de la Maladie à Virus Ebola (MVE) - 1er Mai 2021 [FR],2021-05-01,77,https://www.humanitarianresponse.info/sites/www.humanitarianresponse.info/files/documents/files/sitrep_ndeg_77_epidemie_de_mve_2021_nzerekore.pdf
Total,Cas Suspects,19,19,2021-05-01,Guinée : Rapport de situation n°77 sur l'épidémie de la Maladie à Virus Ebola (MVE) - 1er Mai 2021 [FR],2021-05-01,77,https://www.humanitarianresponse.info/sites/www.humanitarianresponse.info/files/documents/files/sitrep_ndeg_77_epidemie_de_mve_2021_nzerekore.pdf
CU de N’Zérékoré,Cas Confirmés,0,11,2021-05-02,Guinée : Rapport de situation n°78 sur l'épidémie de la Maladie à Virus Ebola (MVE) - 02 Mai 2021 [FR],2021-05-02,78,https://www.humanitarianresponse.info/sites/www.humanitarianresponse.info/files/documents/files/sitrep_ndeg_78_epidemie_de_mve_2021_nzerekore.pdf
Gouécké,Cas Confirmés,0,3,2021-05-02,Guinée : Rapport de situation n°78 sur l'épidémie de la Maladie à Virus Ebola (MVE) - 02 Mai 2021 [FR],2021-05-02,78,https://www.humanitarianresponse.info/sites/www.humanitarianresponse.info/files/documents/files/sitrep_ndeg_78_epidemie_de_mve_2021_nzerekore.pdf
Soulouta,Cas Confirmés,0,2,2021-05-02,Guinée : Rapport de situation n°78 sur l'épidémie de la Maladie à Virus Ebola (MVE) - 02 Mai 2021 [FR],2021-05-02,78,https://www.humanitarianresponse.info/sites/www.humanitarianresponse.info/files/documents/files/sitrep_ndeg_78_epidemie_de_mve_2021_nzerekore.pdf
Total,Cas Confirmés,0,16,2021-05-02,Guinée : Rapport de situation n°78 sur l'épidémie de la Maladie à Virus Ebola (MVE) - 02 Mai 2021 [FR],2021-05-02,78,https://www.humanitarianresponse.info/sites/www.humanitarianresponse.info/files/documents/files/sitrep_ndeg_78_epidemie_de_mve_2021_nzerekore.pdf
CU de N’Zérékoré,Cas Probables,0,4,2021-05-02,Guinée : Rapport de situation n°78 sur l'épidémie de la Maladie à Virus Ebola (MVE) - 02 Mai 2021 [FR],2021-05-02,78,https://www.humanitarianresponse.info/sites/www.humanitarianresponse.info/files/documents/files/sitrep_ndeg_78_epidemie_de_mve_2021_nzerekore.pdf
Gouécké,Cas Probables,0,0,2021-05-02,Guinée : Rapport de situation n°78 sur l'épidémie de la Maladie à Virus Ebola (MVE) - 02 Mai 2021 [FR],2021-05-02,78,https://www.humanitarianresponse.info/sites/www.humanitarianresponse.info/files/documents/files/sitrep_ndeg_78_epidemie_de_mve_2021_nzerekore.pdf
Soulouta,Cas Probables,0,3,2021-05-02,Guinée : Rapport de situation n°78 sur l'épidémie de la Maladie à Virus Ebola (MVE) - 02 Mai 2021 [FR],2021-05-02,78,https://www.humanitarianresponse.info/sites/www.humanitarianresponse.info/files/documents/files/sitrep_ndeg_78_epidemie_de_mve_2021_nzerekore.pdf
Total,Cas Probables,0,7,2021-05-02,Guinée : Rapport de situation n°78 sur l'épidémie de la Maladie à Virus Ebola (MVE) - 02 Mai 2021 [FR],2021-05-02,78,https://www.humanitarianresponse.info/sites/www.humanitarianresponse.info/files/documents/files/sitrep_ndeg_78_epidemie_de_mve_2021_nzerekore.pdf
CU de N’Zérékoré,Cas Suspects,8,8,2021-05-02,Guinée : Rapport de situation n°78 sur l'épidémie de la Maladie à Virus Ebola (MVE) - 02 Mai 2021 [FR],2021-05-02,78,https://www.humanitarianresponse.info/sites/www.humanitarianresponse.info/files/documents/files/sitrep_ndeg_78_epidemie_de_mve_2021_nzerekore.pdf
Gouécké,Cas Suspects,2,2,2021-05-02,Guinée : Rapport de situation n°78 sur l'épidémie de la Maladie à Virus Ebola (MVE) - 02 Mai 2021 [FR],2021-05-02,78,https://www.humanitarianresponse.info/sites/www.humanitarianresponse.info/files/documents/files/sitrep_ndeg_78_epidemie_de_mve_2021_nzerekore.pdf
Soulouta,Cas Suspects,4,4,2021-05-02,Guinée : Rapport de situation n°78 sur l'épidémie de la Maladie à Virus Ebola (MVE) - 02 Mai 2021 [FR],2021-05-02,78,https://www.humanitarianresponse.info/sites/www.humanitarianresponse.info/files/documents/files/sitrep_ndeg_78_epidemie_de_mve_2021_nzerekore.pdf
Total,Cas Suspects,14,14,2021-05-02,Guinée : Rapport de situation n°78 sur l'épidémie de la Maladie à Virus Ebola (MVE) - 02 Mai 2021 [FR],2021-05-02,78,https://www.humanitarianresponse.info/sites/www.humanitarianresponse.info/files/documents/files/sitrep_ndeg_78_epidemie_de_mve_2021_nzerekore.pdf
CU de N’Zérékoré,Cas Confirmés,0,11,2021-05-03,Guinée : Rapport de situation n°79 sur l'épidémie de la Maladie à Virus Ebola (MVE) - 03 Mai 2021 [FR],2021-05-03,79,https://www.humanitarianresponse.info/sites/www.humanitarianresponse.info/files/documents/files/sitrep_ndeg_79_epidemie_de_mve_2021_nzerekore.pdf
Gouécké,Cas Confirmés,0,3,2021-05-03,Guinée : Rapport de situation n°79 sur l'épidémie de la Maladie à Virus Ebola (MVE) - 03 Mai 2021 [FR],2021-05-03,79,https://www.humanitarianresponse.info/sites/www.humanitarianresponse.info/files/documents/files/sitrep_ndeg_79_epidemie_de_mve_2021_nzerekore.pdf
Soulouta,Cas Confirmés,0,2,2021-05-03,Guinée : Rapport de situation n°79 sur l'épidémie de la Maladie à Virus Ebola (MVE) - 03 Mai 2021 [FR],2021-05-03,79,https://www.humanitarianresponse.info/sites/www.humanitarianresponse.info/files/documents/files/sitrep_ndeg_79_epidemie_de_mve_2021_nzerekore.pdf
Total,Cas Confirmés,0,16,2021-05-03,Guinée : Rapport de situation n°79 sur l'épidémie de la Maladie à Virus Ebola (MVE) - 03 Mai 2021 [FR],2021-05-03,79,https://www.humanitarianresponse.info/sites/www.humanitarianresponse.info/files/documents/files/sitrep_ndeg_79_epidemie_de_mve_2021_nzerekore.pdf
CU de N’Zérékoré,Cas Probables,0,4,2021-05-03,Guinée : Rapport de situation n°79 sur l'épidémie de la Maladie à Virus Ebola (MVE) - 03 Mai 2021 [FR],2021-05-03,79,https://www.humanitarianresponse.info/sites/www.humanitarianresponse.info/files/documents/files/sitrep_ndeg_79_epidemie_de_mve_2021_nzerekore.pdf
Gouécké,Cas Probables,0,0,2021-05-03,Guinée : Rapport de situation n°79 sur l'épidémie de la Maladie à Virus Ebola (MVE) - 03 Mai 2021 [FR],2021-05-03,79,https://www.humanitarianresponse.info/sites/www.humanitarianresponse.info/files/documents/files/sitrep_ndeg_79_epidemie_de_mve_2021_nzerekore.pdf
Soulouta,Cas Probables,0,3,2021-05-03,Guinée : Rapport de situation n°79 sur l'épidémie de la Maladie à Virus Ebola (MVE) - 03 Mai 2021 [FR],2021-05-03,79,https://www.humanitarianresponse.info/sites/www.humanitarianresponse.info/files/documents/files/sitrep_ndeg_79_epidemie_de_mve_2021_nzerekore.pdf
Total,Cas Probables,0,7,2021-05-03,Guinée : Rapport de situation n°79 sur l'épidémie de la Maladie à Virus Ebola (MVE) - 03 Mai 2021 [FR],2021-05-03,79,https://www.humanitarianresponse.info/sites/www.humanitarianresponse.info/files/documents/files/sitrep_ndeg_79_epidemie_de_mve_2021_nzerekore.pdf
CU de N’Zérékoré,Cas Suspects,29,29,2021-05-03,Guinée : Rapport de situation n°79 sur l'épidémie de la Maladie à Virus Ebola (MVE) - 03 Mai 2021 [FR],2021-05-03,79,https://www.humanitarianresponse.info/sites/www.humanitarianresponse.info/files/documents/files/sitrep_ndeg_79_epidemie_de_mve_2021_nzerekore.pdf
Gouécké,Cas Suspects,2,2,2021-05-03,Guinée : Rapport de situation n°79 sur l'épidémie de la Maladie à Virus Ebola (MVE) - 03 Mai 2021 [FR],2021-05-03,79,https://www.humanitarianresponse.info/sites/www.humanitarianresponse.info/files/documents/files/sitrep_ndeg_79_epidemie_de_mve_2021_nzerekore.pdf
Soulouta,Cas Suspects,0,0,2021-05-03,Guinée : Rapport de situation n°79 sur l'épidémie de la Maladie à Virus Ebola (MVE) - 03 Mai 2021 [FR],2021-05-03,79,https://www.humanitarianresponse.info/sites/www.humanitarianresponse.info/files/documents/files/sitrep_ndeg_79_epidemie_de_mve_2021_nzerekore.pdf
Total,Cas Suspects,31,31,2021-05-03,Guinée : Rapport de situation n°79 sur l'épidémie de la Maladie à Virus Ebola (MVE) - 03 Mai 2021 [FR],2021-05-03,79,https://www.humanitarianresponse.info/sites/www.humanitarianresponse.info/files/documents/files/sitrep_ndeg_79_epidemie_de_mve_2021_nzerekore.pdf
CU de N’Zérékoré,Cas Confirmés,0,11,2021-05-04,Guinée : Rapport de situation n°80 sur l'épidémie de la Maladie à Virus Ebola (MVE) - 04 Mai 2021 [FR],2021-05-04,80,https://www.humanitarianresponse.info/sites/www.humanitarianresponse.info/files/documents/files/sitrep_ndeg_80_epidemie_de_mve_2021_nzerekore_-_copie.pdf
Gouécké,Cas Confirmés,0,3,2021-05-04,Guinée : Rapport de situation n°80 sur l'épidémie de la Maladie à Virus Ebola (MVE) - 04 Mai 2021 [FR],2021-05-04,80,https://www.humanitarianresponse.info/sites/www.humanitarianresponse.info/files/documents/files/sitrep_ndeg_80_epidemie_de_mve_2021_nzerekore_-_copie.pdf
Soulouta,Cas Confirmés,0,2,2021-05-04,Guinée : Rapport de situation n°80 sur l'épidémie de la Maladie à Virus Ebola (MVE) - 04 Mai 2021 [FR],2021-05-04,80,https://www.humanitarianresponse.info/sites/www.humanitarianresponse.info/files/documents/files/sitrep_ndeg_80_epidemie_de_mve_2021_nzerekore_-_copie.pdf
Total,Cas Confirmés,0,16,2021-05-04,Guinée : Rapport de situation n°80 sur l'épidémie de la Maladie à Virus Ebola (MVE) - 04 Mai 2021 [FR],2021-05-04,80,https://www.humanitarianresponse.info/sites/www.humanitarianresponse.info/files/documents/files/sitrep_ndeg_80_epidemie_de_mve_2021_nzerekore_-_copie.pdf
CU de N’Zérékoré,Cas Probables,0,4,2021-05-04,Guinée : Rapport de situation n°80 sur l'épidémie de la Maladie à Virus Ebola (MVE) - 04 Mai 2021 [FR],2021-05-04,80,https://www.humanitarianresponse.info/sites/www.humanitarianresponse.info/files/documents/files/sitrep_ndeg_80_epidemie_de_mve_2021_nzerekore_-_copie.pdf
Gouécké,Cas Probables,0,0,2021-05-04,Guinée : Rapport de situation n°80 sur l'épidémie de la Maladie à Virus Ebola (MVE) - 04 Mai 2021 [FR],2021-05-04,80,https://www.humanitarianresponse.info/sites/www.humanitarianresponse.info/files/documents/files/sitrep_ndeg_80_epidemie_de_mve_2021_nzerekore_-_copie.pdf
Soulouta,Cas Probables,0,3,2021-05-04,Guinée : Rapport de situation n°80 sur l'épidémie de la Maladie à Virus Ebola (MVE) - 04 Mai 2021 [FR],2021-05-04,80,https://www.humanitarianresponse.info/sites/www.humanitarianresponse.info/files/documents/files/sitrep_ndeg_80_epidemie_de_mve_2021_nzerekore_-_copie.pdf
Total,Cas Probables,0,7,2021-05-04,Guinée : Rapport de situation n°80 sur l'épidémie de la Maladie à Virus Ebola (MVE) - 04 Mai 2021 [FR],2021-05-04,80,https://www.humanitarianresponse.info/sites/www.humanitarianresponse.info/files/documents/files/sitrep_ndeg_80_epidemie_de_mve_2021_nzerekore_-_copie.pdf
CU de N’Zérékoré,Cas Suspects,18,18,2021-05-04,Guinée : Rapport de situation n°80 sur l'épidémie de la Maladie à Virus Ebola (MVE) - 04 Mai 2021 [FR],2021-05-04,80,https://www.humanitarianresponse.info/sites/www.humanitarianresponse.info/files/documents/files/sitrep_ndeg_80_epidemie_de_mve_2021_nzerekore_-_copie.pdf
Gouécké,Cas Suspects,2,2,2021-05-04,Guinée : Rapport de situation n°80 sur l'épidémie de la Maladie à Virus Ebola (MVE) - 04 Mai 2021 [FR],2021-05-04,80,https://www.humanitarianresponse.info/sites/www.humanitarianresponse.info/files/documents/files/sitrep_ndeg_80_epidemie_de_mve_2021_nzerekore_-_copie.pdf
Soulouta,Cas Suspects,0,0,2021-05-04,Guinée : Rapport de situation n°80 sur l'épidémie de la Maladie à Virus Ebola (MVE) - 04 Mai 2021 [FR],2021-05-04,80,https://www.humanitarianresponse.info/sites/www.humanitarianresponse.info/files/documents/files/sitrep_ndeg_80_epidemie_de_mve_2021_nzerekore_-_copie.pdf
Total,Cas Suspects,20,20,2021-05-04,Guinée : Rapport de situation n°80 sur l'épidémie de la Maladie à Virus Ebola (MVE) - 04 Mai 2021 [FR],2021-05-04,80,https://www.humanitarianresponse.info/sites/www.humanitarianresponse.info/files/documents/files/sitrep_ndeg_80_epidemie_de_mve_2021_nzerekore_-_copie.pdf
CU de N’Zérékoré,Cas Confirmés,0,11,2021-05-05,Guinée : Rapport de situation n°81 sur l'épidémie de la Maladie à Virus Ebola (MVE) - 05 Mai 2021 [FR],2021-05-05,81,https://www.humanitarianresponse.info/sites/www.humanitarianresponse.info/files/documents/files/sitrep_ndeg_81_epidemie_de_mve_2021_nzerekore_-_copie.pdf
Gouécké,Cas Confirmés,0,3,2021-05-05,Guinée : Rapport de situation n°81 sur l'épidémie de la Maladie à Virus Ebola (MVE) - 05 Mai 2021 [FR],2021-05-05,81,https://www.humanitarianresponse.info/sites/www.humanitarianresponse.info/files/documents/files/sitrep_ndeg_81_epidemie_de_mve_2021_nzerekore_-_copie.pdf
Soulouta,Cas Confirmés,0,2,2021-05-05,Guinée : Rapport de situation n°81 sur l'épidémie de la Maladie à Virus Ebola (MVE) - 05 Mai 2021 [FR],2021-05-05,81,https://www.humanitarianresponse.info/sites/www.humanitarianresponse.info/files/documents/files/sitrep_ndeg_81_epidemie_de_mve_2021_nzerekore_-_copie.pdf
Total,Cas Confirmés,0,16,2021-05-05,Guinée : Rapport de situation n°81 sur l'épidémie de la Maladie à Virus Ebola (MVE) - 05 Mai 2021 [FR],2021-05-05,81,https://www.humanitarianresponse.info/sites/www.humanitarianresponse.info/files/documents/files/sitrep_ndeg_81_epidemie_de_mve_2021_nzerekore_-_copie.pdf
CU de N’Zérékoré,Cas Probables,0,4,2021-05-05,Guinée : Rapport de situation n°81 sur l'épidémie de la Maladie à Virus Ebola (MVE) - 05 Mai 2021 [FR],2021-05-05,81,https://www.humanitarianresponse.info/sites/www.humanitarianresponse.info/files/documents/files/sitrep_ndeg_81_epidemie_de_mve_2021_nzerekore_-_copie.pdf
Gouécké,Cas Probables,0,0,2021-05-05,Guinée : Rapport de situation n°81 sur l'épidémie de la Maladie à Virus Ebola (MVE) - 05 Mai 2021 [FR],2021-05-05,81,https://www.humanitarianresponse.info/sites/www.humanitarianresponse.info/files/documents/files/sitrep_ndeg_81_epidemie_de_mve_2021_nzerekore_-_copie.pdf
Soulouta,Cas Probables,0,3,2021-05-05,Guinée : Rapport de situation n°81 sur l'épidémie de la Maladie à Virus Ebola (MVE) - 05 Mai 2021 [FR],2021-05-05,81,https://www.humanitarianresponse.info/sites/www.humanitarianresponse.info/files/documents/files/sitrep_ndeg_81_epidemie_de_mve_2021_nzerekore_-_copie.pdf
Total,Cas Probables,0,7,2021-05-05,Guinée : Rapport de situation n°81 sur l'épidémie de la Maladie à Virus Ebola (MVE) - 05 Mai 2021 [FR],2021-05-05,81,https://www.humanitarianresponse.info/sites/www.humanitarianresponse.info/files/documents/files/sitrep_ndeg_81_epidemie_de_mve_2021_nzerekore_-_copie.pdf
CU de N’Zérékoré,Cas Suspects,17,17,2021-05-05,Guinée : Rapport de situation n°81 sur l'épidémie de la Maladie à Virus Ebola (MVE) - 05 Mai 2021 [FR],2021-05-05,81,https://www.humanitarianresponse.info/sites/www.humanitarianresponse.info/files/documents/files/sitrep_ndeg_81_epidemie_de_mve_2021_nzerekore_-_copie.pdf
Gouécké,Cas Suspects,4,4,2021-05-05,Guinée : Rapport de situation n°81 sur l'épidémie de la Maladie à Virus Ebola (MVE) - 05 Mai 2021 [FR],2021-05-05,81,https://www.humanitarianresponse.info/sites/www.humanitarianresponse.info/files/documents/files/sitrep_ndeg_81_epidemie_de_mve_2021_nzerekore_-_copie.pdf
Soulouta,Cas Suspects,3,3,2021-05-05,Guinée : Rapport de situation n°81 sur l'épidémie de la Maladie à Virus Ebola (MVE) - 05 Mai 2021 [FR],2021-05-05,81,https://www.humanitarianresponse.info/sites/www.humanitarianresponse.info/files/documents/files/sitrep_ndeg_81_epidemie_de_mve_2021_nzerekore_-_copie.pdf
Total,Cas Suspects,24,24,2021-05-05,Guinée : Rapport de situation n°81 sur l'épidémie de la Maladie à Virus Ebola (MVE) - 05 Mai 2021 [FR],2021-05-05,81,https://www.humanitarianresponse.info/sites/www.humanitarianresponse.info/files/documents/files/sitrep_ndeg_81_epidemie_de_mve_2021_nzerekore_-_copie.pdf
CU de N’Zérékoré,Cas Confirmés,0,11,2021-05-06,Guinée : Rapport de situation n°82 sur l'épidémie de la Maladie à Virus Ebola (MVE) - 06 Mai 2021 [FR],2021-05-06,82,https://www.humanitarianresponse.info/sites/www.humanitarianresponse.info/files/documents/files/sitrep_ndeg_82_epidemie_de_mve_2021_nzerekore_-_copie.pdf
Gouécké,Cas Confirmés,0,3,2021-05-06,Guinée : Rapport de situation n°82 sur l'épidémie de la Maladie à Virus Ebola (MVE) - 06 Mai 2021 [FR],2021-05-06,82,https://www.humanitarianresponse.info/sites/www.humanitarianresponse.info/files/documents/files/sitrep_ndeg_82_epidemie_de_mve_2021_nzerekore_-_copie.pdf
Soulouta,Cas Confirmés,0,2,2021-05-06,Guinée : Rapport de situation n°82 sur l'épidémie de la Maladie à Virus Ebola (MVE) - 06 Mai 2021 [FR],2021-05-06,82,https://www.humanitarianresponse.info/sites/www.humanitarianresponse.info/files/documents/files/sitrep_ndeg_82_epidemie_de_mve_2021_nzerekore_-_copie.pdf
Total,Cas Confirmés,0,16,2021-05-06,Guinée : Rapport de situation n°82 sur l'épidémie de la Maladie à Virus Ebola (MVE) - 06 Mai 2021 [FR],2021-05-06,82,https://www.humanitarianresponse.info/sites/www.humanitarianresponse.info/files/documents/files/sitrep_ndeg_82_epidemie_de_mve_2021_nzerekore_-_copie.pdf
CU de N’Zérékoré,Cas Probables,0,4,2021-05-06,Guinée : Rapport de situation n°82 sur l'épidémie de la Maladie à Virus Ebola (MVE) - 06 Mai 2021 [FR],2021-05-06,82,https://www.humanitarianresponse.info/sites/www.humanitarianresponse.info/files/documents/files/sitrep_ndeg_82_epidemie_de_mve_2021_nzerekore_-_copie.pdf
Gouécké,Cas Probables,0,0,2021-05-06,Guinée : Rapport de situation n°82 sur l'épidémie de la Maladie à Virus Ebola (MVE) - 06 Mai 2021 [FR],2021-05-06,82,https://www.humanitarianresponse.info/sites/www.humanitarianresponse.info/files/documents/files/sitrep_ndeg_82_epidemie_de_mve_2021_nzerekore_-_copie.pdf
Soulouta,Cas Probables,0,3,2021-05-06,Guinée : Rapport de situation n°82 sur l'épidémie de la Maladie à Virus Ebola (MVE) - 06 Mai 2021 [FR],2021-05-06,82,https://www.humanitarianresponse.info/sites/www.humanitarianresponse.info/files/documents/files/sitrep_ndeg_82_epidemie_de_mve_2021_nzerekore_-_copie.pdf
Total,Cas Probables,0,7,2021-05-06,Guinée : Rapport de situation n°82 sur l'épidémie de la Maladie à Virus Ebola (MVE) - 06 Mai 2021 [FR],2021-05-06,82,https://www.humanitarianresponse.info/sites/www.humanitarianresponse.info/files/documents/files/sitrep_ndeg_82_epidemie_de_mve_2021_nzerekore_-_copie.pdf
CU de N’Zérékoré,Cas Suspects,13,13,2021-05-06,Guinée : Rapport de situation n°82 sur l'épidémie de la Maladie à Virus Ebola (MVE) - 06 Mai 2021 [FR],2021-05-06,82,https://www.humanitarianresponse.info/sites/www.humanitarianresponse.info/files/documents/files/sitrep_ndeg_82_epidemie_de_mve_2021_nzerekore_-_copie.pdf
Gouécké,Cas Suspects,1,1,2021-05-06,Guinée : Rapport de situation n°82 sur l'épidémie de la Maladie à Virus Ebola (MVE) - 06 Mai 2021 [FR],2021-05-06,82,https://www.humanitarianresponse.info/sites/www.humanitarianresponse.info/files/documents/files/sitrep_ndeg_82_epidemie_de_mve_2021_nzerekore_-_copie.pdf
Soulouta,Cas Suspects,4,4,2021-05-06,Guinée : Rapport de situation n°82 sur l'épidémie de la Maladie à Virus Ebola (MVE) - 06 Mai 2021 [FR],2021-05-06,82,https://www.humanitarianresponse.info/sites/www.humanitarianresponse.info/files/documents/files/sitrep_ndeg_82_epidemie_de_mve_2021_nzerekore_-_copie.pdf
Total,Cas Suspects,18,18,2021-05-06,Guinée : Rapport de situation n°82 sur l'épidémie de la Maladie à Virus Ebola (MVE) - 06 Mai 2021 [FR],2021-05-06,82,https://www.humanitarianresponse.info/sites/www.humanitarianresponse.info/files/documents/files/sitrep_ndeg_82_epidemie_de_mve_2021_nzerekore_-_copie.pdf
CU de N’Zérékoré,Cas Confirmés,0,11,2021-05-07,Guinée : Rapport de situation n°83 sur l'épidémie de la Maladie à Virus Ebola (MVE) - 07 Mai 2021 [FR],2021-05-07,83,https://www.humanitarianresponse.info/sites/www.humanitarianresponse.info/files/documents/files/sitrep_ndeg_83_epidemie_de_mve_2021_nzerekore_-_copie.pdf
Gouécké,Cas Confirmés,0,3,2021-05-07,Guinée : Rapport de situation n°83 sur l'épidémie de la Maladie à Virus Ebola (MVE) - 07 Mai 2021 [FR],2021-05-07,83,https://www.humanitarianresponse.info/sites/www.humanitarianresponse.info/files/documents/files/sitrep_ndeg_83_epidemie_de_mve_2021_nzerekore_-_copie.pdf
Soulouta,Cas Confirmés,0,2,2021-05-07,Guinée : Rapport de situation n°83 sur l'épidémie de la Maladie à Virus Ebola (MVE) - 07 Mai 2021 [FR],2021-05-07,83,https://www.humanitarianresponse.info/sites/www.humanitarianresponse.info/files/documents/files/sitrep_ndeg_83_epidemie_de_mve_2021_nzerekore_-_copie.pdf
Total,Cas Confirmés,0,16,2021-05-07,Guinée : Rapport de situation n°83 sur l'épidémie de la Maladie à Virus Ebola (MVE) - 07 Mai 2021 [FR],2021-05-07,83,https://www.humanitarianresponse.info/sites/www.humanitarianresponse.info/files/documents/files/sitrep_ndeg_83_epidemie_de_mve_2021_nzerekore_-_copie.pdf
CU de N’Zérékoré,Cas Probables,0,4,2021-05-07,Guinée : Rapport de situation n°83 sur l'épidémie de la Maladie à Virus Ebola (MVE) - 07 Mai 2021 [FR],2021-05-07,83,https://www.humanitarianresponse.info/sites/www.humanitarianresponse.info/files/documents/files/sitrep_ndeg_83_epidemie_de_mve_2021_nzerekore_-_copie.pdf
Gouécké,Cas Probables,0,0,2021-05-07,Guinée : Rapport de situation n°83 sur l'épidémie de la Maladie à Virus Ebola (MVE) - 07 Mai 2021 [FR],2021-05-07,83,https://www.humanitarianresponse.info/sites/www.humanitarianresponse.info/files/documents/files/sitrep_ndeg_83_epidemie_de_mve_2021_nzerekore_-_copie.pdf
Soulouta,Cas Probables,0,3,2021-05-07,Guinée : Rapport de situation n°83 sur l'épidémie de la Maladie à Virus Ebola (MVE) - 07 Mai 2021 [FR],2021-05-07,83,https://www.humanitarianresponse.info/sites/www.humanitarianresponse.info/files/documents/files/sitrep_ndeg_83_epidemie_de_mve_2021_nzerekore_-_copie.pdf
Total,Cas Probables,0,7,2021-05-07,Guinée : Rapport de situation n°83 sur l'épidémie de la Maladie à Virus Ebola (MVE) - 07 Mai 2021 [FR],2021-05-07,83,https://www.humanitarianresponse.info/sites/www.humanitarianresponse.info/files/documents/files/sitrep_ndeg_83_epidemie_de_mve_2021_nzerekore_-_copie.pdf
CU de N’Zérékoré,Cas Suspects,17,17,2021-05-07,Guinée : Rapport de situation n°83 sur l'épidémie de la Maladie à Virus Ebola (MVE) - 07 Mai 2021 [FR],2021-05-07,83,https://www.humanitarianresponse.info/sites/www.humanitarianresponse.info/files/documents/files/sitrep_ndeg_83_epidemie_de_mve_2021_nzerekore_-_copie.pdf
Gouécké,Cas Suspects,3,3,2021-05-07,Guinée : Rapport de situation n°83 sur l'épidémie de la Maladie à Virus Ebola (MVE) - 07 Mai 2021 [FR],2021-05-07,83,https://www.humanitarianresponse.info/sites/www.humanitarianresponse.info/files/documents/files/sitrep_ndeg_83_epidemie_de_mve_2021_nzerekore_-_copie.pdf
Soulouta,Cas Suspects,0,0,2021-05-07,Guinée : Rapport de situation n°83 sur l'épidémie de la Maladie à Virus Ebola (MVE) - 07 Mai 2021 [FR],2021-05-07,83,https://www.humanitarianresponse.info/sites/www.humanitarianresponse.info/files/documents/files/sitrep_ndeg_83_epidemie_de_mve_2021_nzerekore_-_copie.pdf
Total,Cas Suspects,20,20,2021-05-07,Guinée : Rapport de situation n°83 sur l'épidémie de la Maladie à Virus Ebola (MVE) - 07 Mai 2021 [FR],2021-05-07,83,https://www.humanitarianresponse.info/sites/www.humanitarianresponse.info/files/documents/files/sitrep_ndeg_83_epidemie_de_mve_2021_nzerekore_-_copie.pdf
CU de N’Zérékoré,Cas Confirmés,0,11,2021-05-08,Guinée : Rapport de situation n°84 sur l'épidémie de la Maladie à Virus Ebola (MVE) - 08 Mai 2021 [FR],2021-05-08,84,https://www.humanitarianresponse.info/sites/www.humanitarianresponse.info/files/documents/files/sitrep_ndeg_84_epidemie_de_mve_2021_nzerekore_-_copie.pdf
Gouécké,Cas Confirmés,0,3,2021-05-08,Guinée : Rapport de situation n°84 sur l'épidémie de la Maladie à Virus Ebola (MVE) - 08 Mai 2021 [FR],2021-05-08,84,https://www.humanitarianresponse.info/sites/www.humanitarianresponse.info/files/documents/files/sitrep_ndeg_84_epidemie_de_mve_2021_nzerekore_-_copie.pdf
Soulouta,Cas Confirmés,0,2,2021-05-08,Guinée : Rapport de situation n°84 sur l'épidémie de la Maladie à Virus Ebola (MVE) - 08 Mai 2021 [FR],2021-05-08,84,https://www.humanitarianresponse.info/sites/www.humanitarianresponse.info/files/documents/files/sitrep_ndeg_84_epidemie_de_mve_2021_nzerekore_-_copie.pdf
Total,Cas Confirmés,0,16,2021-05-08,Guinée : Rapport de situation n°84 sur l'épidémie de la Maladie à Virus Ebola (MVE) - 08 Mai 2021 [FR],2021-05-08,84,https://www.humanitarianresponse.info/sites/www.humanitarianresponse.info/files/documents/files/sitrep_ndeg_84_epidemie_de_mve_2021_nzerekore_-_copie.pdf
CU de N’Zérékoré,Cas Probables,0,4,2021-05-08,Guinée : Rapport de situation n°84 sur l'épidémie de la Maladie à Virus Ebola (MVE) - 08 Mai 2021 [FR],2021-05-08,84,https://www.humanitarianresponse.info/sites/www.humanitarianresponse.info/files/documents/files/sitrep_ndeg_84_epidemie_de_mve_2021_nzerekore_-_copie.pdf
Gouécké,Cas Probables,0,0,2021-05-08,Guinée : Rapport de situation n°84 sur l'épidémie de la Maladie à Virus Ebola (MVE) - 08 Mai 2021 [FR],2021-05-08,84,https://www.humanitarianresponse.info/sites/www.humanitarianresponse.info/files/documents/files/sitrep_ndeg_84_epidemie_de_mve_2021_nzerekore_-_copie.pdf
Soulouta,Cas Probables,0,3,2021-05-08,Guinée : Rapport de situation n°84 sur l'épidémie de la Maladie à Virus Ebola (MVE) - 08 Mai 2021 [FR],2021-05-08,84,https://www.humanitarianresponse.info/sites/www.humanitarianresponse.info/files/documents/files/sitrep_ndeg_84_epidemie_de_mve_2021_nzerekore_-_copie.pdf
Total,Cas Probables,0,7,2021-05-08,Guinée : Rapport de situation n°84 sur l'épidémie de la Maladie à Virus Ebola (MVE) - 08 Mai 2021 [FR],2021-05-08,84,https://www.humanitarianresponse.info/sites/www.humanitarianresponse.info/files/documents/files/sitrep_ndeg_84_epidemie_de_mve_2021_nzerekore_-_copie.pdf
CU de N’Zérékoré,Cas Suspects,3,3,2021-05-08,Guinée : Rapport de situation n°84 sur l'épidémie de la Maladie à Virus Ebola (MVE) - 08 Mai 2021 [FR],2021-05-08,84,https://www.humanitarianresponse.info/sites/www.humanitarianresponse.info/files/documents/files/sitrep_ndeg_84_epidemie_de_mve_2021_nzerekore_-_copie.pdf
Gouécké,Cas Suspects,1,1,2021-05-08,Guinée : Rapport de situation n°84 sur l'épidémie de la Maladie à Virus Ebola (MVE) - 08 Mai 2021 [FR],2021-05-08,84,https://www.humanitarianresponse.info/sites/www.humanitarianresponse.info/files/documents/files/sitrep_ndeg_84_epidemie_de_mve_2021_nzerekore_-_copie.pdf
Soulouta,Cas Suspects,0,0,2021-05-08,Guinée : Rapport de situation n°84 sur l'épidémie de la Maladie à Virus Ebola (MVE) - 08 Mai 2021 [FR],2021-05-08,84,https://www.humanitarianresponse.info/sites/www.humanitarianresponse.info/files/documents/files/sitrep_ndeg_84_epidemie_de_mve_2021_nzerekore_-_copie.pdf
Total,Cas Suspects,4,4,2021-05-08,Guinée : Rapport de situation n°84 sur l'épidémie de la Maladie à Virus Ebola (MVE) - 08 Mai 2021 [FR],2021-05-08,84,https://www.humanitarianresponse.info/sites/www.humanitarianresponse.info/files/documents/files/sitrep_ndeg_84_epidemie_de_mve_2021_nzerekore_-_copie.pdf
CU de N’Zérékoré,Cas Confirmés,0,11,2021-05-09,Guinée : Rapport de situation n°85 sur l'épidémie de la Maladie à Virus Ebola (MVE) - 09 Mai 2021 [FR],2021-05-09,85,https://www.humanitarianresponse.info/sites/www.humanitarianresponse.info/files/documents/files/sitrep_ndeg_85_epidemie_de_mve_2021_nzerekore_-_copie.pdf
Gouécké,Cas Confirmés,0,3,2021-05-09,Guinée : Rapport de situation n°85 sur l'épidémie de la Maladie à Virus Ebola (MVE) - 09 Mai 2021 [FR],2021-05-09,85,https://www.humanitarianresponse.info/sites/www.humanitarianresponse.info/files/documents/files/sitrep_ndeg_85_epidemie_de_mve_2021_nzerekore_-_copie.pdf
Soulouta,Cas Confirmés,0,2,2021-05-09,Guinée : Rapport de situation n°85 sur l'épidémie de la Maladie à Virus Ebola (MVE) - 09 Mai 2021 [FR],2021-05-09,85,https://www.humanitarianresponse.info/sites/www.humanitarianresponse.info/files/documents/files/sitrep_ndeg_85_epidemie_de_mve_2021_nzerekore_-_copie.pdf
Total,Cas Confirmés,0,16,2021-05-09,Guinée : Rapport de situation n°85 sur l'épidémie de la Maladie à Virus Ebola (MVE) - 09 Mai 2021 [FR],2021-05-09,85,https://www.humanitarianresponse.info/sites/www.humanitarianresponse.info/files/documents/files/sitrep_ndeg_85_epidemie_de_mve_2021_nzerekore_-_copie.pdf
CU de N’Zérékoré,Cas Probables,0,4,2021-05-09,Guinée : Rapport de situation n°85 sur l'épidémie de la Maladie à Virus Ebola (MVE) - 09 Mai 2021 [FR],2021-05-09,85,https://www.humanitarianresponse.info/sites/www.humanitarianresponse.info/files/documents/files/sitrep_ndeg_85_epidemie_de_mve_2021_nzerekore_-_copie.pdf
Gouécké,Cas Probables,0,0,2021-05-09,Guinée : Rapport de situation n°85 sur l'épidémie de la Maladie à Virus Ebola (MVE) - 09 Mai 2021 [FR],2021-05-09,85,https://www.humanitarianresponse.info/sites/www.humanitarianresponse.info/files/documents/files/sitrep_ndeg_85_epidemie_de_mve_2021_nzerekore_-_copie.pdf
Soulouta,Cas Probables,0,3,2021-05-09,Guinée : Rapport de situation n°85 sur l'épidémie de la Maladie à Virus Ebola (MVE) - 09 Mai 2021 [FR],2021-05-09,85,https://www.humanitarianresponse.info/sites/www.humanitarianresponse.info/files/documents/files/sitrep_ndeg_85_epidemie_de_mve_2021_nzerekore_-_copie.pdf
Total,Cas Probables,0,7,2021-05-09,Guinée : Rapport de situation n°85 sur l'épidémie de la Maladie à Virus Ebola (MVE) - 09 Mai 2021 [FR],2021-05-09,85,https://www.humanitarianresponse.info/sites/www.humanitarianresponse.info/files/documents/files/sitrep_ndeg_85_epidemie_de_mve_2021_nzerekore_-_copie.pdf
CU de N’Zérékoré,Cas Suspects,3,3,2021-05-09,Guinée : Rapport de situation n°85 sur l'épidémie de la Maladie à Virus Ebola (MVE) - 09 Mai 2021 [FR],2021-05-09,85,https://www.humanitarianresponse.info/sites/www.humanitarianresponse.info/files/documents/files/sitrep_ndeg_85_epidemie_de_mve_2021_nzerekore_-_copie.pdf
Gouécké,Cas Suspects,0,0,2021-05-09,Guinée : Rapport de situation n°85 sur l'épidémie de la Maladie à Virus Ebola (MVE) - 09 Mai 2021 [FR],2021-05-09,85,https://www.humanitarianresponse.info/sites/www.humanitarianresponse.info/files/documents/files/sitrep_ndeg_85_epidemie_de_mve_2021_nzerekore_-_copie.pdf
Soulouta,Cas Suspects,0,0,2021-05-09,Guinée : Rapport de situation n°85 sur l'épidémie de la Maladie à Virus Ebola (MVE) - 09 Mai 2021 [FR],2021-05-09,85,https://www.humanitarianresponse.info/sites/www.humanitarianresponse.info/files/documents/files/sitrep_ndeg_85_epidemie_de_mve_2021_nzerekore_-_copie.pdf
Total,Cas Suspects,3,3,2021-05-09,Guinée : Rapport de situation n°85 sur l'épidémie de la Maladie à Virus Ebola (MVE) - 09 Mai 2021 [FR],2021-05-09,85,https://www.humanitarianresponse.info/sites/www.humanitarianresponse.info/files/documents/files/sitrep_ndeg_85_epidemie_de_mve_2021_nzerekore_-_copie.pdf
CU de N’Zérékoré,Cas Confirmés,0,11,2021-05-11,Guinée : Rapport de situation n°87 sur l'épidémie de la Maladie à Virus Ebola (MVE) - 11 Mai 2021 [FR],2021-05-11,87,https://www.humanitarianresponse.info/sites/www.humanitarianresponse.info/files/documents/files/sitrep_ndeg_87_epidemie_de_mve_2021_nzerekore_-_copie.pdf
Gouécké,Cas Confirmés,0,3,2021-05-11,Guinée : Rapport de situation n°87 sur l'épidémie de la Maladie à Virus Ebola (MVE) - 11 Mai 2021 [FR],2021-05-11,87,https://www.humanitarianresponse.info/sites/www.humanitarianresponse.info/files/documents/files/sitrep_ndeg_87_epidemie_de_mve_2021_nzerekore_-_copie.pdf
Soulouta,Cas Confirmés,0,2,2021-05-11,Guinée : Rapport de situation n°87 sur l'épidémie de la Maladie à Virus Ebola (MVE) - 11 Mai 2021 [FR],2021-05-11,87,https://www.humanitarianresponse.info/sites/www.humanitarianresponse.info/files/documents/files/sitrep_ndeg_87_epidemie_de_mve_2021_nzerekore_-_copie.pdf
Total,Cas Confirmés,0,16,2021-05-11,Guinée : Rapport de situation n°87 sur l'épidémie de la Maladie à Virus Ebola (MVE) - 11 Mai 2021 [FR],2021-05-11,87,https://www.humanitarianresponse.info/sites/www.humanitarianresponse.info/files/documents/files/sitrep_ndeg_87_epidemie_de_mve_2021_nzerekore_-_copie.pdf
CU de N’Zérékoré,Cas Probables,0,4,2021-05-11,Guinée : Rapport de situation n°87 sur l'épidémie de la Maladie à Virus Ebola (MVE) - 11 Mai 2021 [FR],2021-05-11,87,https://www.humanitarianresponse.info/sites/www.humanitarianresponse.info/files/documents/files/sitrep_ndeg_87_epidemie_de_mve_2021_nzerekore_-_copie.pdf
Gouécké,Cas Probables,0,0,2021-05-11,Guinée : Rapport de situation n°87 sur l'épidémie de la Maladie à Virus Ebola (MVE) - 11 Mai 2021 [FR],2021-05-11,87,https://www.humanitarianresponse.info/sites/www.humanitarianresponse.info/files/documents/files/sitrep_ndeg_87_epidemie_de_mve_2021_nzerekore_-_copie.pdf
Soulouta,Cas Probables,0,3,2021-05-11,Guinée : Rapport de situation n°87 sur l'épidémie de la Maladie à Virus Ebola (MVE) - 11 Mai 2021 [FR],2021-05-11,87,https://www.humanitarianresponse.info/sites/www.humanitarianresponse.info/files/documents/files/sitrep_ndeg_87_epidemie_de_mve_2021_nzerekore_-_copie.pdf
Total,Cas Probables,0,7,2021-05-11,Guinée : Rapport de situation n°87 sur l'épidémie de la Maladie à Virus Ebola (MVE) - 11 Mai 2021 [FR],2021-05-11,87,https://www.humanitarianresponse.info/sites/www.humanitarianresponse.info/files/documents/files/sitrep_ndeg_87_epidemie_de_mve_2021_nzerekore_-_copie.pdf
CU de N’Zérékoré,Cas Suspects,22,22,2021-05-11,Guinée : Rapport de situation n°87 sur l'épidémie de la Maladie à Virus Ebola (MVE) - 11 Mai 2021 [FR],2021-05-11,87,https://www.humanitarianresponse.info/sites/www.humanitarianresponse.info/files/documents/files/sitrep_ndeg_87_epidemie_de_mve_2021_nzerekore_-_copie.pdf
Gouécké,Cas Suspects,1,1,2021-05-11,Guinée : Rapport de situation n°87 sur l'épidémie de la Maladie à Virus Ebola (MVE) - 11 Mai 2021 [FR],2021-05-11,87,https://www.humanitarianresponse.info/sites/www.humanitarianresponse.info/files/documents/files/sitrep_ndeg_87_epidemie_de_mve_2021_nzerekore_-_copie.pdf
Soulouta,Cas Suspects,0,0,2021-05-11,Guinée : Rapport de situation n°87 sur l'épidémie de la Maladie à Virus Ebola (MVE) - 11 Mai 2021 [FR],2021-05-11,87,https://www.humanitarianresponse.info/sites/www.humanitarianresponse.info/files/documents/files/sitrep_ndeg_87_epidemie_de_mve_2021_nzerekore_-_copie.pdf
Total,Cas Suspects,23,23,2021-05-11,Guinée : Rapport de situation n°87 sur l'épidémie de la Maladie à Virus Ebola (MVE) - 11 Mai 2021 [FR],2021-05-11,87,https://www.humanitarianresponse.info/sites/www.humanitarianresponse.info/files/documents/files/sitrep_ndeg_87_epidemie_de_mve_2021_nzerekore_-_copie.pdf
CU de N’Zérékoré,Cas Confirmés,0,11,2021-05-12,Guinée : Rapport de situation n°88 sur l'épidémie de la Maladie à Virus Ebola (MVE) - 12 Mai 2021 [FR],2021-05-12,88,https://www.humanitarianresponse.info/sites/www.humanitarianresponse.info/files/documents/files/sitrep_ndeg_88_epidemie_de_mve_2021_nzerekore_-_copie.pdf
Gouécké,Cas Confirmés,0,3,2021-05-12,Guinée : Rapport de situation n°88 sur l'épidémie de la Maladie à Virus Ebola (MVE) - 12 Mai 2021 [FR],2021-05-12,88,https://www.humanitarianresponse.info/sites/www.humanitarianresponse.info/files/documents/files/sitrep_ndeg_88_epidemie_de_mve_2021_nzerekore_-_copie.pdf
Soulouta,Cas Confirmés,0,2,2021-05-12,Guinée : Rapport de situation n°88 sur l'épidémie de la Maladie à Virus Ebola (MVE) - 12 Mai 2021 [FR],2021-05-12,88,https://www.humanitarianresponse.info/sites/www.humanitarianresponse.info/files/documents/files/sitrep_ndeg_88_epidemie_de_mve_2021_nzerekore_-_copie.pdf
Total,Cas Confirmés,0,16,2021-05-12,Guinée : Rapport de situation n°88 sur l'épidémie de la Maladie à Virus Ebola (MVE) - 12 Mai 2021 [FR],2021-05-12,88,https://www.humanitarianresponse.info/sites/www.humanitarianresponse.info/files/documents/files/sitrep_ndeg_88_epidemie_de_mve_2021_nzerekore_-_copie.pdf
CU de N’Zérékoré,Cas Probables,0,4,2021-05-12,Guinée : Rapport de situation n°88 sur l'épidémie de la Maladie à Virus Ebola (MVE) - 12 Mai 2021 [FR],2021-05-12,88,https://www.humanitarianresponse.info/sites/www.humanitarianresponse.info/files/documents/files/sitrep_ndeg_88_epidemie_de_mve_2021_nzerekore_-_copie.pdf
Gouécké,Cas Probables,0,0,2021-05-12,Guinée : Rapport de situation n°88 sur l'épidémie de la Maladie à Virus Ebola (MVE) - 12 Mai 2021 [FR],2021-05-12,88,https://www.humanitarianresponse.info/sites/www.humanitarianresponse.info/files/documents/files/sitrep_ndeg_88_epidemie_de_mve_2021_nzerekore_-_copie.pdf
Soulouta,Cas Probables,0,3,2021-05-12,Guinée : Rapport de situation n°88 sur l'épidémie de la Maladie à Virus Ebola (MVE) - 12 Mai 2021 [FR],2021-05-12,88,https://www.humanitarianresponse.info/sites/www.humanitarianresponse.info/files/documents/files/sitrep_ndeg_88_epidemie_de_mve_2021_nzerekore_-_copie.pdf
Total,Cas Probables,0,7,2021-05-12,Guinée : Rapport de situation n°88 sur l'épidémie de la Maladie à Virus Ebola (MVE) - 12 Mai 2021 [FR],2021-05-12,88,https://www.humanitarianresponse.info/sites/www.humanitarianresponse.info/files/documents/files/sitrep_ndeg_88_epidemie_de_mve_2021_nzerekore_-_copie.pdf
CU de N’Zérékoré,Cas Suspects,24,24,2021-05-12,Guinée : Rapport de situation n°88 sur l'épidémie de la Maladie à Virus Ebola (MVE) - 12 Mai 2021 [FR],2021-05-12,88,https://www.humanitarianresponse.info/sites/www.humanitarianresponse.info/files/documents/files/sitrep_ndeg_88_epidemie_de_mve_2021_nzerekore_-_copie.pdf
Gouécké,Cas Suspects,3,3,2021-05-12,Guinée : Rapport de situation n°88 sur l'épidémie de la Maladie à Virus Ebola (MVE) - 12 Mai 2021 [FR],2021-05-12,88,https://www.humanitarianresponse.info/sites/www.humanitarianresponse.info/files/documents/files/sitrep_ndeg_88_epidemie_de_mve_2021_nzerekore_-_copie.pdf
Soulouta,Cas Suspects,1,1,2021-05-12,Guinée : Rapport de situation n°88 sur l'épidémie de la Maladie à Virus Ebola (MVE) - 12 Mai 2021 [FR],2021-05-12,88,https://www.humanitarianresponse.info/sites/www.humanitarianresponse.info/files/documents/files/sitrep_ndeg_88_epidemie_de_mve_2021_nzerekore_-_copie.pdf
Total,Cas Suspects,28,28,2021-05-12,Guinée : Rapport de situation n°88 sur l'épidémie de la Maladie à Virus Ebola (MVE) - 12 Mai 2021 [FR],2021-05-12,88,https://www.humanitarianresponse.info/sites/www.humanitarianresponse.info/files/documents/files/sitrep_ndeg_88_epidemie_de_mve_2021_nzerekore_-_copie.pdf
CU de N’Zérékoré,Cas Confirmés,0,11,2021-05-13,Guinée : Rapport de situation n°89 sur l'épidémie de la Maladie à Virus Ebola (MVE) - 13 Mai 2021 [FR],2021-05-13,89,https://www.humanitarianresponse.info/sites/www.humanitarianresponse.info/files/documents/files/sitrep_ndeg_89_epidemie_de_mve_2021_nzerekore_-_copie.pdf
Gouécké,Cas Confirmés,0,3,2021-05-13,Guinée : Rapport de situation n°89 sur l'épidémie de la Maladie à Virus Ebola (MVE) - 13 Mai 2021 [FR],2021-05-13,89,https://www.humanitarianresponse.info/sites/www.humanitarianresponse.info/files/documents/files/sitrep_ndeg_89_epidemie_de_mve_2021_nzerekore_-_copie.pdf
Soulouta,Cas Confirmés,0,2,2021-05-13,Guinée : Rapport de situation n°89 sur l'épidémie de la Maladie à Virus Ebola (MVE) - 13 Mai 2021 [FR],2021-05-13,89,https://www.humanitarianresponse.info/sites/www.humanitarianresponse.info/files/documents/files/sitrep_ndeg_89_epidemie_de_mve_2021_nzerekore_-_copie.pdf
Total,Cas Confirmés,0,16,2021-05-13,Guinée : Rapport de situation n°89 sur l'épidémie de la Maladie à Virus Ebola (MVE) - 13 Mai 2021 [FR],2021-05-13,89,https://www.humanitarianresponse.info/sites/www.humanitarianresponse.info/files/documents/files/sitrep_ndeg_89_epidemie_de_mve_2021_nzerekore_-_copie.pdf
CU de N’Zérékoré,Cas Probables,0,4,2021-05-13,Guinée : Rapport de situation n°89 sur l'épidémie de la Maladie à Virus Ebola (MVE) - 13 Mai 2021 [FR],2021-05-13,89,https://www.humanitarianresponse.info/sites/www.humanitarianresponse.info/files/documents/files/sitrep_ndeg_89_epidemie_de_mve_2021_nzerekore_-_copie.pdf
Gouécké,Cas Probables,0,0,2021-05-13,Guinée : Rapport de situation n°89 sur l'épidémie de la Maladie à Virus Ebola (MVE) - 13 Mai 2021 [FR],2021-05-13,89,https://www.humanitarianresponse.info/sites/www.humanitarianresponse.info/files/documents/files/sitrep_ndeg_89_epidemie_de_mve_2021_nzerekore_-_copie.pdf
Soulouta,Cas Probables,0,3,2021-05-13,Guinée : Rapport de situation n°89 sur l'épidémie de la Maladie à Virus Ebola (MVE) - 13 Mai 2021 [FR],2021-05-13,89,https://www.humanitarianresponse.info/sites/www.humanitarianresponse.info/files/documents/files/sitrep_ndeg_89_epidemie_de_mve_2021_nzerekore_-_copie.pdf
Total,Cas Probables,0,7,2021-05-13,Guinée : Rapport de situation n°89 sur l'épidémie de la Maladie à Virus Ebola (MVE) - 13 Mai 2021 [FR],2021-05-13,89,https://www.humanitarianresponse.info/sites/www.humanitarianresponse.info/files/documents/files/sitrep_ndeg_89_epidemie_de_mve_2021_nzerekore_-_copie.pdf
CU de N’Zérékoré,Cas Suspects,12,12,2021-05-13,Guinée : Rapport de situation n°89 sur l'épidémie de la Maladie à Virus Ebola (MVE) - 13 Mai 2021 [FR],2021-05-13,89,https://www.humanitarianresponse.info/sites/www.humanitarianresponse.info/files/documents/files/sitrep_ndeg_89_epidemie_de_mve_2021_nzerekore_-_copie.pdf
Gouécké,Cas Suspects,2,2,2021-05-13,Guinée : Rapport de situation n°89 sur l'épidémie de la Maladie à Virus Ebola (MVE) - 13 Mai 2021 [FR],2021-05-13,89,https://www.humanitarianresponse.info/sites/www.humanitarianresponse.info/files/documents/files/sitrep_ndeg_89_epidemie_de_mve_2021_nzerekore_-_copie.pdf
Soulouta,Cas Suspects,0,0,2021-05-13,Guinée : Rapport de situation n°89 sur l'épidémie de la Maladie à Virus Ebola (MVE) - 13 Mai 2021 [FR],2021-05-13,89,https://www.humanitarianresponse.info/sites/www.humanitarianresponse.info/files/documents/files/sitrep_ndeg_89_epidemie_de_mve_2021_nzerekore_-_copie.pdf
Total,Cas Suspects,14,14,2021-05-13,Guinée : Rapport de situation n°89 sur l'épidémie de la Maladie à Virus Ebola (MVE) - 13 Mai 2021 [FR],2021-05-13,89,https://www.humanitarianresponse.info/sites/www.humanitarianresponse.info/files/documents/files/sitrep_ndeg_89_epidemie_de_mve_2021_nzerekore_-_copie.pdf
CU de N’Zérékoré,Cas Confirmés,0,11,2021-05-14,Guinée : Rapport de situation n°90 sur l'épidémie de la Maladie à Virus Ebola (MVE) - 14 Mai 2021 [FR],2021-05-14,90,https://www.humanitarianresponse.info/sites/www.humanitarianresponse.info/files/documents/files/sitrep_ndeg_90_epidemie_de_mve_2021_nzerekore_-_copie.pdf
Gouécké,Cas Confirmés,0,3,2021-05-14,Guinée : Rapport de situation n°90 sur l'épidémie de la Maladie à Virus Ebola (MVE) - 14 Mai 2021 [FR],2021-05-14,90,https://www.humanitarianresponse.info/sites/www.humanitarianresponse.info/files/documents/files/sitrep_ndeg_90_epidemie_de_mve_2021_nzerekore_-_copie.pdf
Soulouta,Cas Confirmés,0,2,2021-05-14,Guinée : Rapport de situation n°90 sur l'épidémie de la Maladie à Virus Ebola (MVE) - 14 Mai 2021 [FR],2021-05-14,90,https://www.humanitarianresponse.info/sites/www.humanitarianresponse.info/files/documents/files/sitrep_ndeg_90_epidemie_de_mve_2021_nzerekore_-_copie.pdf
Total,Cas Confirmés,0,16,2021-05-14,Guinée : Rapport de situation n°90 sur l'épidémie de la Maladie à Virus Ebola (MVE) - 14 Mai 2021 [FR],2021-05-14,90,https://www.humanitarianresponse.info/sites/www.humanitarianresponse.info/files/documents/files/sitrep_ndeg_90_epidemie_de_mve_2021_nzerekore_-_copie.pdf
CU de N’Zérékoré,Cas Probables,0,4,2021-05-14,Guinée : Rapport de situation n°90 sur l'épidémie de la Maladie à Virus Ebola (MVE) - 14 Mai 2021 [FR],2021-05-14,90,https://www.humanitarianresponse.info/sites/www.humanitarianresponse.info/files/documents/files/sitrep_ndeg_90_epidemie_de_mve_2021_nzerekore_-_copie.pdf
Gouécké,Cas Probables,0,0,2021-05-14,Guinée : Rapport de situation n°90 sur l'épidémie de la Maladie à Virus Ebola (MVE) - 14 Mai 2021 [FR],2021-05-14,90,https://www.humanitarianresponse.info/sites/www.humanitarianresponse.info/files/documents/files/sitrep_ndeg_90_epidemie_de_mve_2021_nzerekore_-_copie.pdf
Soulouta,Cas Probables,0,3,2021-05-14,Guinée : Rapport de situation n°90 sur l'épidémie de la Maladie à Virus Ebola (MVE) - 14 Mai 2021 [FR],2021-05-14,90,https://www.humanitarianresponse.info/sites/www.humanitarianresponse.info/files/documents/files/sitrep_ndeg_90_epidemie_de_mve_2021_nzerekore_-_copie.pdf
Total,Cas Probables,0,7,2021-05-14,Guinée : Rapport de situation n°90 sur l'épidémie de la Maladie à Virus Ebola (MVE) - 14 Mai 2021 [FR],2021-05-14,90,https://www.humanitarianresponse.info/sites/www.humanitarianresponse.info/files/documents/files/sitrep_ndeg_90_epidemie_de_mve_2021_nzerekore_-_copie.pdf
CU de N’Zérékoré,Cas Suspects,26,26,2021-05-14,Guinée : Rapport de situation n°90 sur l'épidémie de la Maladie à Virus Ebola (MVE) - 14 Mai 2021 [FR],2021-05-14,90,https://www.humanitarianresponse.info/sites/www.humanitarianresponse.info/files/documents/files/sitrep_ndeg_90_epidemie_de_mve_2021_nzerekore_-_copie.pdf
Gouécké,Cas Suspects,0,0,2021-05-14,Guinée : Rapport de situation n°90 sur l'épidémie de la Maladie à Virus Ebola (MVE) - 14 Mai 2021 [FR],2021-05-14,90,https://www.humanitarianresponse.info/sites/www.humanitarianresponse.info/files/documents/files/sitrep_ndeg_90_epidemie_de_mve_2021_nzerekore_-_copie.pdf
Soulouta,Cas Suspects,0,0,2021-05-14,Guinée : Rapport de situation n°90 sur l'épidémie de la Maladie à Virus Ebola (MVE) - 14 Mai 2021 [FR],2021-05-14,90,https://www.humanitarianresponse.info/sites/www.humanitarianresponse.info/files/documents/files/sitrep_ndeg_90_epidemie_de_mve_2021_nzerekore_-_copie.pdf
Total,Cas Suspects,26,26,2021-05-14,Guinée : Rapport de situation n°90 sur l'épidémie de la Maladie à Virus Ebola (MVE) - 14 Mai 2021 [FR],2021-05-14,90,https://www.humanitarianresponse.info/sites/www.humanitarianresponse.info/files/documents/files/sitrep_ndeg_90_epidemie_de_mve_2021_nzerekore_-_copie.pdf
CU de N’Zérékoré,Cas Confirmés,0,11,2021-05-15,Guinée : Rapport de situation n°91 sur l'épidémie de la Maladie à Virus Ebola (MVE) - 15 Mai 2021 [FR],2021-05-15,91,https://www.humanitarianresponse.info/sites/www.humanitarianresponse.info/files/documents/files/sitrep_ndeg_91_epidemie_de_mve_2021_nzerekore_-_copie.pdf
Gouécké,Cas Confirmés,0,3,2021-05-15,Guinée : Rapport de situation n°91 sur l'épidémie de la Maladie à Virus Ebola (MVE) - 15 Mai 2021 [FR],2021-05-15,91,https://www.humanitarianresponse.info/sites/www.humanitarianresponse.info/files/documents/files/sitrep_ndeg_91_epidemie_de_mve_2021_nzerekore_-_copie.pdf
Soulouta,Cas Confirmés,0,2,2021-05-15,Guinée : Rapport de situation n°91 sur l'épidémie de la Maladie à Virus Ebola (MVE) - 15 Mai 2021 [FR],2021-05-15,91,https://www.humanitarianresponse.info/sites/www.humanitarianresponse.info/files/documents/files/sitrep_ndeg_91_epidemie_de_mve_2021_nzerekore_-_copie.pdf
Total,Cas Confirmés,0,16,2021-05-15,Guinée : Rapport de situation n°91 sur l'épidémie de la Maladie à Virus Ebola (MVE) - 15 Mai 2021 [FR],2021-05-15,91,https://www.humanitarianresponse.info/sites/www.humanitarianresponse.info/files/documents/files/sitrep_ndeg_91_epidemie_de_mve_2021_nzerekore_-_copie.pdf
CU de N’Zérékoré,Cas Probables,0,4,2021-05-15,Guinée : Rapport de situation n°91 sur l'épidémie de la Maladie à Virus Ebola (MVE) - 15 Mai 2021 [FR],2021-05-15,91,https://www.humanitarianresponse.info/sites/www.humanitarianresponse.info/files/documents/files/sitrep_ndeg_91_epidemie_de_mve_2021_nzerekore_-_copie.pdf
Gouécké,Cas Probables,0,0,2021-05-15,Guinée : Rapport de situation n°91 sur l'épidémie de la Maladie à Virus Ebola (MVE) - 15 Mai 2021 [FR],2021-05-15,91,https://www.humanitarianresponse.info/sites/www.humanitarianresponse.info/files/documents/files/sitrep_ndeg_91_epidemie_de_mve_2021_nzerekore_-_copie.pdf
Soulouta,Cas Probables,0,3,2021-05-15,Guinée : Rapport de situation n°91 sur l'épidémie de la Maladie à Virus Ebola (MVE) - 15 Mai 2021 [FR],2021-05-15,91,https://www.humanitarianresponse.info/sites/www.humanitarianresponse.info/files/documents/files/sitrep_ndeg_91_epidemie_de_mve_2021_nzerekore_-_copie.pdf
Total,Cas Probables,0,7,2021-05-15,Guinée : Rapport de situation n°91 sur l'épidémie de la Maladie à Virus Ebola (MVE) - 15 Mai 2021 [FR],2021-05-15,91,https://www.humanitarianresponse.info/sites/www.humanitarianresponse.info/files/documents/files/sitrep_ndeg_91_epidemie_de_mve_2021_nzerekore_-_copie.pdf
CU de N’Zérékoré,Cas Suspects,19,19,2021-05-15,Guinée : Rapport de situation n°91 sur l'épidémie de la Maladie à Virus Ebola (MVE) - 15 Mai 2021 [FR],2021-05-15,91,https://www.humanitarianresponse.info/sites/www.humanitarianresponse.info/files/documents/files/sitrep_ndeg_91_epidemie_de_mve_2021_nzerekore_-_copie.pdf
Gouécké,Cas Suspects,0,0,2021-05-15,Guinée : Rapport de situation n°91 sur l'épidémie de la Maladie à Virus Ebola (MVE) - 15 Mai 2021 [FR],2021-05-15,91,https://www.humanitarianresponse.info/sites/www.humanitarianresponse.info/files/documents/files/sitrep_ndeg_91_epidemie_de_mve_2021_nzerekore_-_copie.pdf
Soulouta,Cas Suspects,0,0,2021-05-15,Guinée : Rapport de situation n°91 sur l'épidémie de la Maladie à Virus Ebola (MVE) - 15 Mai 2021 [FR],2021-05-15,91,https://www.humanitarianresponse.info/sites/www.humanitarianresponse.info/files/documents/files/sitrep_ndeg_91_epidemie_de_mve_2021_nzerekore_-_copie.pdf
Total,Cas Suspects,19,19,2021-05-15,Guinée : Rapport de situation n°91 sur l'épidémie de la Maladie à Virus Ebola (MVE) - 15 Mai 2021 [FR],2021-05-15,91,https://www.humanitarianresponse.info/sites/www.humanitarianresponse.info/files/documents/files/sitrep_ndeg_91_epidemie_de_mve_2021_nzerekore_-_copie.pdf
CU de N’Zérékoré,Cas Confirmés,0,11,2021-05-16,Guinée : Rapport de situation n°92 sur l'épidémie de la Maladie à Virus Ebola (MVE) - 16 Mai 2021 [FR],2021-05-16,92,https://www.humanitarianresponse.info/sites/www.humanitarianresponse.info/files/documents/files/sitrep_ndeg_92_epidemie_de_mve_2021_nzerekore_-_copie.pdf
Gouécké,Cas Confirmés,0,3,2021-05-16,Guinée : Rapport de situation n°92 sur l'épidémie de la Maladie à Virus Ebola (MVE) - 16 Mai 2021 [FR],2021-05-16,92,https://www.humanitarianresponse.info/sites/www.humanitarianresponse.info/files/documents/files/sitrep_ndeg_92_epidemie_de_mve_2021_nzerekore_-_copie.pdf
Soulouta,Cas Confirmés,0,2,2021-05-16,Guinée : Rapport de situation n°92 sur l'épidémie de la Maladie à Virus Ebola (MVE) - 16 Mai 2021 [FR],2021-05-16,92,https://www.humanitarianresponse.info/sites/www.humanitarianresponse.info/files/documents/files/sitrep_ndeg_92_epidemie_de_mve_2021_nzerekore_-_copie.pdf
Total,Cas Confirmés,0,16,2021-05-16,Guinée : Rapport de situation n°92 sur l'épidémie de la Maladie à Virus Ebola (MVE) - 16 Mai 2021 [FR],2021-05-16,92,https://www.humanitarianresponse.info/sites/www.humanitarianresponse.info/files/documents/files/sitrep_ndeg_92_epidemie_de_mve_2021_nzerekore_-_copie.pdf
CU de N’Zérékoré,Cas Probables,0,4,2021-05-16,Guinée : Rapport de situation n°92 sur l'épidémie de la Maladie à Virus Ebola (MVE) - 16 Mai 2021 [FR],2021-05-16,92,https://www.humanitarianresponse.info/sites/www.humanitarianresponse.info/files/documents/files/sitrep_ndeg_92_epidemie_de_mve_2021_nzerekore_-_copie.pdf
Gouécké,Cas Probables,0,0,2021-05-16,Guinée : Rapport de situation n°92 sur l'épidémie de la Maladie à Virus Ebola (MVE) - 16 Mai 2021 [FR],2021-05-16,92,https://www.humanitarianresponse.info/sites/www.humanitarianresponse.info/files/documents/files/sitrep_ndeg_92_epidemie_de_mve_2021_nzerekore_-_copie.pdf
Soulouta,Cas Probables,0,3,2021-05-16,Guinée : Rapport de situation n°92 sur l'épidémie de la Maladie à Virus Ebola (MVE) - 16 Mai 2021 [FR],2021-05-16,92,https://www.humanitarianresponse.info/sites/www.humanitarianresponse.info/files/documents/files/sitrep_ndeg_92_epidemie_de_mve_2021_nzerekore_-_copie.pdf
Total,Cas Probables,0,7,2021-05-16,Guinée : Rapport de situation n°92 sur l'épidémie de la Maladie à Virus Ebola (MVE) - 16 Mai 2021 [FR],2021-05-16,92,https://www.humanitarianresponse.info/sites/www.humanitarianresponse.info/files/documents/files/sitrep_ndeg_92_epidemie_de_mve_2021_nzerekore_-_copie.pdf
CU de N’Zérékoré,Cas Suspects,11,11,2021-05-16,Guinée : Rapport de situation n°92 sur l'épidémie de la Maladie à Virus Ebola (MVE) - 16 Mai 2021 [FR],2021-05-16,92,https://www.humanitarianresponse.info/sites/www.humanitarianresponse.info/files/documents/files/sitrep_ndeg_92_epidemie_de_mve_2021_nzerekore_-_copie.pdf
Gouécké,Cas Suspects,0,0,2021-05-16,Guinée : Rapport de situation n°92 sur l'épidémie de la Maladie à Virus Ebola (MVE) - 16 Mai 2021 [FR],2021-05-16,92,https://www.humanitarianresponse.info/sites/www.humanitarianresponse.info/files/documents/files/sitrep_ndeg_92_epidemie_de_mve_2021_nzerekore_-_copie.pdf
Soulouta,Cas Suspects,0,0,2021-05-16,Guinée : Rapport de situation n°92 sur l'épidémie de la Maladie à Virus Ebola (MVE) - 16 Mai 2021 [FR],2021-05-16,92,https://www.humanitarianresponse.info/sites/www.humanitarianresponse.info/files/documents/files/sitrep_ndeg_92_epidemie_de_mve_2021_nzerekore_-_copie.pdf
Total,Cas Suspects,11,11,2021-05-16,Guinée : Rapport de situation n°92 sur l'épidémie de la Maladie à Virus Ebola (MVE) - 16 Mai 2021 [FR],2021-05-16,92,https://www.humanitarianresponse.info/sites/www.humanitarianresponse.info/files/documents/files/sitrep_ndeg_92_epidemie_de_mve_2021_nzerekore_-_copie.pdf
CU de N’Zérékoré,Cas Confirmés,0,11,2021-05-17,Guinée : Rapport de situation n°93 sur l'épidémie de la Maladie à Virus Ebola (MVE) - 17 Mai 2021 [FR],2021-05-17,93,https://www.humanitarianresponse.info/sites/www.humanitarianresponse.info/files/documents/files/sitrep_ndeg_93_epidemie_de_mve_2021_nzerekore.pdf
Gouécké,Cas Confirmés,0,3,2021-05-17,Guinée : Rapport de situation n°93 sur l'épidémie de la Maladie à Virus Ebola (MVE) - 17 Mai 2021 [FR],2021-05-17,93,https://www.humanitarianresponse.info/sites/www.humanitarianresponse.info/files/documents/files/sitrep_ndeg_93_epidemie_de_mve_2021_nzerekore.pdf
Soulouta,Cas Confirmés,0,2,2021-05-17,Guinée : Rapport de situation n°93 sur l'épidémie de la Maladie à Virus Ebola (MVE) - 17 Mai 2021 [FR],2021-05-17,93,https://www.humanitarianresponse.info/sites/www.humanitarianresponse.info/files/documents/files/sitrep_ndeg_93_epidemie_de_mve_2021_nzerekore.pdf
Total,Cas Confirmés,0,16,2021-05-17,Guinée : Rapport de situation n°93 sur l'épidémie de la Maladie à Virus Ebola (MVE) - 17 Mai 2021 [FR],2021-05-17,93,https://www.humanitarianresponse.info/sites/www.humanitarianresponse.info/files/documents/files/sitrep_ndeg_93_epidemie_de_mve_2021_nzerekore.pdf
CU de N’Zérékoré,Cas Probables,0,4,2021-05-17,Guinée : Rapport de situation n°93 sur l'épidémie de la Maladie à Virus Ebola (MVE) - 17 Mai 2021 [FR],2021-05-17,93,https://www.humanitarianresponse.info/sites/www.humanitarianresponse.info/files/documents/files/sitrep_ndeg_93_epidemie_de_mve_2021_nzerekore.pdf
Gouécké,Cas Probables,0,0,2021-05-17,Guinée : Rapport de situation n°93 sur l'épidémie de la Maladie à Virus Ebola (MVE) - 17 Mai 2021 [FR],2021-05-17,93,https://www.humanitarianresponse.info/sites/www.humanitarianresponse.info/files/documents/files/sitrep_ndeg_93_epidemie_de_mve_2021_nzerekore.pdf
Soulouta,Cas Probables,0,3,2021-05-17,Guinée : Rapport de situation n°93 sur l'épidémie de la Maladie à Virus Ebola (MVE) - 17 Mai 2021 [FR],2021-05-17,93,https://www.humanitarianresponse.info/sites/www.humanitarianresponse.info/files/documents/files/sitrep_ndeg_93_epidemie_de_mve_2021_nzerekore.pdf
Total,Cas Probables,0,7,2021-05-17,Guinée : Rapport de situation n°93 sur l'épidémie de la Maladie à Virus Ebola (MVE) - 17 Mai 2021 [FR],2021-05-17,93,https://www.humanitarianresponse.info/sites/www.humanitarianresponse.info/files/documents/files/sitrep_ndeg_93_epidemie_de_mve_2021_nzerekore.pdf
CU de N’Zérékoré,Cas Suspects,11,11,2021-05-17,Guinée : Rapport de situation n°93 sur l'épidémie de la Maladie à Virus Ebola (MVE) - 17 Mai 2021 [FR],2021-05-17,93,https://www.humanitarianresponse.info/sites/www.humanitarianresponse.info/files/documents/files/sitrep_ndeg_93_epidemie_de_mve_2021_nzerekore.pdf
Gouécké,Cas Suspects,0,0,2021-05-17,Guinée : Rapport de situation n°93 sur l'épidémie de la Maladie à Virus Ebola (MVE) - 17 Mai 2021 [FR],2021-05-17,93,https://www.humanitarianresponse.info/sites/www.humanitarianresponse.info/files/documents/files/sitrep_ndeg_93_epidemie_de_mve_2021_nzerekore.pdf
Soulouta,Cas Suspects,0,0,2021-05-17,Guinée : Rapport de situation n°93 sur l'épidémie de la Maladie à Virus Ebola (MVE) - 17 Mai 2021 [FR],2021-05-17,93,https://www.humanitarianresponse.info/sites/www.humanitarianresponse.info/files/documents/files/sitrep_ndeg_93_epidemie_de_mve_2021_nzerekore.pdf
Total,Cas Suspects,11,11,2021-05-17,Guinée : Rapport de situation n°93 sur l'épidémie de la Maladie à Virus Ebola (MVE) - 17 Mai 2021 [FR],2021-05-17,93,https://www.humanitarianresponse.info/sites/www.humanitarianresponse.info/files/documents/files/sitrep_ndeg_93_epidemie_de_mve_2021_nzerekore.pdf
CU de N’Zérékoré,Cas Confirmés,0,11,2021-05-18,Guinée : Rapport de situation n°94 sur l'épidémie de la Maladie à Virus Ebola (MVE) - 18 Mai 2021 [FR],2021-05-18,94,https://www.humanitarianresponse.info/sites/www.humanitarianresponse.info/files/documents/files/sitrep_ndeg_94_epidemie_de_mve_2021_nzerekore_1.pdf
Gouécké,Cas Confirmés,0,3,2021-05-18,Guinée : Rapport de situation n°94 sur l'épidémie de la Maladie à Virus Ebola (MVE) - 18 Mai 2021 [FR],2021-05-18,94,https://www.humanitarianresponse.info/sites/www.humanitarianresponse.info/files/documents/files/sitrep_ndeg_94_epidemie_de_mve_2021_nzerekore_1.pdf
Soulouta,Cas Confirmés,0,2,2021-05-18,Guinée : Rapport de situation n°94 sur l'épidémie de la Maladie à Virus Ebola (MVE) - 18 Mai 2021 [FR],2021-05-18,94,https://www.humanitarianresponse.info/sites/www.humanitarianresponse.info/files/documents/files/sitrep_ndeg_94_epidemie_de_mve_2021_nzerekore_1.pdf
Total,Cas Confirmés,0,16,2021-05-18,Guinée : Rapport de situation n°94 sur l'épidémie de la Maladie à Virus Ebola (MVE) - 18 Mai 2021 [FR],2021-05-18,94,https://www.humanitarianresponse.info/sites/www.humanitarianresponse.info/files/documents/files/sitrep_ndeg_94_epidemie_de_mve_2021_nzerekore_1.pdf
CU de N’Zérékoré,Cas Probables,0,4,2021-05-18,Guinée : Rapport de situation n°94 sur l'épidémie de la Maladie à Virus Ebola (MVE) - 18 Mai 2021 [FR],2021-05-18,94,https://www.humanitarianresponse.info/sites/www.humanitarianresponse.info/files/documents/files/sitrep_ndeg_94_epidemie_de_mve_2021_nzerekore_1.pdf
Gouécké,Cas Probables,0,0,2021-05-18,Guinée : Rapport de situation n°94 sur l'épidémie de la Maladie à Virus Ebola (MVE) - 18 Mai 2021 [FR],2021-05-18,94,https://www.humanitarianresponse.info/sites/www.humanitarianresponse.info/files/documents/files/sitrep_ndeg_94_epidemie_de_mve_2021_nzerekore_1.pdf
Soulouta,Cas Probables,0,3,2021-05-18,Guinée : Rapport de situation n°94 sur l'épidémie de la Maladie à Virus Ebola (MVE) - 18 Mai 2021 [FR],2021-05-18,94,https://www.humanitarianresponse.info/sites/www.humanitarianresponse.info/files/documents/files/sitrep_ndeg_94_epidemie_de_mve_2021_nzerekore_1.pdf
Total,Cas Probables,0,7,2021-05-18,Guinée : Rapport de situation n°94 sur l'épidémie de la Maladie à Virus Ebola (MVE) - 18 Mai 2021 [FR],2021-05-18,94,https://www.humanitarianresponse.info/sites/www.humanitarianresponse.info/files/documents/files/sitrep_ndeg_94_epidemie_de_mve_2021_nzerekore_1.pdf
CU de N’Zérékoré,Cas Suspects,23,23,2021-05-18,Guinée : Rapport de situation n°94 sur l'épidémie de la Maladie à Virus Ebola (MVE) - 18 Mai 2021 [FR],2021-05-18,94,https://www.humanitarianresponse.info/sites/www.humanitarianresponse.info/files/documents/files/sitrep_ndeg_94_epidemie_de_mve_2021_nzerekore_1.pdf
Gouécké,Cas Suspects,11,11,2021-05-18,Guinée : Rapport de situation n°94 sur l'épidémie de la Maladie à Virus Ebola (MVE) - 18 Mai 2021 [FR],2021-05-18,94,https://www.humanitarianresponse.info/sites/www.humanitarianresponse.info/files/documents/files/sitrep_ndeg_94_epidemie_de_mve_2021_nzerekore_1.pdf
Soulouta,Cas Suspects,1,1,2021-05-18,Guinée : Rapport de situation n°94 sur l'épidémie de la Maladie à Virus Ebola (MVE) - 18 Mai 2021 [FR],2021-05-18,94,https://www.humanitarianresponse.info/sites/www.humanitarianresponse.info/files/documents/files/sitrep_ndeg_94_epidemie_de_mve_2021_nzerekore_1.pdf
Total,Cas Suspects,35,35,2021-05-18,Guinée : Rapport de situation n°94 sur l'épidémie de la Maladie à Virus Ebola (MVE) - 18 Mai 2021 [FR],2021-05-18,94,https://www.humanitarianresponse.info/sites/www.humanitarianresponse.info/files/documents/files/sitrep_ndeg_94_epidemie_de_mve_2021_nzerekore_1.pdf
CU de N’Zérékoré,Cas Confirmés,0,11,2021-05-19,Guinée : Rapport de situation n°95 sur l'épidémie de la Maladie à Virus Ebola (MVE) - 19 Mai 2021 [FR],2021-05-19,95,https://www.humanitarianresponse.info/sites/www.humanitarianresponse.info/files/documents/files/sitrep_ndeg_95_epidemie_de_mve_2021_nzerekore.pdf
Gouécké,Cas Confirmés,0,3,2021-05-19,Guinée : Rapport de situation n°95 sur l'épidémie de la Maladie à Virus Ebola (MVE) - 19 Mai 2021 [FR],2021-05-19,95,https://www.humanitarianresponse.info/sites/www.humanitarianresponse.info/files/documents/files/sitrep_ndeg_95_epidemie_de_mve_2021_nzerekore.pdf
Soulouta,Cas Confirmés,0,2,2021-05-19,Guinée : Rapport de situation n°95 sur l'épidémie de la Maladie à Virus Ebola (MVE) - 19 Mai 2021 [FR],2021-05-19,95,https://www.humanitarianresponse.info/sites/www.humanitarianresponse.info/files/documents/files/sitrep_ndeg_95_epidemie_de_mve_2021_nzerekore.pdf
Total,Cas Confirmés,0,16,2021-05-19,Guinée : Rapport de situation n°95 sur l'épidémie de la Maladie à Virus Ebola (MVE) - 19 Mai 2021 [FR],2021-05-19,95,https://www.humanitarianresponse.info/sites/www.humanitarianresponse.info/files/documents/files/sitrep_ndeg_95_epidemie_de_mve_2021_nzerekore.pdf
CU de N’Zérékoré,Cas Probables,0,4,2021-05-19,Guinée : Rapport de situation n°95 sur l'épidémie de la Maladie à Virus Ebola (MVE) - 19 Mai 2021 [FR],2021-05-19,95,https://www.humanitarianresponse.info/sites/www.humanitarianresponse.info/files/documents/files/sitrep_ndeg_95_epidemie_de_mve_2021_nzerekore.pdf
Gouécké,Cas Probables,0,0,2021-05-19,Guinée : Rapport de situation n°95 sur l'épidémie de la Maladie à Virus Ebola (MVE) - 19 Mai 2021 [FR],2021-05-19,95,https://www.humanitarianresponse.info/sites/www.humanitarianresponse.info/files/documents/files/sitrep_ndeg_95_epidemie_de_mve_2021_nzerekore.pdf
Soulouta,Cas Probables,0,3,2021-05-19,Guinée : Rapport de situation n°95 sur l'épidémie de la Maladie à Virus Ebola (MVE) - 19 Mai 2021 [FR],2021-05-19,95,https://www.humanitarianresponse.info/sites/www.humanitarianresponse.info/files/documents/files/sitrep_ndeg_95_epidemie_de_mve_2021_nzerekore.pdf
Total,Cas Probables,0,7,2021-05-19,Guinée : Rapport de situation n°95 sur l'épidémie de la Maladie à Virus Ebola (MVE) - 19 Mai 2021 [FR],2021-05-19,95,https://www.humanitarianresponse.info/sites/www.humanitarianresponse.info/files/documents/files/sitrep_ndeg_95_epidemie_de_mve_2021_nzerekore.pdf
CU de N’Zérékoré,Cas Suspects,17,17,2021-05-19,Guinée : Rapport de situation n°95 sur l'épidémie de la Maladie à Virus Ebola (MVE) - 19 Mai 2021 [FR],2021-05-19,95,https://www.humanitarianresponse.info/sites/www.humanitarianresponse.info/files/documents/files/sitrep_ndeg_95_epidemie_de_mve_2021_nzerekore.pdf
Gouécké,Cas Suspects,5,5,2021-05-19,Guinée : Rapport de situation n°95 sur l'épidémie de la Maladie à Virus Ebola (MVE) - 19 Mai 2021 [FR],2021-05-19,95,https://www.humanitarianresponse.info/sites/www.humanitarianresponse.info/files/documents/files/sitrep_ndeg_95_epidemie_de_mve_2021_nzerekore.pdf
Soulouta,Cas Suspects,0,0,2021-05-19,Guinée : Rapport de situation n°95 sur l'épidémie de la Maladie à Virus Ebola (MVE) - 19 Mai 2021 [FR],2021-05-19,95,https://www.humanitarianresponse.info/sites/www.humanitarianresponse.info/files/documents/files/sitrep_ndeg_95_epidemie_de_mve_2021_nzerekore.pdf
Total,Cas Suspects,22,22,2021-05-19,Guinée : Rapport de situation n°95 sur l'épidémie de la Maladie à Virus Ebola (MVE) - 19 Mai 2021 [FR],2021-05-19,95,https://www.humanitarianresponse.info/sites/www.humanitarianresponse.info/files/documents/files/sitrep_ndeg_95_epidemie_de_mve_2021_nzerekore.pdf
CU de N’Zérékoré,Cas Confirmés,0,11,2021-05-20,Guinée : Rapport de situation n°96 sur l'épidémie de la Maladie à Virus Ebola (MVE) - 20 Mai 2021 [FR],2021-05-20,96,https://www.humanitarianresponse.info/sites/www.humanitarianresponse.info/files/documents/files/sitrep_ndeg_96_epidemie_de_mve_2021_nzerekore_-_copie.pdf
Gouécké,Cas Confirmés,0,3,2021-05-20,Guinée : Rapport de situation n°96 sur l'épidémie de la Maladie à Virus Ebola (MVE) - 20 Mai 2021 [FR],2021-05-20,96,https://www.humanitarianresponse.info/sites/www.humanitarianresponse.info/files/documents/files/sitrep_ndeg_96_epidemie_de_mve_2021_nzerekore_-_copie.pdf
Soulouta,Cas Confirmés,0,2,2021-05-20,Guinée : Rapport de situation n°96 sur l'épidémie de la Maladie à Virus Ebola (MVE) - 20 Mai 2021 [FR],2021-05-20,96,https://www.humanitarianresponse.info/sites/www.humanitarianresponse.info/files/documents/files/sitrep_ndeg_96_epidemie_de_mve_2021_nzerekore_-_copie.pdf
Total,Cas Confirmés,0,16,2021-05-20,Guinée : Rapport de situation n°96 sur l'épidémie de la Maladie à Virus Ebola (MVE) - 20 Mai 2021 [FR],2021-05-20,96,https://www.humanitarianresponse.info/sites/www.humanitarianresponse.info/files/documents/files/sitrep_ndeg_96_epidemie_de_mve_2021_nzerekore_-_copie.pdf
CU de N’Zérékoré,Cas Probables,0,4,2021-05-20,Guinée : Rapport de situation n°96 sur l'épidémie de la Maladie à Virus Ebola (MVE) - 20 Mai 2021 [FR],2021-05-20,96,https://www.humanitarianresponse.info/sites/www.humanitarianresponse.info/files/documents/files/sitrep_ndeg_96_epidemie_de_mve_2021_nzerekore_-_copie.pdf
Gouécké,Cas Probables,0,0,2021-05-20,Guinée : Rapport de situation n°96 sur l'épidémie de la Maladie à Virus Ebola (MVE) - 20 Mai 2021 [FR],2021-05-20,96,https://www.humanitarianresponse.info/sites/www.humanitarianresponse.info/files/documents/files/sitrep_ndeg_96_epidemie_de_mve_2021_nzerekore_-_copie.pdf
Soulouta,Cas Probables,0,3,2021-05-20,Guinée : Rapport de situation n°96 sur l'épidémie de la Maladie à Virus Ebola (MVE) - 20 Mai 2021 [FR],2021-05-20,96,https://www.humanitarianresponse.info/sites/www.humanitarianresponse.info/files/documents/files/sitrep_ndeg_96_epidemie_de_mve_2021_nzerekore_-_copie.pdf
Total,Cas Probables,0,7,2021-05-20,Guinée : Rapport de situation n°96 sur l'épidémie de la Maladie à Virus Ebola (MVE) - 20 Mai 2021 [FR],2021-05-20,96,https://www.humanitarianresponse.info/sites/www.humanitarianresponse.info/files/documents/files/sitrep_ndeg_96_epidemie_de_mve_2021_nzerekore_-_copie.pdf
CU de N’Zérékoré,Cas Suspects,22,22,2021-05-20,Guinée : Rapport de situation n°96 sur l'épidémie de la Maladie à Virus Ebola (MVE) - 20 Mai 2021 [FR],2021-05-20,96,https://www.humanitarianresponse.info/sites/www.humanitarianresponse.info/files/documents/files/sitrep_ndeg_96_epidemie_de_mve_2021_nzerekore_-_copie.pdf
Gouécké,Cas Suspects,5,5,2021-05-20,Guinée : Rapport de situation n°96 sur l'épidémie de la Maladie à Virus Ebola (MVE) - 20 Mai 2021 [FR],2021-05-20,96,https://www.humanitarianresponse.info/sites/www.humanitarianresponse.info/files/documents/files/sitrep_ndeg_96_epidemie_de_mve_2021_nzerekore_-_copie.pdf
Soulouta,Cas Suspects,2,2,2021-05-20,Guinée : Rapport de situation n°96 sur l'épidémie de la Maladie à Virus Ebola (MVE) - 20 Mai 2021 [FR],2021-05-20,96,https://www.humanitarianresponse.info/sites/www.humanitarianresponse.info/files/documents/files/sitrep_ndeg_96_epidemie_de_mve_2021_nzerekore_-_copie.pdf
Total,Cas Suspects,29,29,2021-05-20,Guinée : Rapport de situation n°96 sur l'épidémie de la Maladie à Virus Ebola (MVE) - 20 Mai 2021 [FR],2021-05-20,96,https://www.humanitarianresponse.info/sites/www.humanitarianresponse.info/files/documents/files/sitrep_ndeg_96_epidemie_de_mve_2021_nzerekore_-_copie.pdf
CU de N’Zérékoré,Cas Confirmés,0,11,2021-05-21,Guinée : Rapport de situation n°97 sur l'épidémie de la Maladie à Virus Ebola (MVE) - 21 Mai 2021 [FR],2021-05-21,97,https://www.humanitarianresponse.info/sites/www.humanitarianresponse.info/files/documents/files/sitrep_ndeg_97_epidemie_de_mve_2021_nzerekore_-_copie.pdf
Gouécké,Cas Confirmés,0,3,2021-05-21,Guinée : Rapport de situation n°97 sur l'épidémie de la Maladie à Virus Ebola (MVE) - 21 Mai 2021 [FR],2021-05-21,97,https://www.humanitarianresponse.info/sites/www.humanitarianresponse.info/files/documents/files/sitrep_ndeg_97_epidemie_de_mve_2021_nzerekore_-_copie.pdf
Soulouta,Cas Confirmés,0,2,2021-05-21,Guinée : Rapport de situation n°97 sur l'épidémie de la Maladie à Virus Ebola (MVE) - 21 Mai 2021 [FR],2021-05-21,97,https://www.humanitarianresponse.info/sites/www.humanitarianresponse.info/files/documents/files/sitrep_ndeg_97_epidemie_de_mve_2021_nzerekore_-_copie.pdf
Total,Cas Confirmés,0,16,2021-05-21,Guinée : Rapport de situation n°97 sur l'épidémie de la Maladie à Virus Ebola (MVE) - 21 Mai 2021 [FR],2021-05-21,97,https://www.humanitarianresponse.info/sites/www.humanitarianresponse.info/files/documents/files/sitrep_ndeg_97_epidemie_de_mve_2021_nzerekore_-_copie.pdf
CU de N’Zérékoré,Cas Probables,0,4,2021-05-21,Guinée : Rapport de situation n°97 sur l'épidémie de la Maladie à Virus Ebola (MVE) - 21 Mai 2021 [FR],2021-05-21,97,https://www.humanitarianresponse.info/sites/www.humanitarianresponse.info/files/documents/files/sitrep_ndeg_97_epidemie_de_mve_2021_nzerekore_-_copie.pdf
Gouécké,Cas Probables,0,0,2021-05-21,Guinée : Rapport de situation n°97 sur l'épidémie de la Maladie à Virus Ebola (MVE) - 21 Mai 2021 [FR],2021-05-21,97,https://www.humanitarianresponse.info/sites/www.humanitarianresponse.info/files/documents/files/sitrep_ndeg_97_epidemie_de_mve_2021_nzerekore_-_copie.pdf
Soulouta,Cas Probables,0,3,2021-05-21,Guinée : Rapport de situation n°97 sur l'épidémie de la Maladie à Virus Ebola (MVE) - 21 Mai 2021 [FR],2021-05-21,97,https://www.humanitarianresponse.info/sites/www.humanitarianresponse.info/files/documents/files/sitrep_ndeg_97_epidemie_de_mve_2021_nzerekore_-_copie.pdf
Total,Cas Probables,0,7,2021-05-21,Guinée : Rapport de situation n°97 sur l'épidémie de la Maladie à Virus Ebola (MVE) - 21 Mai 2021 [FR],2021-05-21,97,https://www.humanitarianresponse.info/sites/www.humanitarianresponse.info/files/documents/files/sitrep_ndeg_97_epidemie_de_mve_2021_nzerekore_-_copie.pdf
CU de N’Zérékoré,Cas Suspects,15,15,2021-05-21,Guinée : Rapport de situation n°97 sur l'épidémie de la Maladie à Virus Ebola (MVE) - 21 Mai 2021 [FR],2021-05-21,97,https://www.humanitarianresponse.info/sites/www.humanitarianresponse.info/files/documents/files/sitrep_ndeg_97_epidemie_de_mve_2021_nzerekore_-_copie.pdf
Gouécké,Cas Suspects,3,3,2021-05-21,Guinée : Rapport de situation n°97 sur l'épidémie de la Maladie à Virus Ebola (MVE) - 21 Mai 2021 [FR],2021-05-21,97,https://www.humanitarianresponse.info/sites/www.humanitarianresponse.info/files/documents/files/sitrep_ndeg_97_epidemie_de_mve_2021_nzerekore_-_copie.pdf
Soulouta,Cas Suspects,1,1,2021-05-21,Guinée : Rapport de situation n°97 sur l'épidémie de la Maladie à Virus Ebola (MVE) - 21 Mai 2021 [FR],2021-05-21,97,https://www.humanitarianresponse.info/sites/www.humanitarianresponse.info/files/documents/files/sitrep_ndeg_97_epidemie_de_mve_2021_nzerekore_-_copie.pdf
Total,Cas Suspects,19,19,2021-05-21,Guinée : Rapport de situation n°97 sur l'épidémie de la Maladie à Virus Ebola (MVE) - 21 Mai 2021 [FR],2021-05-21,97,https://www.humanitarianresponse.info/sites/www.humanitarianresponse.info/files/documents/files/sitrep_ndeg_97_epidemie_de_mve_2021_nzerekore_-_copie.pdf
CU de N’Zérékoré,Cas Confirmés,0,11,2021-05-22,Guinée : Rapport de situation n°98 sur l'épidémie de la Maladie à Virus Ebola (MVE) - 22 Mai 2021 [FR],2021-05-22,98,https://www.humanitarianresponse.info/sites/www.humanitarianresponse.info/files/documents/files/sitrep_ndeg_98_epidemie_de_mve_2021_nzerekore.pdf
Gouécké,Cas Confirmés,0,3,2021-05-22,Guinée : Rapport de situation n°98 sur l'épidémie de la Maladie à Virus Ebola (MVE) - 22 Mai 2021 [FR],2021-05-22,98,https://www.humanitarianresponse.info/sites/www.humanitarianresponse.info/files/documents/files/sitrep_ndeg_98_epidemie_de_mve_2021_nzerekore.pdf
Soulouta,Cas Confirmés,0,2,2021-05-22,Guinée : Rapport de situation n°98 sur l'épidémie de la Maladie à Virus Ebola (MVE) - 22 Mai 2021 [FR],2021-05-22,98,https://www.humanitarianresponse.info/sites/www.humanitarianresponse.info/files/documents/files/sitrep_ndeg_98_epidemie_de_mve_2021_nzerekore.pdf
Total,Cas Confirmés,0,16,2021-05-22,Guinée : Rapport de situation n°98 sur l'épidémie de la Maladie à Virus Ebola (MVE) - 22 Mai 2021 [FR],2021-05-22,98,https://www.humanitarianresponse.info/sites/www.humanitarianresponse.info/files/documents/files/sitrep_ndeg_98_epidemie_de_mve_2021_nzerekore.pdf
CU de N’Zérékoré,Cas Probables,0,4,2021-05-22,Guinée : Rapport de situation n°98 sur l'épidémie de la Maladie à Virus Ebola (MVE) - 22 Mai 2021 [FR],2021-05-22,98,https://www.humanitarianresponse.info/sites/www.humanitarianresponse.info/files/documents/files/sitrep_ndeg_98_epidemie_de_mve_2021_nzerekore.pdf
Gouécké,Cas Probables,0,0,2021-05-22,Guinée : Rapport de situation n°98 sur l'épidémie de la Maladie à Virus Ebola (MVE) - 22 Mai 2021 [FR],2021-05-22,98,https://www.humanitarianresponse.info/sites/www.humanitarianresponse.info/files/documents/files/sitrep_ndeg_98_epidemie_de_mve_2021_nzerekore.pdf
Soulouta,Cas Probables,0,3,2021-05-22,Guinée : Rapport de situation n°98 sur l'épidémie de la Maladie à Virus Ebola (MVE) - 22 Mai 2021 [FR],2021-05-22,98,https://www.humanitarianresponse.info/sites/www.humanitarianresponse.info/files/documents/files/sitrep_ndeg_98_epidemie_de_mve_2021_nzerekore.pdf
Total,Cas Probables,0,7,2021-05-22,Guinée : Rapport de situation n°98 sur l'épidémie de la Maladie à Virus Ebola (MVE) - 22 Mai 2021 [FR],2021-05-22,98,https://www.humanitarianresponse.info/sites/www.humanitarianresponse.info/files/documents/files/sitrep_ndeg_98_epidemie_de_mve_2021_nzerekore.pdf
CU de N’Zérékoré,Cas Suspects,19,19,2021-05-22,Guinée : Rapport de situation n°98 sur l'épidémie de la Maladie à Virus Ebola (MVE) - 22 Mai 2021 [FR],2021-05-22,98,https://www.humanitarianresponse.info/sites/www.humanitarianresponse.info/files/documents/files/sitrep_ndeg_98_epidemie_de_mve_2021_nzerekore.pdf
Gouécké,Cas Suspects,3,3,2021-05-22,Guinée : Rapport de situation n°98 sur l'épidémie de la Maladie à Virus Ebola (MVE) - 22 Mai 2021 [FR],2021-05-22,98,https://www.humanitarianresponse.info/sites/www.humanitarianresponse.info/files/documents/files/sitrep_ndeg_98_epidemie_de_mve_2021_nzerekore.pdf
Soulouta,Cas Suspects,2,2,2021-05-22,Guinée : Rapport de situation n°98 sur l'épidémie de la Maladie à Virus Ebola (MVE) - 22 Mai 2021 [FR],2021-05-22,98,https://www.humanitarianresponse.info/sites/www.humanitarianresponse.info/files/documents/files/sitrep_ndeg_98_epidemie_de_mve_2021_nzerekore.pdf
Total,Cas Suspects,24,24,2021-05-22,Guinée : Rapport de situation n°98 sur l'épidémie de la Maladie à Virus Ebola (MVE) - 22 Mai 2021 [FR],2021-05-22,98,https://www.humanitarianresponse.info/sites/www.humanitarianresponse.info/files/documents/files/sitrep_ndeg_98_epidemie_de_mve_2021_nzerekore.pdf
CU de N’Zérékoré,Cas Confirmés,0,11,2021-05-23,Guinée : Rapport de situation n°99 sur l'épidémie de la Maladie à Virus Ebola (MVE) - 23 Mai 2021 [FR],2021-05-23,99,https://www.humanitarianresponse.info/sites/www.humanitarianresponse.info/files/documents/files/sitrep_ndeg_99_epidemie_de_mve_2021_nzerekore.pdf
Gouécké,Cas Confirmés,0,3,2021-05-23,Guinée : Rapport de situation n°99 sur l'épidémie de la Maladie à Virus Ebola (MVE) - 23 Mai 2021 [FR],2021-05-23,99,https://www.humanitarianresponse.info/sites/www.humanitarianresponse.info/files/documents/files/sitrep_ndeg_99_epidemie_de_mve_2021_nzerekore.pdf
Soulouta,Cas Confirmés,0,2,2021-05-23,Guinée : Rapport de situation n°99 sur l'épidémie de la Maladie à Virus Ebola (MVE) - 23 Mai 2021 [FR],2021-05-23,99,https://www.humanitarianresponse.info/sites/www.humanitarianresponse.info/files/documents/files/sitrep_ndeg_99_epidemie_de_mve_2021_nzerekore.pdf
Total,Cas Confirmés,0,16,2021-05-23,Guinée : Rapport de situation n°99 sur l'épidémie de la Maladie à Virus Ebola (MVE) - 23 Mai 2021 [FR],2021-05-23,99,https://www.humanitarianresponse.info/sites/www.humanitarianresponse.info/files/documents/files/sitrep_ndeg_99_epidemie_de_mve_2021_nzerekore.pdf
CU de N’Zérékoré,Cas Probables,0,4,2021-05-23,Guinée : Rapport de situation n°99 sur l'épidémie de la Maladie à Virus Ebola (MVE) - 23 Mai 2021 [FR],2021-05-23,99,https://www.humanitarianresponse.info/sites/www.humanitarianresponse.info/files/documents/files/sitrep_ndeg_99_epidemie_de_mve_2021_nzerekore.pdf
Gouécké,Cas Probables,0,0,2021-05-23,Guinée : Rapport de situation n°99 sur l'épidémie de la Maladie à Virus Ebola (MVE) - 23 Mai 2021 [FR],2021-05-23,99,https://www.humanitarianresponse.info/sites/www.humanitarianresponse.info/files/documents/files/sitrep_ndeg_99_epidemie_de_mve_2021_nzerekore.pdf
Soulouta,Cas Probables,0,3,2021-05-23,Guinée : Rapport de situation n°99 sur l'épidémie de la Maladie à Virus Ebola (MVE) - 23 Mai 2021 [FR],2021-05-23,99,https://www.humanitarianresponse.info/sites/www.humanitarianresponse.info/files/documents/files/sitrep_ndeg_99_epidemie_de_mve_2021_nzerekore.pdf
Total,Cas Probables,0,7,2021-05-23,Guinée : Rapport de situation n°99 sur l'épidémie de la Maladie à Virus Ebola (MVE) - 23 Mai 2021 [FR],2021-05-23,99,https://www.humanitarianresponse.info/sites/www.humanitarianresponse.info/files/documents/files/sitrep_ndeg_99_epidemie_de_mve_2021_nzerekore.pdf
CU de N’Zérékoré,Cas Suspects,15,15,2021-05-23,Guinée : Rapport de situation n°99 sur l'épidémie de la Maladie à Virus Ebola (MVE) - 23 Mai 2021 [FR],2021-05-23,99,https://www.humanitarianresponse.info/sites/www.humanitarianresponse.info/files/documents/files/sitrep_ndeg_99_epidemie_de_mve_2021_nzerekore.pdf
Gouécké,Cas Suspects,3,3,2021-05-23,Guinée : Rapport de situation n°99 sur l'épidémie de la Maladie à Virus Ebola (MVE) - 23 Mai 2021 [FR],2021-05-23,99,https://www.humanitarianresponse.info/sites/www.humanitarianresponse.info/files/documents/files/sitrep_ndeg_99_epidemie_de_mve_2021_nzerekore.pdf
Soulouta,Cas Suspects,4,4,2021-05-23,Guinée : Rapport de situation n°99 sur l'épidémie de la Maladie à Virus Ebola (MVE) - 23 Mai 2021 [FR],2021-05-23,99,https://www.humanitarianresponse.info/sites/www.humanitarianresponse.info/files/documents/files/sitrep_ndeg_99_epidemie_de_mve_2021_nzerekore.pdf
Total,Cas Suspects,22,22,2021-05-23,Guinée : Rapport de situation n°99 sur l'épidémie de la Maladie à Virus Ebola (MVE) - 23 Mai 2021 [FR],2021-05-23,99,https://www.humanitarianresponse.info/sites/www.humanitarianresponse.info/files/documents/files/sitrep_ndeg_99_epidemie_de_mve_2021_nzerekore.pdf
CU de N’Zérékoré,Cas Confirmés,0,11,2021-05-24,Guinée : Rapport de situation n°100 sur l'épidémie de la Maladie à Virus Ebola (MVE) - 24 Mai 2021 [FR],2021-05-24,100,https://www.humanitarianresponse.info/sites/www.humanitarianresponse.info/files/documents/files/sitrep_ndeg_100_epidemie_de_mve_2021_nzerekore.pdf
Gouécké,Cas Confirmés,0,3,2021-05-24,Guinée : Rapport de situation n°100 sur l'épidémie de la Maladie à Virus Ebola (MVE) - 24 Mai 2021 [FR],2021-05-24,100,https://www.humanitarianresponse.info/sites/www.humanitarianresponse.info/files/documents/files/sitrep_ndeg_100_epidemie_de_mve_2021_nzerekore.pdf
Soulouta,Cas Confirmés,0,2,2021-05-24,Guinée : Rapport de situation n°100 sur l'épidémie de la Maladie à Virus Ebola (MVE) - 24 Mai 2021 [FR],2021-05-24,100,https://www.humanitarianresponse.info/sites/www.humanitarianresponse.info/files/documents/files/sitrep_ndeg_100_epidemie_de_mve_2021_nzerekore.pdf
Total,Cas Confirmés,0,16,2021-05-24,Guinée : Rapport de situation n°100 sur l'épidémie de la Maladie à Virus Ebola (MVE) - 24 Mai 2021 [FR],2021-05-24,100,https://www.humanitarianresponse.info/sites/www.humanitarianresponse.info/files/documents/files/sitrep_ndeg_100_epidemie_de_mve_2021_nzerekore.pdf
CU de N’Zérékoré,Cas Probables,0,4,2021-05-24,Guinée : Rapport de situation n°100 sur l'épidémie de la Maladie à Virus Ebola (MVE) - 24 Mai 2021 [FR],2021-05-24,100,https://www.humanitarianresponse.info/sites/www.humanitarianresponse.info/files/documents/files/sitrep_ndeg_100_epidemie_de_mve_2021_nzerekore.pdf
Gouécké,Cas Probables,0,0,2021-05-24,Guinée : Rapport de situation n°100 sur l'épidémie de la Maladie à Virus Ebola (MVE) - 24 Mai 2021 [FR],2021-05-24,100,https://www.humanitarianresponse.info/sites/www.humanitarianresponse.info/files/documents/files/sitrep_ndeg_100_epidemie_de_mve_2021_nzerekore.pdf
Soulouta,Cas Probables,0,3,2021-05-24,Guinée : Rapport de situation n°100 sur l'épidémie de la Maladie à Virus Ebola (MVE) - 24 Mai 2021 [FR],2021-05-24,100,https://www.humanitarianresponse.info/sites/www.humanitarianresponse.info/files/documents/files/sitrep_ndeg_100_epidemie_de_mve_2021_nzerekore.pdf
Total,Cas Probables,0,7,2021-05-24,Guinée : Rapport de situation n°100 sur l'épidémie de la Maladie à Virus Ebola (MVE) - 24 Mai 2021 [FR],2021-05-24,100,https://www.humanitarianresponse.info/sites/www.humanitarianresponse.info/files/documents/files/sitrep_ndeg_100_epidemie_de_mve_2021_nzerekore.pdf
CU de N’Zérékoré,Cas Suspects,36,36,2021-05-24,Guinée : Rapport de situation n°100 sur l'épidémie de la Maladie à Virus Ebola (MVE) - 24 Mai 2021 [FR],2021-05-24,100,https://www.humanitarianresponse.info/sites/www.humanitarianresponse.info/files/documents/files/sitrep_ndeg_100_epidemie_de_mve_2021_nzerekore.pdf
Gouécké,Cas Suspects,3,3,2021-05-24,Guinée : Rapport de situation n°100 sur l'épidémie de la Maladie à Virus Ebola (MVE) - 24 Mai 2021 [FR],2021-05-24,100,https://www.humanitarianresponse.info/sites/www.humanitarianresponse.info/files/documents/files/sitrep_ndeg_100_epidemie_de_mve_2021_nzerekore.pdf
Soulouta,Cas Suspects,1,1,2021-05-24,Guinée : Rapport de situation n°100 sur l'épidémie de la Maladie à Virus Ebola (MVE) - 24 Mai 2021 [FR],2021-05-24,100,https://www.humanitarianresponse.info/sites/www.humanitarianresponse.info/files/documents/files/sitrep_ndeg_100_epidemie_de_mve_2021_nzerekore.pdf
Total,Cas Suspects,40,40,2021-05-24,Guinée : Rapport de situation n°100 sur l'épidémie de la Maladie à Virus Ebola (MVE) - 24 Mai 2021 [FR],2021-05-24,100,https://www.humanitarianresponse.info/sites/www.humanitarianresponse.info/files/documents/files/sitrep_ndeg_100_epidemie_de_mve_2021_nzerekore.pdf
CU de N’Zérékoré,Cas Confirmés,0,11,2021-05-25,Guinée : Rapport de situation n°101 sur l'épidémie de la Maladie à Virus Ebola (MVE) - 25 Mai 2021 [FR],2021-05-25,101,https://www.humanitarianresponse.info/sites/www.humanitarianresponse.info/files/documents/files/sitrep_ndeg_101_epidemie_de_mve_2021_nzerekore.pdf
Gouécké,Cas Confirmés,0,3,2021-05-25,Guinée : Rapport de situation n°101 sur l'épidémie de la Maladie à Virus Ebola (MVE) - 25 Mai 2021 [FR],2021-05-25,101,https://www.humanitarianresponse.info/sites/www.humanitarianresponse.info/files/documents/files/sitrep_ndeg_101_epidemie_de_mve_2021_nzerekore.pdf
Soulouta,Cas Confirmés,0,2,2021-05-25,Guinée : Rapport de situation n°101 sur l'épidémie de la Maladie à Virus Ebola (MVE) - 25 Mai 2021 [FR],2021-05-25,101,https://www.humanitarianresponse.info/sites/www.humanitarianresponse.info/files/documents/files/sitrep_ndeg_101_epidemie_de_mve_2021_nzerekore.pdf
Total,Cas Confirmés,0,16,2021-05-25,Guinée : Rapport de situation n°101 sur l'épidémie de la Maladie à Virus Ebola (MVE) - 25 Mai 2021 [FR],2021-05-25,101,https://www.humanitarianresponse.info/sites/www.humanitarianresponse.info/files/documents/files/sitrep_ndeg_101_epidemie_de_mve_2021_nzerekore.pdf
CU de N’Zérékoré,Cas Probables,0,4,2021-05-25,Guinée : Rapport de situation n°101 sur l'épidémie de la Maladie à Virus Ebola (MVE) - 25 Mai 2021 [FR],2021-05-25,101,https://www.humanitarianresponse.info/sites/www.humanitarianresponse.info/files/documents/files/sitrep_ndeg_101_epidemie_de_mve_2021_nzerekore.pdf
Gouécké,Cas Probables,0,0,2021-05-25,Guinée : Rapport de situation n°101 sur l'épidémie de la Maladie à Virus Ebola (MVE) - 25 Mai 2021 [FR],2021-05-25,101,https://www.humanitarianresponse.info/sites/www.humanitarianresponse.info/files/documents/files/sitrep_ndeg_101_epidemie_de_mve_2021_nzerekore.pdf
Soulouta,Cas Probables,0,3,2021-05-25,Guinée : Rapport de situation n°101 sur l'épidémie de la Maladie à Virus Ebola (MVE) - 25 Mai 2021 [FR],2021-05-25,101,https://www.humanitarianresponse.info/sites/www.humanitarianresponse.info/files/documents/files/sitrep_ndeg_101_epidemie_de_mve_2021_nzerekore.pdf
Total,Cas Probables,0,7,2021-05-25,Guinée : Rapport de situation n°101 sur l'épidémie de la Maladie à Virus Ebola (MVE) - 25 Mai 2021 [FR],2021-05-25,101,https://www.humanitarianresponse.info/sites/www.humanitarianresponse.info/files/documents/files/sitrep_ndeg_101_epidemie_de_mve_2021_nzerekore.pdf
CU de N’Zérékoré,Cas Suspects,32,32,2021-05-25,Guinée : Rapport de situation n°101 sur l'épidémie de la Maladie à Virus Ebola (MVE) - 25 Mai 2021 [FR],2021-05-25,101,https://www.humanitarianresponse.info/sites/www.humanitarianresponse.info/files/documents/files/sitrep_ndeg_101_epidemie_de_mve_2021_nzerekore.pdf
Gouécké,Cas Suspects,2,2,2021-05-25,Guinée : Rapport de situation n°101 sur l'épidémie de la Maladie à Virus Ebola (MVE) - 25 Mai 2021 [FR],2021-05-25,101,https://www.humanitarianresponse.info/sites/www.humanitarianresponse.info/files/documents/files/sitrep_ndeg_101_epidemie_de_mve_2021_nzerekore.pdf
Soulouta,Cas Suspects,1,1,2021-05-25,Guinée : Rapport de situation n°101 sur l'épidémie de la Maladie à Virus Ebola (MVE) - 25 Mai 2021 [FR],2021-05-25,101,https://www.humanitarianresponse.info/sites/www.humanitarianresponse.info/files/documents/files/sitrep_ndeg_101_epidemie_de_mve_2021_nzerekore.pdf
Total,Cas Suspects,35,35,2021-05-25,Guinée : Rapport de situation n°101 sur l'épidémie de la Maladie à Virus Ebola (MVE) - 25 Mai 2021 [FR],2021-05-25,101,https://www.humanitarianresponse.info/sites/www.humanitarianresponse.info/files/documents/files/sitrep_ndeg_101_epidemie_de_mve_2021_nzerekore.pdf
CU de N’Zérékoré,Cas Confirmés,0,11,2021-05-26,Guinée : Rapport de situation n°102 sur l'épidémie de la Maladie à Virus Ebola (MVE) - 26 Mai 2021 [FR],2021-05-26,102,https://www.humanitarianresponse.info/sites/www.humanitarianresponse.info/files/documents/files/sitrep_ndeg_102_epidemie_de_mve_2021_nzerekore_-_copie.pdf
Gouécké,Cas Confirmés,0,3,2021-05-26,Guinée : Rapport de situation n°102 sur l'épidémie de la Maladie à Virus Ebola (MVE) - 26 Mai 2021 [FR],2021-05-26,102,https://www.humanitarianresponse.info/sites/www.humanitarianresponse.info/files/documents/files/sitrep_ndeg_102_epidemie_de_mve_2021_nzerekore_-_copie.pdf
Soulouta,Cas Confirmés,0,2,2021-05-26,Guinée : Rapport de situation n°102 sur l'épidémie de la Maladie à Virus Ebola (MVE) - 26 Mai 2021 [FR],2021-05-26,102,https://www.humanitarianresponse.info/sites/www.humanitarianresponse.info/files/documents/files/sitrep_ndeg_102_epidemie_de_mve_2021_nzerekore_-_copie.pdf
Total,Cas Confirmés,0,16,2021-05-26,Guinée : Rapport de situation n°102 sur l'épidémie de la Maladie à Virus Ebola (MVE) - 26 Mai 2021 [FR],2021-05-26,102,https://www.humanitarianresponse.info/sites/www.humanitarianresponse.info/files/documents/files/sitrep_ndeg_102_epidemie_de_mve_2021_nzerekore_-_copie.pdf
CU de N’Zérékoré,Cas Probables,0,4,2021-05-26,Guinée : Rapport de situation n°102 sur l'épidémie de la Maladie à Virus Ebola (MVE) - 26 Mai 2021 [FR],2021-05-26,102,https://www.humanitarianresponse.info/sites/www.humanitarianresponse.info/files/documents/files/sitrep_ndeg_102_epidemie_de_mve_2021_nzerekore_-_copie.pdf
Gouécké,Cas Probables,0,0,2021-05-26,Guinée : Rapport de situation n°102 sur l'épidémie de la Maladie à Virus Ebola (MVE) - 26 Mai 2021 [FR],2021-05-26,102,https://www.humanitarianresponse.info/sites/www.humanitarianresponse.info/files/documents/files/sitrep_ndeg_102_epidemie_de_mve_2021_nzerekore_-_copie.pdf
Soulouta,Cas Probables,0,3,2021-05-26,Guinée : Rapport de situation n°102 sur l'épidémie de la Maladie à Virus Ebola (MVE) - 26 Mai 2021 [FR],2021-05-26,102,https://www.humanitarianresponse.info/sites/www.humanitarianresponse.info/files/documents/files/sitrep_ndeg_102_epidemie_de_mve_2021_nzerekore_-_copie.pdf
Total,Cas Probables,0,7,2021-05-26,Guinée : Rapport de situation n°102 sur l'épidémie de la Maladie à Virus Ebola (MVE) - 26 Mai 2021 [FR],2021-05-26,102,https://www.humanitarianresponse.info/sites/www.humanitarianresponse.info/files/documents/files/sitrep_ndeg_102_epidemie_de_mve_2021_nzerekore_-_copie.pdf
CU de N’Zérékoré,Cas Suspects,48,48,2021-05-26,Guinée : Rapport de situation n°102 sur l'épidémie de la Maladie à Virus Ebola (MVE) - 26 Mai 2021 [FR],2021-05-26,102,https://www.humanitarianresponse.info/sites/www.humanitarianresponse.info/files/documents/files/sitrep_ndeg_102_epidemie_de_mve_2021_nzerekore_-_copie.pdf
Gouécké,Cas Suspects,6,6,2021-05-26,Guinée : Rapport de situation n°102 sur l'épidémie de la Maladie à Virus Ebola (MVE) - 26 Mai 2021 [FR],2021-05-26,102,https://www.humanitarianresponse.info/sites/www.humanitarianresponse.info/files/documents/files/sitrep_ndeg_102_epidemie_de_mve_2021_nzerekore_-_copie.pdf
Soulouta,Cas Suspects,2,2,2021-05-26,Guinée : Rapport de situation n°102 sur l'épidémie de la Maladie à Virus Ebola (MVE) - 26 Mai 2021 [FR],2021-05-26,102,https://www.humanitarianresponse.info/sites/www.humanitarianresponse.info/files/documents/files/sitrep_ndeg_102_epidemie_de_mve_2021_nzerekore_-_copie.pdf
Total,Cas Suspects,56,56,2021-05-26,Guinée : Rapport de situation n°102 sur l'épidémie de la Maladie à Virus Ebola (MVE) - 26 Mai 2021 [FR],2021-05-26,102,https://www.humanitarianresponse.info/sites/www.humanitarianresponse.info/files/documents/files/sitrep_ndeg_102_epidemie_de_mve_2021_nzerekore_-_copie.pdf
CU de N’Zérékoré,Cas Confirmés,0,11,2021-05-27,Guinée : Rapport de situation n°103 sur l'épidémie de la Maladie à Virus Ebola (MVE) - 27 Mai 2021 [FR],2021-05-27,103,https://www.humanitarianresponse.info/sites/www.humanitarianresponse.info/files/documents/files/sitrep_ndeg_103_epidemie_de_mve_2021_nzerekore.pdf
Gouécké,Cas Confirmés,0,3,2021-05-27,Guinée : Rapport de situation n°103 sur l'épidémie de la Maladie à Virus Ebola (MVE) - 27 Mai 2021 [FR],2021-05-27,103,https://www.humanitarianresponse.info/sites/www.humanitarianresponse.info/files/documents/files/sitrep_ndeg_103_epidemie_de_mve_2021_nzerekore.pdf
Soulouta,Cas Confirmés,0,2,2021-05-27,Guinée : Rapport de situation n°103 sur l'épidémie de la Maladie à Virus Ebola (MVE) - 27 Mai 2021 [FR],2021-05-27,103,https://www.humanitarianresponse.info/sites/www.humanitarianresponse.info/files/documents/files/sitrep_ndeg_103_epidemie_de_mve_2021_nzerekore.pdf
Total,Cas Confirmés,0,16,2021-05-27,Guinée : Rapport de situation n°103 sur l'épidémie de la Maladie à Virus Ebola (MVE) - 27 Mai 2021 [FR],2021-05-27,103,https://www.humanitarianresponse.info/sites/www.humanitarianresponse.info/files/documents/files/sitrep_ndeg_103_epidemie_de_mve_2021_nzerekore.pdf
CU de N’Zérékoré,Cas Probables,0,4,2021-05-27,Guinée : Rapport de situation n°103 sur l'épidémie de la Maladie à Virus Ebola (MVE) - 27 Mai 2021 [FR],2021-05-27,103,https://www.humanitarianresponse.info/sites/www.humanitarianresponse.info/files/documents/files/sitrep_ndeg_103_epidemie_de_mve_2021_nzerekore.pdf
Gouécké,Cas Probables,0,0,2021-05-27,Guinée : Rapport de situation n°103 sur l'épidémie de la Maladie à Virus Ebola (MVE) - 27 Mai 2021 [FR],2021-05-27,103,https://www.humanitarianresponse.info/sites/www.humanitarianresponse.info/files/documents/files/sitrep_ndeg_103_epidemie_de_mve_2021_nzerekore.pdf
Soulouta,Cas Probables,0,3,2021-05-27,Guinée : Rapport de situation n°103 sur l'épidémie de la Maladie à Virus Ebola (MVE) - 27 Mai 2021 [FR],2021-05-27,103,https://www.humanitarianresponse.info/sites/www.humanitarianresponse.info/files/documents/files/sitrep_ndeg_103_epidemie_de_mve_2021_nzerekore.pdf
Total,Cas Probables,0,7,2021-05-27,Guinée : Rapport de situation n°103 sur l'épidémie de la Maladie à Virus Ebola (MVE) - 27 Mai 2021 [FR],2021-05-27,103,https://www.humanitarianresponse.info/sites/www.humanitarianresponse.info/files/documents/files/sitrep_ndeg_103_epidemie_de_mve_2021_nzerekore.pdf
CU de N’Zérékoré,Cas Suspects,45,45,2021-05-27,Guinée : Rapport de situation n°103 sur l'épidémie de la Maladie à Virus Ebola (MVE) - 27 Mai 2021 [FR],2021-05-27,103,https://www.humanitarianresponse.info/sites/www.humanitarianresponse.info/files/documents/files/sitrep_ndeg_103_epidemie_de_mve_2021_nzerekore.pdf
Gouécké,Cas Suspects,5,5,2021-05-27,Guinée : Rapport de situation n°103 sur l'épidémie de la Maladie à Virus Ebola (MVE) - 27 Mai 2021 [FR],2021-05-27,103,https://www.humanitarianresponse.info/sites/www.humanitarianresponse.info/files/documents/files/sitrep_ndeg_103_epidemie_de_mve_2021_nzerekore.pdf
Soulouta,Cas Suspects,3,3,2021-05-27,Guinée : Rapport de situation n°103 sur l'épidémie de la Maladie à Virus Ebola (MVE) - 27 Mai 2021 [FR],2021-05-27,103,https://www.humanitarianresponse.info/sites/www.humanitarianresponse.info/files/documents/files/sitrep_ndeg_103_epidemie_de_mve_2021_nzerekore.pdf
Total,Cas Suspects,53,53,2021-05-27,Guinée : Rapport de situation n°103 sur l'épidémie de la Maladie à Virus Ebola (MVE) - 27 Mai 2021 [FR],2021-05-27,103,https://www.humanitarianresponse.info/sites/www.humanitarianresponse.info/files/documents/files/sitrep_ndeg_103_epidemie_de_mve_2021_nzerekore.pdf
CU de N’Zérékoré,Cas Confirmés,0,11,2021-05-28,Guinée : Rapport de situation n°104 sur l'épidémie de la Maladie à Virus Ebola (MVE) - 28 Mai 2021 [FR],2021-05-28,104,https://www.humanitarianresponse.info/sites/www.humanitarianresponse.info/files/documents/files/sitrep_ndeg_104_epidemie_de_mve_2021_nzerekore.pdf
Gouécké,Cas Confirmés,0,3,2021-05-28,Guinée : Rapport de situation n°104 sur l'épidémie de la Maladie à Virus Ebola (MVE) - 28 Mai 2021 [FR],2021-05-28,104,https://www.humanitarianresponse.info/sites/www.humanitarianresponse.info/files/documents/files/sitrep_ndeg_104_epidemie_de_mve_2021_nzerekore.pdf
Soulouta,Cas Confirmés,0,2,2021-05-28,Guinée : Rapport de situation n°104 sur l'épidémie de la Maladie à Virus Ebola (MVE) - 28 Mai 2021 [FR],2021-05-28,104,https://www.humanitarianresponse.info/sites/www.humanitarianresponse.info/files/documents/files/sitrep_ndeg_104_epidemie_de_mve_2021_nzerekore.pdf
Total,Cas Confirmés,0,16,2021-05-28,Guinée : Rapport de situation n°104 sur l'épidémie de la Maladie à Virus Ebola (MVE) - 28 Mai 2021 [FR],2021-05-28,104,https://www.humanitarianresponse.info/sites/www.humanitarianresponse.info/files/documents/files/sitrep_ndeg_104_epidemie_de_mve_2021_nzerekore.pdf
CU de N’Zérékoré,Cas Probables,0,4,2021-05-28,Guinée : Rapport de situation n°104 sur l'épidémie de la Maladie à Virus Ebola (MVE) - 28 Mai 2021 [FR],2021-05-28,104,https://www.humanitarianresponse.info/sites/www.humanitarianresponse.info/files/documents/files/sitrep_ndeg_104_epidemie_de_mve_2021_nzerekore.pdf
Gouécké,Cas Probables,0,0,2021-05-28,Guinée : Rapport de situation n°104 sur l'épidémie de la Maladie à Virus Ebola (MVE) - 28 Mai 2021 [FR],2021-05-28,104,https://www.humanitarianresponse.info/sites/www.humanitarianresponse.info/files/documents/files/sitrep_ndeg_104_epidemie_de_mve_2021_nzerekore.pdf
Soulouta,Cas Probables,0,3,2021-05-28,Guinée : Rapport de situation n°104 sur l'épidémie de la Maladie à Virus Ebola (MVE) - 28 Mai 2021 [FR],2021-05-28,104,https://www.humanitarianresponse.info/sites/www.humanitarianresponse.info/files/documents/files/sitrep_ndeg_104_epidemie_de_mve_2021_nzerekore.pdf
Total,Cas Probables,0,7,2021-05-28,Guinée : Rapport de situation n°104 sur l'épidémie de la Maladie à Virus Ebola (MVE) - 28 Mai 2021 [FR],2021-05-28,104,https://www.humanitarianresponse.info/sites/www.humanitarianresponse.info/files/documents/files/sitrep_ndeg_104_epidemie_de_mve_2021_nzerekore.pdf
CU de N’Zérékoré,Cas Suspects,40,40,2021-05-28,Guinée : Rapport de situation n°104 sur l'épidémie de la Maladie à Virus Ebola (MVE) - 28 Mai 2021 [FR],2021-05-28,104,https://www.humanitarianresponse.info/sites/www.humanitarianresponse.info/files/documents/files/sitrep_ndeg_104_epidemie_de_mve_2021_nzerekore.pdf
Gouécké,Cas Suspects,2,2,2021-05-28,Guinée : Rapport de situation n°104 sur l'épidémie de la Maladie à Virus Ebola (MVE) - 28 Mai 2021 [FR],2021-05-28,104,https://www.humanitarianresponse.info/sites/www.humanitarianresponse.info/files/documents/files/sitrep_ndeg_104_epidemie_de_mve_2021_nzerekore.pdf
Soulouta,Cas Suspects,1,1,2021-05-28,Guinée : Rapport de situation n°104 sur l'épidémie de la Maladie à Virus Ebola (MVE) - 28 Mai 2021 [FR],2021-05-28,104,https://www.humanitarianresponse.info/sites/www.humanitarianresponse.info/files/documents/files/sitrep_ndeg_104_epidemie_de_mve_2021_nzerekore.pdf
Total,Cas Suspects,43,43,2021-05-28,Guinée : Rapport de situation n°104 sur l'épidémie de la Maladie à Virus Ebola (MVE) - 28 Mai 2021 [FR],2021-05-28,104,https://www.humanitarianresponse.info/sites/www.humanitarianresponse.info/files/documents/files/sitrep_ndeg_104_epidemie_de_mve_2021_nzerekore.pdf
CU de N’Zérékoré,Cas Confirmés,0,11,2021-05-29,Guinée : Rapport de situation n°105 sur l'épidémie de la Maladie à Virus Ebola (MVE) - 29 Mai 2021 [FR],2021-05-29,105,https://www.humanitarianresponse.info/sites/www.humanitarianresponse.info/files/documents/files/sitrep_ndeg_105_epidemie_de_mve_2021_nzerekore.pdf
Gouécké,Cas Confirmés,0,3,2021-05-29,Guinée : Rapport de situation n°105 sur l'épidémie de la Maladie à Virus Ebola (MVE) - 29 Mai 2021 [FR],2021-05-29,105,https://www.humanitarianresponse.info/sites/www.humanitarianresponse.info/files/documents/files/sitrep_ndeg_105_epidemie_de_mve_2021_nzerekore.pdf
Soulouta,Cas Confirmés,0,2,2021-05-29,Guinée : Rapport de situation n°105 sur l'épidémie de la Maladie à Virus Ebola (MVE) - 29 Mai 2021 [FR],2021-05-29,105,https://www.humanitarianresponse.info/sites/www.humanitarianresponse.info/files/documents/files/sitrep_ndeg_105_epidemie_de_mve_2021_nzerekore.pdf
Total,Cas Confirmés,0,16,2021-05-29,Guinée : Rapport de situation n°105 sur l'épidémie de la Maladie à Virus Ebola (MVE) - 29 Mai 2021 [FR],2021-05-29,105,https://www.humanitarianresponse.info/sites/www.humanitarianresponse.info/files/documents/files/sitrep_ndeg_105_epidemie_de_mve_2021_nzerekore.pdf
CU de N’Zérékoré,Cas Probables,0,4,2021-05-29,Guinée : Rapport de situation n°105 sur l'épidémie de la Maladie à Virus Ebola (MVE) - 29 Mai 2021 [FR],2021-05-29,105,https://www.humanitarianresponse.info/sites/www.humanitarianresponse.info/files/documents/files/sitrep_ndeg_105_epidemie_de_mve_2021_nzerekore.pdf
Gouécké,Cas Probables,0,0,2021-05-29,Guinée : Rapport de situation n°105 sur l'épidémie de la Maladie à Virus Ebola (MVE) - 29 Mai 2021 [FR],2021-05-29,105,https://www.humanitarianresponse.info/sites/www.humanitarianresponse.info/files/documents/files/sitrep_ndeg_105_epidemie_de_mve_2021_nzerekore.pdf
Soulouta,Cas Probables,0,3,2021-05-29,Guinée : Rapport de situation n°105 sur l'épidémie de la Maladie à Virus Ebola (MVE) - 29 Mai 2021 [FR],2021-05-29,105,https://www.humanitarianresponse.info/sites/www.humanitarianresponse.info/files/documents/files/sitrep_ndeg_105_epidemie_de_mve_2021_nzerekore.pdf
Total,Cas Probables,0,7,2021-05-29,Guinée : Rapport de situation n°105 sur l'épidémie de la Maladie à Virus Ebola (MVE) - 29 Mai 2021 [FR],2021-05-29,105,https://www.humanitarianresponse.info/sites/www.humanitarianresponse.info/files/documents/files/sitrep_ndeg_105_epidemie_de_mve_2021_nzerekore.pdf
CU de N’Zérékoré,Cas Suspects,35,35,2021-05-29,Guinée : Rapport de situation n°105 sur l'épidémie de la Maladie à Virus Ebola (MVE) - 29 Mai 2021 [FR],2021-05-29,105,https://www.humanitarianresponse.info/sites/www.humanitarianresponse.info/files/documents/files/sitrep_ndeg_105_epidemie_de_mve_2021_nzerekore.pdf
Gouécké,Cas Suspects,7,7,2021-05-29,Guinée : Rapport de situation n°105 sur l'épidémie de la Maladie à Virus Ebola (MVE) - 29 Mai 2021 [FR],2021-05-29,105,https://www.humanitarianresponse.info/sites/www.humanitarianresponse.info/files/documents/files/sitrep_ndeg_105_epidemie_de_mve_2021_nzerekore.pdf
Soulouta,Cas Suspects,3,3,2021-05-29,Guinée : Rapport de situation n°105 sur l'épidémie de la Maladie à Virus Ebola (MVE) - 29 Mai 2021 [FR],2021-05-29,105,https://www.humanitarianresponse.info/sites/www.humanitarianresponse.info/files/documents/files/sitrep_ndeg_105_epidemie_de_mve_2021_nzerekore.pdf
Total,Cas Suspects,45,45,2021-05-29,Guinée : Rapport de situation n°105 sur l'épidémie de la Maladie à Virus Ebola (MVE) - 29 Mai 2021 [FR],2021-05-29,105,https://www.humanitarianresponse.info/sites/www.humanitarianresponse.info/files/documents/files/sitrep_ndeg_105_epidemie_de_mve_2021_nzerekore.pdf
CU de N’Zérékoré,Cas Confirmés,0,11,2021-05-30,Guinée : Rapport de situation n°106 sur l'épidémie de la Maladie à Virus Ebola (MVE) - 30 Mai 2021 [FR],2021-05-30,106,https://www.humanitarianresponse.info/sites/www.humanitarianresponse.info/files/documents/files/sitrep_ndeg_106_epidemie_de_mve_2021_nzerekore.pdf
Gouécké,Cas Confirmés,0,3,2021-05-30,Guinée : Rapport de situation n°106 sur l'épidémie de la Maladie à Virus Ebola (MVE) - 30 Mai 2021 [FR],2021-05-30,106,https://www.humanitarianresponse.info/sites/www.humanitarianresponse.info/files/documents/files/sitrep_ndeg_106_epidemie_de_mve_2021_nzerekore.pdf
Soulouta,Cas Confirmés,0,2,2021-05-30,Guinée : Rapport de situation n°106 sur l'épidémie de la Maladie à Virus Ebola (MVE) - 30 Mai 2021 [FR],2021-05-30,106,https://www.humanitarianresponse.info/sites/www.humanitarianresponse.info/files/documents/files/sitrep_ndeg_106_epidemie_de_mve_2021_nzerekore.pdf
Total,Cas Confirmés,0,16,2021-05-30,Guinée : Rapport de situation n°106 sur l'épidémie de la Maladie à Virus Ebola (MVE) - 30 Mai 2021 [FR],2021-05-30,106,https://www.humanitarianresponse.info/sites/www.humanitarianresponse.info/files/documents/files/sitrep_ndeg_106_epidemie_de_mve_2021_nzerekore.pdf
CU de N’Zérékoré,Cas Probables,0,4,2021-05-30,Guinée : Rapport de situation n°106 sur l'épidémie de la Maladie à Virus Ebola (MVE) - 30 Mai 2021 [FR],2021-05-30,106,https://www.humanitarianresponse.info/sites/www.humanitarianresponse.info/files/documents/files/sitrep_ndeg_106_epidemie_de_mve_2021_nzerekore.pdf
Gouécké,Cas Probables,0,0,2021-05-30,Guinée : Rapport de situation n°106 sur l'épidémie de la Maladie à Virus Ebola (MVE) - 30 Mai 2021 [FR],2021-05-30,106,https://www.humanitarianresponse.info/sites/www.humanitarianresponse.info/files/documents/files/sitrep_ndeg_106_epidemie_de_mve_2021_nzerekore.pdf
Soulouta,Cas Probables,0,3,2021-05-30,Guinée : Rapport de situation n°106 sur l'épidémie de la Maladie à Virus Ebola (MVE) - 30 Mai 2021 [FR],2021-05-30,106,https://www.humanitarianresponse.info/sites/www.humanitarianresponse.info/files/documents/files/sitrep_ndeg_106_epidemie_de_mve_2021_nzerekore.pdf
Total,Cas Probables,0,7,2021-05-30,Guinée : Rapport de situation n°106 sur l'épidémie de la Maladie à Virus Ebola (MVE) - 30 Mai 2021 [FR],2021-05-30,106,https://www.humanitarianresponse.info/sites/www.humanitarianresponse.info/files/documents/files/sitrep_ndeg_106_epidemie_de_mve_2021_nzerekore.pdf
CU de N’Zérékoré,Cas Suspects,15,15,2021-05-30,Guinée : Rapport de situation n°106 sur l'épidémie de la Maladie à Virus Ebola (MVE) - 30 Mai 2021 [FR],2021-05-30,106,https://www.humanitarianresponse.info/sites/www.humanitarianresponse.info/files/documents/files/sitrep_ndeg_106_epidemie_de_mve_2021_nzerekore.pdf
Gouécké,Cas Suspects,1,1,2021-05-30,Guinée : Rapport de situation n°106 sur l'épidémie de la Maladie à Virus Ebola (MVE) - 30 Mai 2021 [FR],2021-05-30,106,https://www.humanitarianresponse.info/sites/www.humanitarianresponse.info/files/documents/files/sitrep_ndeg_106_epidemie_de_mve_2021_nzerekore.pdf
Soulouta,Cas Suspects,3,3,2021-05-30,Guinée : Rapport de situation n°106 sur l'épidémie de la Maladie à Virus Ebola (MVE) - 30 Mai 2021 [FR],2021-05-30,106,https://www.humanitarianresponse.info/sites/www.humanitarianresponse.info/files/documents/files/sitrep_ndeg_106_epidemie_de_mve_2021_nzerekore.pdf
Total,Cas Suspects,19,19,2021-05-30,Guinée : Rapport de situation n°106 sur l'épidémie de la Maladie à Virus Ebola (MVE) - 30 Mai 2021 [FR],2021-05-30,106,https://www.humanitarianresponse.info/sites/www.humanitarianresponse.info/files/documents/files/sitrep_ndeg_106_epidemie_de_mve_2021_nzerekore.pdf
CU de N’Zérékoré,Cas Confirmés,0,11,2021-05-31,Guinée : Rapport de situation n°107 sur l'épidémie de la Maladie à Virus Ebola (MVE) - 31 Mai 2021 [FR],2021-05-31,107,https://www.humanitarianresponse.info/sites/www.humanitarianresponse.info/files/documents/files/sitrep_ndeg_107_epidemie_de_mve_2021_nzerekore.pdf
Gouécké,Cas Confirmés,0,3,2021-05-31,Guinée : Rapport de situation n°107 sur l'épidémie de la Maladie à Virus Ebola (MVE) - 31 Mai 2021 [FR],2021-05-31,107,https://www.humanitarianresponse.info/sites/www.humanitarianresponse.info/files/documents/files/sitrep_ndeg_107_epidemie_de_mve_2021_nzerekore.pdf
Soulouta,Cas Confirmés,0,2,2021-05-31,Guinée : Rapport de situation n°107 sur l'épidémie de la Maladie à Virus Ebola (MVE) - 31 Mai 2021 [FR],2021-05-31,107,https://www.humanitarianresponse.info/sites/www.humanitarianresponse.info/files/documents/files/sitrep_ndeg_107_epidemie_de_mve_2021_nzerekore.pdf
Total,Cas Confirmés,0,16,2021-05-31,Guinée : Rapport de situation n°107 sur l'épidémie de la Maladie à Virus Ebola (MVE) - 31 Mai 2021 [FR],2021-05-31,107,https://www.humanitarianresponse.info/sites/www.humanitarianresponse.info/files/documents/files/sitrep_ndeg_107_epidemie_de_mve_2021_nzerekore.pdf
CU de N’Zérékoré,Cas Probables,0,4,2021-05-31,Guinée : Rapport de situation n°107 sur l'épidémie de la Maladie à Virus Ebola (MVE) - 31 Mai 2021 [FR],2021-05-31,107,https://www.humanitarianresponse.info/sites/www.humanitarianresponse.info/files/documents/files/sitrep_ndeg_107_epidemie_de_mve_2021_nzerekore.pdf
Gouécké,Cas Probables,0,0,2021-05-31,Guinée : Rapport de situation n°107 sur l'épidémie de la Maladie à Virus Ebola (MVE) - 31 Mai 2021 [FR],2021-05-31,107,https://www.humanitarianresponse.info/sites/www.humanitarianresponse.info/files/documents/files/sitrep_ndeg_107_epidemie_de_mve_2021_nzerekore.pdf
Soulouta,Cas Probables,0,3,2021-05-31,Guinée : Rapport de situation n°107 sur l'épidémie de la Maladie à Virus Ebola (MVE) - 31 Mai 2021 [FR],2021-05-31,107,https://www.humanitarianresponse.info/sites/www.humanitarianresponse.info/files/documents/files/sitrep_ndeg_107_epidemie_de_mve_2021_nzerekore.pdf
Total,Cas Probables,0,7,2021-05-31,Guinée : Rapport de situation n°107 sur l'épidémie de la Maladie à Virus Ebola (MVE) - 31 Mai 2021 [FR],2021-05-31,107,https://www.humanitarianresponse.info/sites/www.humanitarianresponse.info/files/documents/files/sitrep_ndeg_107_epidemie_de_mve_2021_nzerekore.pdf
CU de N’Zérékoré,Cas Suspects,45,45,2021-05-31,Guinée : Rapport de situation n°107 sur l'épidémie de la Maladie à Virus Ebola (MVE) - 31 Mai 2021 [FR],2021-05-31,107,https://www.humanitarianresponse.info/sites/www.humanitarianresponse.info/files/documents/files/sitrep_ndeg_107_epidemie_de_mve_2021_nzerekore.pdf
Gouécké,Cas Suspects,5,5,2021-05-31,Guinée : Rapport de situation n°107 sur l'épidémie de la Maladie à Virus Ebola (MVE) - 31 Mai 2021 [FR],2021-05-31,107,https://www.humanitarianresponse.info/sites/www.humanitarianresponse.info/files/documents/files/sitrep_ndeg_107_epidemie_de_mve_2021_nzerekore.pdf
Soulouta,Cas Suspects,0,0,2021-05-31,Guinée : Rapport de situation n°107 sur l'épidémie de la Maladie à Virus Ebola (MVE) - 31 Mai 2021 [FR],2021-05-31,107,https://www.humanitarianresponse.info/sites/www.humanitarianresponse.info/files/documents/files/sitrep_ndeg_107_epidemie_de_mve_2021_nzerekore.pdf
Total,Cas Suspects,50,50,2021-05-31,Guinée : Rapport de situation n°107 sur l'épidémie de la Maladie à Virus Ebola (MVE) - 31 Mai 2021 [FR],2021-05-31,107,https://www.humanitarianresponse.info/sites/www.humanitarianresponse.info/files/documents/files/sitrep_ndeg_107_epidemie_de_mve_2021_nzerekore.pdf
CU de N’Zérékoré,Cas Confirmés,0,11,2021-06-01,Guinée : Rapport de situation n°108 sur l'épidémie de la Maladie à Virus Ebola (MVE) - 01 Juin 2021 [FR],2021-06-01,108,https://www.humanitarianresponse.info/sites/www.humanitarianresponse.info/files/documents/files/sitrep_ndeg_108_epidemie_de_mve_2021_nzerekore_-_copie.pdf
Gouécké,Cas Confirmés,0,3,2021-06-01,Guinée : Rapport de situation n°108 sur l'épidémie de la Maladie à Virus Ebola (MVE) - 01 Juin 2021 [FR],2021-06-01,108,https://www.humanitarianresponse.info/sites/www.humanitarianresponse.info/files/documents/files/sitrep_ndeg_108_epidemie_de_mve_2021_nzerekore_-_copie.pdf
Soulouta,Cas Confirmés,0,2,2021-06-01,Guinée : Rapport de situation n°108 sur l'épidémie de la Maladie à Virus Ebola (MVE) - 01 Juin 2021 [FR],2021-06-01,108,https://www.humanitarianresponse.info/sites/www.humanitarianresponse.info/files/documents/files/sitrep_ndeg_108_epidemie_de_mve_2021_nzerekore_-_copie.pdf
Total,Cas Confirmés,0,16,2021-06-01,Guinée : Rapport de situation n°108 sur l'épidémie de la Maladie à Virus Ebola (MVE) - 01 Juin 2021 [FR],2021-06-01,108,https://www.humanitarianresponse.info/sites/www.humanitarianresponse.info/files/documents/files/sitrep_ndeg_108_epidemie_de_mve_2021_nzerekore_-_copie.pdf
CU de N’Zérékoré,Cas Probables,0,4,2021-06-01,Guinée : Rapport de situation n°108 sur l'épidémie de la Maladie à Virus Ebola (MVE) - 01 Juin 2021 [FR],2021-06-01,108,https://www.humanitarianresponse.info/sites/www.humanitarianresponse.info/files/documents/files/sitrep_ndeg_108_epidemie_de_mve_2021_nzerekore_-_copie.pdf
Gouécké,Cas Probables,0,0,2021-06-01,Guinée : Rapport de situation n°108 sur l'épidémie de la Maladie à Virus Ebola (MVE) - 01 Juin 2021 [FR],2021-06-01,108,https://www.humanitarianresponse.info/sites/www.humanitarianresponse.info/files/documents/files/sitrep_ndeg_108_epidemie_de_mve_2021_nzerekore_-_copie.pdf
Soulouta,Cas Probables,0,3,2021-06-01,Guinée : Rapport de situation n°108 sur l'épidémie de la Maladie à Virus Ebola (MVE) - 01 Juin 2021 [FR],2021-06-01,108,https://www.humanitarianresponse.info/sites/www.humanitarianresponse.info/files/documents/files/sitrep_ndeg_108_epidemie_de_mve_2021_nzerekore_-_copie.pdf
Total,Cas Probables,0,7,2021-06-01,Guinée : Rapport de situation n°108 sur l'épidémie de la Maladie à Virus Ebola (MVE) - 01 Juin 2021 [FR],2021-06-01,108,https://www.humanitarianresponse.info/sites/www.humanitarianresponse.info/files/documents/files/sitrep_ndeg_108_epidemie_de_mve_2021_nzerekore_-_copie.pdf
CU de N’Zérékoré,Cas Suspects,56,56,2021-06-01,Guinée : Rapport de situation n°108 sur l'épidémie de la Maladie à Virus Ebola (MVE) - 01 Juin 2021 [FR],2021-06-01,108,https://www.humanitarianresponse.info/sites/www.humanitarianresponse.info/files/documents/files/sitrep_ndeg_108_epidemie_de_mve_2021_nzerekore_-_copie.pdf
Gouécké,Cas Suspects,2,2,2021-06-01,Guinée : Rapport de situation n°108 sur l'épidémie de la Maladie à Virus Ebola (MVE) - 01 Juin 2021 [FR],2021-06-01,108,https://www.humanitarianresponse.info/sites/www.humanitarianresponse.info/files/documents/files/sitrep_ndeg_108_epidemie_de_mve_2021_nzerekore_-_copie.pdf
Soulouta,Cas Suspects,0,0,2021-06-01,Guinée : Rapport de situation n°108 sur l'épidémie de la Maladie à Virus Ebola (MVE) - 01 Juin 2021 [FR],2021-06-01,108,https://www.humanitarianresponse.info/sites/www.humanitarianresponse.info/files/documents/files/sitrep_ndeg_108_epidemie_de_mve_2021_nzerekore_-_copie.pdf
Total,Cas Suspects,58,58,2021-06-01,Guinée : Rapport de situation n°108 sur l'épidémie de la Maladie à Virus Ebola (MVE) - 01 Juin 2021 [FR],2021-06-01,108,https://www.humanitarianresponse.info/sites/www.humanitarianresponse.info/files/documents/files/sitrep_ndeg_108_epidemie_de_mve_2021_nzerekore_-_copie.pdf
CU de N’Zérékoré,Cas Confirmés,0,11,2021-06-02,Guinée : Rapport de situation n°109 sur l'épidémie de la Maladie à Virus Ebola (MVE) - 02 Juin 2021 [FR],2021-06-02,109,https://www.humanitarianresponse.info/sites/www.humanitarianresponse.info/files/documents/files/sitrep_ndeg_109_epidemie_de_mve_2021_nzerekore_-_copie.pdf
Gouécké,Cas Confirmés,0,3,2021-06-02,Guinée : Rapport de situation n°109 sur l'épidémie de la Maladie à Virus Ebola (MVE) - 02 Juin 2021 [FR],2021-06-02,109,https://www.humanitarianresponse.info/sites/www.humanitarianresponse.info/files/documents/files/sitrep_ndeg_109_epidemie_de_mve_2021_nzerekore_-_copie.pdf
Soulouta,Cas Confirmés,0,2,2021-06-02,Guinée : Rapport de situation n°109 sur l'épidémie de la Maladie à Virus Ebola (MVE) - 02 Juin 2021 [FR],2021-06-02,109,https://www.humanitarianresponse.info/sites/www.humanitarianresponse.info/files/documents/files/sitrep_ndeg_109_epidemie_de_mve_2021_nzerekore_-_copie.pdf
Total,Cas Confirmés,0,16,2021-06-02,Guinée : Rapport de situation n°109 sur l'épidémie de la Maladie à Virus Ebola (MVE) - 02 Juin 2021 [FR],2021-06-02,109,https://www.humanitarianresponse.info/sites/www.humanitarianresponse.info/files/documents/files/sitrep_ndeg_109_epidemie_de_mve_2021_nzerekore_-_copie.pdf
CU de N’Zérékoré,Cas Probables,0,4,2021-06-02,Guinée : Rapport de situation n°109 sur l'épidémie de la Maladie à Virus Ebola (MVE) - 02 Juin 2021 [FR],2021-06-02,109,https://www.humanitarianresponse.info/sites/www.humanitarianresponse.info/files/documents/files/sitrep_ndeg_109_epidemie_de_mve_2021_nzerekore_-_copie.pdf
Gouécké,Cas Probables,0,0,2021-06-02,Guinée : Rapport de situation n°109 sur l'épidémie de la Maladie à Virus Ebola (MVE) - 02 Juin 2021 [FR],2021-06-02,109,https://www.humanitarianresponse.info/sites/www.humanitarianresponse.info/files/documents/files/sitrep_ndeg_109_epidemie_de_mve_2021_nzerekore_-_copie.pdf
Soulouta,Cas Probables,0,3,2021-06-02,Guinée : Rapport de situation n°109 sur l'épidémie de la Maladie à Virus Ebola (MVE) - 02 Juin 2021 [FR],2021-06-02,109,https://www.humanitarianresponse.info/sites/www.humanitarianresponse.info/files/documents/files/sitrep_ndeg_109_epidemie_de_mve_2021_nzerekore_-_copie.pdf
Total,Cas Probables,0,7,2021-06-02,Guinée : Rapport de situation n°109 sur l'épidémie de la Maladie à Virus Ebola (MVE) - 02 Juin 2021 [FR],2021-06-02,109,https://www.humanitarianresponse.info/sites/www.humanitarianresponse.info/files/documents/files/sitrep_ndeg_109_epidemie_de_mve_2021_nzerekore_-_copie.pdf
CU de N’Zérékoré,Cas Suspects,41,41,2021-06-02,Guinée : Rapport de situation n°109 sur l'épidémie de la Maladie à Virus Ebola (MVE) - 02 Juin 2021 [FR],2021-06-02,109,https://www.humanitarianresponse.info/sites/www.humanitarianresponse.info/files/documents/files/sitrep_ndeg_109_epidemie_de_mve_2021_nzerekore_-_copie.pdf
Gouécké,Cas Suspects,4,4,2021-06-02,Guinée : Rapport de situation n°109 sur l'épidémie de la Maladie à Virus Ebola (MVE) - 02 Juin 2021 [FR],2021-06-02,109,https://www.humanitarianresponse.info/sites/www.humanitarianresponse.info/files/documents/files/sitrep_ndeg_109_epidemie_de_mve_2021_nzerekore_-_copie.pdf
Soulouta,Cas Suspects,0,0,2021-06-02,Guinée : Rapport de situation n°109 sur l'épidémie de la Maladie à Virus Ebola (MVE) - 02 Juin 2021 [FR],2021-06-02,109,https://www.humanitarianresponse.info/sites/www.humanitarianresponse.info/files/documents/files/sitrep_ndeg_109_epidemie_de_mve_2021_nzerekore_-_copie.pdf
Total,Cas Suspects,45,45,2021-06-02,Guinée : Rapport de situation n°109 sur l'épidémie de la Maladie à Virus Ebola (MVE) - 02 Juin 2021 [FR],2021-06-02,109,https://www.humanitarianresponse.info/sites/www.humanitarianresponse.info/files/documents/files/sitrep_ndeg_109_epidemie_de_mve_2021_nzerekore_-_copie.pdf
CU de N’Zérékoré,Cas Confirmés,0,11,2021-06-03,Guinée : Rapport de situation n°110 sur l'épidémie de la Maladie à Virus Ebola (MVE) - 03 Juin 2021 [FR],2021-06-03,110,https://www.humanitarianresponse.info/sites/www.humanitarianresponse.info/files/documents/files/sitrep_ndeg_110_epidemie_de_mve_2021_nzerekore_-_copie.pdf
Gouécké,Cas Confirmés,0,3,2021-06-03,Guinée : Rapport de situation n°110 sur l'épidémie de la Maladie à Virus Ebola (MVE) - 03 Juin 2021 [FR],2021-06-03,110,https://www.humanitarianresponse.info/sites/www.humanitarianresponse.info/files/documents/files/sitrep_ndeg_110_epidemie_de_mve_2021_nzerekore_-_copie.pdf
Soulouta,Cas Confirmés,0,2,2021-06-03,Guinée : Rapport de situation n°110 sur l'épidémie de la Maladie à Virus Ebola (MVE) - 03 Juin 2021 [FR],2021-06-03,110,https://www.humanitarianresponse.info/sites/www.humanitarianresponse.info/files/documents/files/sitrep_ndeg_110_epidemie_de_mve_2021_nzerekore_-_copie.pdf
Total,Cas Confirmés,0,16,2021-06-03,Guinée : Rapport de situation n°110 sur l'épidémie de la Maladie à Virus Ebola (MVE) - 03 Juin 2021 [FR],2021-06-03,110,https://www.humanitarianresponse.info/sites/www.humanitarianresponse.info/files/documents/files/sitrep_ndeg_110_epidemie_de_mve_2021_nzerekore_-_copie.pdf
CU de N’Zérékoré,Cas Probables,0,4,2021-06-03,Guinée : Rapport de situation n°110 sur l'épidémie de la Maladie à Virus Ebola (MVE) - 03 Juin 2021 [FR],2021-06-03,110,https://www.humanitarianresponse.info/sites/www.humanitarianresponse.info/files/documents/files/sitrep_ndeg_110_epidemie_de_mve_2021_nzerekore_-_copie.pdf
Gouécké,Cas Probables,0,0,2021-06-03,Guinée : Rapport de situation n°110 sur l'épidémie de la Maladie à Virus Ebola (MVE) - 03 Juin 2021 [FR],2021-06-03,110,https://www.humanitarianresponse.info/sites/www.humanitarianresponse.info/files/documents/files/sitrep_ndeg_110_epidemie_de_mve_2021_nzerekore_-_copie.pdf
Soulouta,Cas Probables,0,3,2021-06-03,Guinée : Rapport de situation n°110 sur l'épidémie de la Maladie à Virus Ebola (MVE) - 03 Juin 2021 [FR],2021-06-03,110,https://www.humanitarianresponse.info/sites/www.humanitarianresponse.info/files/documents/files/sitrep_ndeg_110_epidemie_de_mve_2021_nzerekore_-_copie.pdf
Total,Cas Probables,0,7,2021-06-03,Guinée : Rapport de situation n°110 sur l'épidémie de la Maladie à Virus Ebola (MVE) - 03 Juin 2021 [FR],2021-06-03,110,https://www.humanitarianresponse.info/sites/www.humanitarianresponse.info/files/documents/files/sitrep_ndeg_110_epidemie_de_mve_2021_nzerekore_-_copie.pdf
CU de N’Zérékoré,Cas Suspects,37,37,2021-06-03,Guinée : Rapport de situation n°110 sur l'épidémie de la Maladie à Virus Ebola (MVE) - 03 Juin 2021 [FR],2021-06-03,110,https://www.humanitarianresponse.info/sites/www.humanitarianresponse.info/files/documents/files/sitrep_ndeg_110_epidemie_de_mve_2021_nzerekore_-_copie.pdf
Gouécké,Cas Suspects,1,1,2021-06-03,Guinée : Rapport de situation n°110 sur l'épidémie de la Maladie à Virus Ebola (MVE) - 03 Juin 2021 [FR],2021-06-03,110,https://www.humanitarianresponse.info/sites/www.humanitarianresponse.info/files/documents/files/sitrep_ndeg_110_epidemie_de_mve_2021_nzerekore_-_copie.pdf
Soulouta,Cas Suspects,0,0,2021-06-03,Guinée : Rapport de situation n°110 sur l'épidémie de la Maladie à Virus Ebola (MVE) - 03 Juin 2021 [FR],2021-06-03,110,https://www.humanitarianresponse.info/sites/www.humanitarianresponse.info/files/documents/files/sitrep_ndeg_110_epidemie_de_mve_2021_nzerekore_-_copie.pdf
Total,Cas Suspects,38,38,2021-06-03,Guinée : Rapport de situation n°110 sur l'épidémie de la Maladie à Virus Ebola (MVE) - 03 Juin 2021 [FR],2021-06-03,110,https://www.humanitarianresponse.info/sites/www.humanitarianresponse.info/files/documents/files/sitrep_ndeg_110_epidemie_de_mve_2021_nzerekore_-_copie.pdf
CU de N’Zérékoré,Cas Confirmés,0,11,2021-06-04,Guinée : Rapport de situation n°111 sur l'épidémie de la Maladie à Virus Ebola (MVE) - 04 Juin 2021 [FR],2021-06-04,111,https://www.humanitarianresponse.info/sites/www.humanitarianresponse.info/files/documents/files/sitrep_ndeg_111_epidemie_de_mve_2021_nzerekore.pdf
Gouécké,Cas Confirmés,0,3,2021-06-04,Guinée : Rapport de situation n°111 sur l'épidémie de la Maladie à Virus Ebola (MVE) - 04 Juin 2021 [FR],2021-06-04,111,https://www.humanitarianresponse.info/sites/www.humanitarianresponse.info/files/documents/files/sitrep_ndeg_111_epidemie_de_mve_2021_nzerekore.pdf
Soulouta,Cas Confirmés,0,2,2021-06-04,Guinée : Rapport de situation n°111 sur l'épidémie de la Maladie à Virus Ebola (MVE) - 04 Juin 2021 [FR],2021-06-04,111,https://www.humanitarianresponse.info/sites/www.humanitarianresponse.info/files/documents/files/sitrep_ndeg_111_epidemie_de_mve_2021_nzerekore.pdf
Total,Cas Confirmés,0,16,2021-06-04,Guinée : Rapport de situation n°111 sur l'épidémie de la Maladie à Virus Ebola (MVE) - 04 Juin 2021 [FR],2021-06-04,111,https://www.humanitarianresponse.info/sites/www.humanitarianresponse.info/files/documents/files/sitrep_ndeg_111_epidemie_de_mve_2021_nzerekore.pdf
CU de N’Zérékoré,Cas Probables,0,4,2021-06-04,Guinée : Rapport de situation n°111 sur l'épidémie de la Maladie à Virus Ebola (MVE) - 04 Juin 2021 [FR],2021-06-04,111,https://www.humanitarianresponse.info/sites/www.humanitarianresponse.info/files/documents/files/sitrep_ndeg_111_epidemie_de_mve_2021_nzerekore.pdf
Gouécké,Cas Probables,0,0,2021-06-04,Guinée : Rapport de situation n°111 sur l'épidémie de la Maladie à Virus Ebola (MVE) - 04 Juin 2021 [FR],2021-06-04,111,https://www.humanitarianresponse.info/sites/www.humanitarianresponse.info/files/documents/files/sitrep_ndeg_111_epidemie_de_mve_2021_nzerekore.pdf
Soulouta,Cas Probables,0,3,2021-06-04,Guinée : Rapport de situation n°111 sur l'épidémie de la Maladie à Virus Ebola (MVE) - 04 Juin 2021 [FR],2021-06-04,111,https://www.humanitarianresponse.info/sites/www.humanitarianresponse.info/files/documents/files/sitrep_ndeg_111_epidemie_de_mve_2021_nzerekore.pdf
Total,Cas Probables,0,7,2021-06-04,Guinée : Rapport de situation n°111 sur l'épidémie de la Maladie à Virus Ebola (MVE) - 04 Juin 2021 [FR],2021-06-04,111,https://www.humanitarianresponse.info/sites/www.humanitarianresponse.info/files/documents/files/sitrep_ndeg_111_epidemie_de_mve_2021_nzerekore.pdf
CU de N’Zérékoré,Cas Suspects,51,51,2021-06-04,Guinée : Rapport de situation n°111 sur l'épidémie de la Maladie à Virus Ebola (MVE) - 04 Juin 2021 [FR],2021-06-04,111,https://www.humanitarianresponse.info/sites/www.humanitarianresponse.info/files/documents/files/sitrep_ndeg_111_epidemie_de_mve_2021_nzerekore.pdf
Gouécké,Cas Suspects,3,3,2021-06-04,Guinée : Rapport de situation n°111 sur l'épidémie de la Maladie à Virus Ebola (MVE) - 04 Juin 2021 [FR],2021-06-04,111,https://www.humanitarianresponse.info/sites/www.humanitarianresponse.info/files/documents/files/sitrep_ndeg_111_epidemie_de_mve_2021_nzerekore.pdf
Soulouta,Cas Suspects,4,4,2021-06-04,Guinée : Rapport de situation n°111 sur l'épidémie de la Maladie à Virus Ebola (MVE) - 04 Juin 2021 [FR],2021-06-04,111,https://www.humanitarianresponse.info/sites/www.humanitarianresponse.info/files/documents/files/sitrep_ndeg_111_epidemie_de_mve_2021_nzerekore.pdf
Total,Cas Suspects,58,58,2021-06-04,Guinée : Rapport de situation n°111 sur l'épidémie de la Maladie à Virus Ebola (MVE) - 04 Juin 2021 [FR],2021-06-04,111,https://www.humanitarianresponse.info/sites/www.humanitarianresponse.info/files/documents/files/sitrep_ndeg_111_epidemie_de_mve_2021_nzerekore.pdf
CU de N’Zérékoré,Cas Confirmés,0,11,2021-06-05,Guinée : Rapport de situation n°112 sur l'épidémie de la Maladie à Virus Ebola (MVE) - 05 Juin 2021 [FR],2021-06-05,112,https://www.humanitarianresponse.info/sites/www.humanitarianresponse.info/files/documents/files/sitrep_ndeg_112_epidemie_de_mve_2021_nzerekore.pdf
Gouécké,Cas Confirmés,0,3,2021-06-05,Guinée : Rapport de situation n°112 sur l'épidémie de la Maladie à Virus Ebola (MVE) - 05 Juin 2021 [FR],2021-06-05,112,https://www.humanitarianresponse.info/sites/www.humanitarianresponse.info/files/documents/files/sitrep_ndeg_112_epidemie_de_mve_2021_nzerekore.pdf
Soulouta,Cas Confirmés,0,2,2021-06-05,Guinée : Rapport de situation n°112 sur l'épidémie de la Maladie à Virus Ebola (MVE) - 05 Juin 2021 [FR],2021-06-05,112,https://www.humanitarianresponse.info/sites/www.humanitarianresponse.info/files/documents/files/sitrep_ndeg_112_epidemie_de_mve_2021_nzerekore.pdf
Total,Cas Confirmés,0,16,2021-06-05,Guinée : Rapport de situation n°112 sur l'épidémie de la Maladie à Virus Ebola (MVE) - 05 Juin 2021 [FR],2021-06-05,112,https://www.humanitarianresponse.info/sites/www.humanitarianresponse.info/files/documents/files/sitrep_ndeg_112_epidemie_de_mve_2021_nzerekore.pdf
CU de N’Zérékoré,Cas Probables,0,4,2021-06-05,Guinée : Rapport de situation n°112 sur l'épidémie de la Maladie à Virus Ebola (MVE) - 05 Juin 2021 [FR],2021-06-05,112,https://www.humanitarianresponse.info/sites/www.humanitarianresponse.info/files/documents/files/sitrep_ndeg_112_epidemie_de_mve_2021_nzerekore.pdf
Gouécké,Cas Probables,0,0,2021-06-05,Guinée : Rapport de situation n°112 sur l'épidémie de la Maladie à Virus Ebola (MVE) - 05 Juin 2021 [FR],2021-06-05,112,https://www.humanitarianresponse.info/sites/www.humanitarianresponse.info/files/documents/files/sitrep_ndeg_112_epidemie_de_mve_2021_nzerekore.pdf
Soulouta,Cas Probables,0,3,2021-06-05,Guinée : Rapport de situation n°112 sur l'épidémie de la Maladie à Virus Ebola (MVE) - 05 Juin 2021 [FR],2021-06-05,112,https://www.humanitarianresponse.info/sites/www.humanitarianresponse.info/files/documents/files/sitrep_ndeg_112_epidemie_de_mve_2021_nzerekore.pdf
Total,Cas Probables,0,7,2021-06-05,Guinée : Rapport de situation n°112 sur l'épidémie de la Maladie à Virus Ebola (MVE) - 05 Juin 2021 [FR],2021-06-05,112,https://www.humanitarianresponse.info/sites/www.humanitarianresponse.info/files/documents/files/sitrep_ndeg_112_epidemie_de_mve_2021_nzerekore.pdf
CU de N’Zérékoré,Cas Suspects,46,46,2021-06-05,Guinée : Rapport de situation n°112 sur l'épidémie de la Maladie à Virus Ebola (MVE) - 05 Juin 2021 [FR],2021-06-05,112,https://www.humanitarianresponse.info/sites/www.humanitarianresponse.info/files/documents/files/sitrep_ndeg_112_epidemie_de_mve_2021_nzerekore.pdf
Gouécké,Cas Suspects,5,5,2021-06-05,Guinée : Rapport de situation n°112 sur l'épidémie de la Maladie à Virus Ebola (MVE) - 05 Juin 2021 [FR],2021-06-05,112,https://www.humanitarianresponse.info/sites/www.humanitarianresponse.info/files/documents/files/sitrep_ndeg_112_epidemie_de_mve_2021_nzerekore.pdf
Soulouta,Cas Suspects,0,0,2021-06-05,Guinée : Rapport de situation n°112 sur l'épidémie de la Maladie à Virus Ebola (MVE) - 05 Juin 2021 [FR],2021-06-05,112,https://www.humanitarianresponse.info/sites/www.humanitarianresponse.info/files/documents/files/sitrep_ndeg_112_epidemie_de_mve_2021_nzerekore.pdf
Total,Cas Suspects,51,51,2021-06-05,Guinée : Rapport de situation n°112 sur l'épidémie de la Maladie à Virus Ebola (MVE) - 05 Juin 2021 [FR],2021-06-05,112,https://www.humanitarianresponse.info/sites/www.humanitarianresponse.info/files/documents/files/sitrep_ndeg_112_epidemie_de_mve_2021_nzerekore.pdf
CU de N’Zérékoré,Cas Confirmés,0,11,2021-06-06,Guinée : Rapport de situation n°113 sur l'épidémie de la Maladie à Virus Ebola (MVE) - 06 Juin 2021 [FR],2021-06-06,113,https://www.humanitarianresponse.info/sites/www.humanitarianresponse.info/files/documents/files/sitrep_ndeg_113_epidemie_de_mve_2021_nzerekore.pdf
Gouécké,Cas Confirmés,0,3,2021-06-06,Guinée : Rapport de situation n°113 sur l'épidémie de la Maladie à Virus Ebola (MVE) - 06 Juin 2021 [FR],2021-06-06,113,https://www.humanitarianresponse.info/sites/www.humanitarianresponse.info/files/documents/files/sitrep_ndeg_113_epidemie_de_mve_2021_nzerekore.pdf
Soulouta,Cas Confirmés,0,2,2021-06-06,Guinée : Rapport de situation n°113 sur l'épidémie de la Maladie à Virus Ebola (MVE) - 06 Juin 2021 [FR],2021-06-06,113,https://www.humanitarianresponse.info/sites/www.humanitarianresponse.info/files/documents/files/sitrep_ndeg_113_epidemie_de_mve_2021_nzerekore.pdf
Total,Cas Confirmés,0,16,2021-06-06,Guinée : Rapport de situation n°113 sur l'épidémie de la Maladie à Virus Ebola (MVE) - 06 Juin 2021 [FR],2021-06-06,113,https://www.humanitarianresponse.info/sites/www.humanitarianresponse.info/files/documents/files/sitrep_ndeg_113_epidemie_de_mve_2021_nzerekore.pdf
CU de N’Zérékoré,Cas Probables,0,4,2021-06-06,Guinée : Rapport de situation n°113 sur l'épidémie de la Maladie à Virus Ebola (MVE) - 06 Juin 2021 [FR],2021-06-06,113,https://www.humanitarianresponse.info/sites/www.humanitarianresponse.info/files/documents/files/sitrep_ndeg_113_epidemie_de_mve_2021_nzerekore.pdf
Gouécké,Cas Probables,0,0,2021-06-06,Guinée : Rapport de situation n°113 sur l'épidémie de la Maladie à Virus Ebola (MVE) - 06 Juin 2021 [FR],2021-06-06,113,https://www.humanitarianresponse.info/sites/www.humanitarianresponse.info/files/documents/files/sitrep_ndeg_113_epidemie_de_mve_2021_nzerekore.pdf
Soulouta,Cas Probables,0,3,2021-06-06,Guinée : Rapport de situation n°113 sur l'épidémie de la Maladie à Virus Ebola (MVE) - 06 Juin 2021 [FR],2021-06-06,113,https://www.humanitarianresponse.info/sites/www.humanitarianresponse.info/files/documents/files/sitrep_ndeg_113_epidemie_de_mve_2021_nzerekore.pdf
Total,Cas Probables,0,7,2021-06-06,Guinée : Rapport de situation n°113 sur l'épidémie de la Maladie à Virus Ebola (MVE) - 06 Juin 2021 [FR],2021-06-06,113,https://www.humanitarianresponse.info/sites/www.humanitarianresponse.info/files/documents/files/sitrep_ndeg_113_epidemie_de_mve_2021_nzerekore.pdf
CU de N’Zérékoré,Cas Suspects,11,11,2021-06-06,Guinée : Rapport de situation n°113 sur l'épidémie de la Maladie à Virus Ebola (MVE) - 06 Juin 2021 [FR],2021-06-06,113,https://www.humanitarianresponse.info/sites/www.humanitarianresponse.info/files/documents/files/sitrep_ndeg_113_epidemie_de_mve_2021_nzerekore.pdf
Gouécké,Cas Suspects,2,2,2021-06-06,Guinée : Rapport de situation n°113 sur l'épidémie de la Maladie à Virus Ebola (MVE) - 06 Juin 2021 [FR],2021-06-06,113,https://www.humanitarianresponse.info/sites/www.humanitarianresponse.info/files/documents/files/sitrep_ndeg_113_epidemie_de_mve_2021_nzerekore.pdf
Soulouta,Cas Suspects,1,1,2021-06-06,Guinée : Rapport de situation n°113 sur l'épidémie de la Maladie à Virus Ebola (MVE) - 06 Juin 2021 [FR],2021-06-06,113,https://www.humanitarianresponse.info/sites/www.humanitarianresponse.info/files/documents/files/sitrep_ndeg_113_epidemie_de_mve_2021_nzerekore.pdf
Total,Cas Suspects,14,14,2021-06-06,Guinée : Rapport de situation n°113 sur l'épidémie de la Maladie à Virus Ebola (MVE) - 06 Juin 2021 [FR],2021-06-06,113,https://www.humanitarianresponse.info/sites/www.humanitarianresponse.info/files/documents/files/sitrep_ndeg_113_epidemie_de_mve_2021_nzerekore.pdf
CU de N’Zérékoré,Cas Confirmés,0,11,2021-06-07,Guinée : Rapport de situation n°114 sur l'épidémie de la Maladie à Virus Ebola (MVE) - 07 Juin 2021 [FR],2021-06-07,114,https://www.humanitarianresponse.info/sites/www.humanitarianresponse.info/files/documents/files/sitrep_ndeg_114_epidemie_de_mve_2021_nzerekore.pdf
Gouécké,Cas Confirmés,0,3,2021-06-07,Guinée : Rapport de situation n°114 sur l'épidémie de la Maladie à Virus Ebola (MVE) - 07 Juin 2021 [FR],2021-06-07,114,https://www.humanitarianresponse.info/sites/www.humanitarianresponse.info/files/documents/files/sitrep_ndeg_114_epidemie_de_mve_2021_nzerekore.pdf
Soulouta,Cas Confirmés,0,2,2021-06-07,Guinée : Rapport de situation n°114 sur l'épidémie de la Maladie à Virus Ebola (MVE) - 07 Juin 2021 [FR],2021-06-07,114,https://www.humanitarianresponse.info/sites/www.humanitarianresponse.info/files/documents/files/sitrep_ndeg_114_epidemie_de_mve_2021_nzerekore.pdf
Total,Cas Confirmés,0,16,2021-06-07,Guinée : Rapport de situation n°114 sur l'épidémie de la Maladie à Virus Ebola (MVE) - 07 Juin 2021 [FR],2021-06-07,114,https://www.humanitarianresponse.info/sites/www.humanitarianresponse.info/files/documents/files/sitrep_ndeg_114_epidemie_de_mve_2021_nzerekore.pdf
CU de N’Zérékoré,Cas Probables,0,4,2021-06-07,Guinée : Rapport de situation n°114 sur l'épidémie de la Maladie à Virus Ebola (MVE) - 07 Juin 2021 [FR],2021-06-07,114,https://www.humanitarianresponse.info/sites/www.humanitarianresponse.info/files/documents/files/sitrep_ndeg_114_epidemie_de_mve_2021_nzerekore.pdf
Gouécké,Cas Probables,0,0,2021-06-07,Guinée : Rapport de situation n°114 sur l'épidémie de la Maladie à Virus Ebola (MVE) - 07 Juin 2021 [FR],2021-06-07,114,https://www.humanitarianresponse.info/sites/www.humanitarianresponse.info/files/documents/files/sitrep_ndeg_114_epidemie_de_mve_2021_nzerekore.pdf
Soulouta,Cas Probables,0,3,2021-06-07,Guinée : Rapport de situation n°114 sur l'épidémie de la Maladie à Virus Ebola (MVE) - 07 Juin 2021 [FR],2021-06-07,114,https://www.humanitarianresponse.info/sites/www.humanitarianresponse.info/files/documents/files/sitrep_ndeg_114_epidemie_de_mve_2021_nzerekore.pdf
Total,Cas Probables,0,7,2021-06-07,Guinée : Rapport de situation n°114 sur l'épidémie de la Maladie à Virus Ebola (MVE) - 07 Juin 2021 [FR],2021-06-07,114,https://www.humanitarianresponse.info/sites/www.humanitarianresponse.info/files/documents/files/sitrep_ndeg_114_epidemie_de_mve_2021_nzerekore.pdf
CU de N’Zérékoré,Cas Suspects,79,79,2021-06-07,Guinée : Rapport de situation n°114 sur l'épidémie de la Maladie à Virus Ebola (MVE) - 07 Juin 2021 [FR],2021-06-07,114,https://www.humanitarianresponse.info/sites/www.humanitarianresponse.info/files/documents/files/sitrep_ndeg_114_epidemie_de_mve_2021_nzerekore.pdf
Gouécké,Cas Suspects,3,3,2021-06-07,Guinée : Rapport de situation n°114 sur l'épidémie de la Maladie à Virus Ebola (MVE) - 07 Juin 2021 [FR],2021-06-07,114,https://www.humanitarianresponse.info/sites/www.humanitarianresponse.info/files/documents/files/sitrep_ndeg_114_epidemie_de_mve_2021_nzerekore.pdf
Soulouta,Cas Suspects,6,6,2021-06-07,Guinée : Rapport de situation n°114 sur l'épidémie de la Maladie à Virus Ebola (MVE) - 07 Juin 2021 [FR],2021-06-07,114,https://www.humanitarianresponse.info/sites/www.humanitarianresponse.info/files/documents/files/sitrep_ndeg_114_epidemie_de_mve_2021_nzerekore.pdf
Total,Cas Suspects,80,80,2021-06-07,Guinée : Rapport de situation n°114 sur l'épidémie de la Maladie à Virus Ebola (MVE) - 07 Juin 2021 [FR],2021-06-07,114,https://www.humanitarianresponse.info/sites/www.humanitarianresponse.info/files/documents/files/sitrep_ndeg_114_epidemie_de_mve_2021_nzerekore.pdf
CU de N’Zérékoré,Cas Confirmés,0,11,2021-06-08,Guinée : Rapport de situation n°115 sur l'épidémie de la Maladie à Virus Ebola (MVE) - 08 Juin 2021 [FR],2021-06-08,115,https://www.humanitarianresponse.info/sites/www.humanitarianresponse.info/files/documents/files/sitrep_ndeg_115_epidemie_de_mve_2021_nzerekore_-_copie.pdf
Gouécké,Cas Confirmés,0,3,2021-06-08,Guinée : Rapport de situation n°115 sur l'épidémie de la Maladie à Virus Ebola (MVE) - 08 Juin 2021 [FR],2021-06-08,115,https://www.humanitarianresponse.info/sites/www.humanitarianresponse.info/files/documents/files/sitrep_ndeg_115_epidemie_de_mve_2021_nzerekore_-_copie.pdf
Soulouta,Cas Confirmés,0,2,2021-06-08,Guinée : Rapport de situation n°115 sur l'épidémie de la Maladie à Virus Ebola (MVE) - 08 Juin 2021 [FR],2021-06-08,115,https://www.humanitarianresponse.info/sites/www.humanitarianresponse.info/files/documents/files/sitrep_ndeg_115_epidemie_de_mve_2021_nzerekore_-_copie.pdf
Total,Cas Confirmés,0,16,2021-06-08,Guinée : Rapport de situation n°115 sur l'épidémie de la Maladie à Virus Ebola (MVE) - 08 Juin 2021 [FR],2021-06-08,115,https://www.humanitarianresponse.info/sites/www.humanitarianresponse.info/files/documents/files/sitrep_ndeg_115_epidemie_de_mve_2021_nzerekore_-_copie.pdf
CU de N’Zérékoré,Cas Probables,0,4,2021-06-08,Guinée : Rapport de situation n°115 sur l'épidémie de la Maladie à Virus Ebola (MVE) - 08 Juin 2021 [FR],2021-06-08,115,https://www.humanitarianresponse.info/sites/www.humanitarianresponse.info/files/documents/files/sitrep_ndeg_115_epidemie_de_mve_2021_nzerekore_-_copie.pdf
Gouécké,Cas Probables,0,0,2021-06-08,Guinée : Rapport de situation n°115 sur l'épidémie de la Maladie à Virus Ebola (MVE) - 08 Juin 2021 [FR],2021-06-08,115,https://www.humanitarianresponse.info/sites/www.humanitarianresponse.info/files/documents/files/sitrep_ndeg_115_epidemie_de_mve_2021_nzerekore_-_copie.pdf
Soulouta,Cas Probables,0,3,2021-06-08,Guinée : Rapport de situation n°115 sur l'épidémie de la Maladie à Virus Ebola (MVE) - 08 Juin 2021 [FR],2021-06-08,115,https://www.humanitarianresponse.info/sites/www.humanitarianresponse.info/files/documents/files/sitrep_ndeg_115_epidemie_de_mve_2021_nzerekore_-_copie.pdf
Total,Cas Probables,0,7,2021-06-08,Guinée : Rapport de situation n°115 sur l'épidémie de la Maladie à Virus Ebola (MVE) - 08 Juin 2021 [FR],2021-06-08,115,https://www.humanitarianresponse.info/sites/www.humanitarianresponse.info/files/documents/files/sitrep_ndeg_115_epidemie_de_mve_2021_nzerekore_-_copie.pdf
CU de N’Zérékoré,Cas Suspects,52,52,2021-06-08,Guinée : Rapport de situation n°115 sur l'épidémie de la Maladie à Virus Ebola (MVE) - 08 Juin 2021 [FR],2021-06-08,115,https://www.humanitarianresponse.info/sites/www.humanitarianresponse.info/files/documents/files/sitrep_ndeg_115_epidemie_de_mve_2021_nzerekore_-_copie.pdf
Gouécké,Cas Suspects,5,5,2021-06-08,Guinée : Rapport de situation n°115 sur l'épidémie de la Maladie à Virus Ebola (MVE) - 08 Juin 2021 [FR],2021-06-08,115,https://www.humanitarianresponse.info/sites/www.humanitarianresponse.info/files/documents/files/sitrep_ndeg_115_epidemie_de_mve_2021_nzerekore_-_copie.pdf
Soulouta,Cas Suspects,3,3,2021-06-08,Guinée : Rapport de situation n°115 sur l'épidémie de la Maladie à Virus Ebola (MVE) - 08 Juin 2021 [FR],2021-06-08,115,https://www.humanitarianresponse.info/sites/www.humanitarianresponse.info/files/documents/files/sitrep_ndeg_115_epidemie_de_mve_2021_nzerekore_-_copie.pdf
Total,Cas Suspects,60,60,2021-06-08,Guinée : Rapport de situation n°115 sur l'épidémie de la Maladie à Virus Ebola (MVE) - 08 Juin 2021 [FR],2021-06-08,115,https://www.humanitarianresponse.info/sites/www.humanitarianresponse.info/files/documents/files/sitrep_ndeg_115_epidemie_de_mve_2021_nzerekore_-_copie.pdf
CU de N’Zérékoré,Cas Confirmés,0,11,2021-06-09,Guinée : Rapport de situation n°116 sur l'épidémie de la Maladie à Virus Ebola (MVE) - 09 Juin 2021 [FR],2021-06-09,116,https://www.humanitarianresponse.info/sites/www.humanitarianresponse.info/files/documents/files/sitrep_ndeg_116_epidemie_de_mve_2021_nzerekore_-_copie.pdf
Gouécké,Cas Confirmés,0,3,2021-06-09,Guinée : Rapport de situation n°116 sur l'épidémie de la Maladie à Virus Ebola (MVE) - 09 Juin 2021 [FR],2021-06-09,116,https://www.humanitarianresponse.info/sites/www.humanitarianresponse.info/files/documents/files/sitrep_ndeg_116_epidemie_de_mve_2021_nzerekore_-_copie.pdf
Soulouta,Cas Confirmés,0,2,2021-06-09,Guinée : Rapport de situation n°116 sur l'épidémie de la Maladie à Virus Ebola (MVE) - 09 Juin 2021 [FR],2021-06-09,116,https://www.humanitarianresponse.info/sites/www.humanitarianresponse.info/files/documents/files/sitrep_ndeg_116_epidemie_de_mve_2021_nzerekore_-_copie.pdf
Total,Cas Confirmés,0,16,2021-06-09,Guinée : Rapport de situation n°116 sur l'épidémie de la Maladie à Virus Ebola (MVE) - 09 Juin 2021 [FR],2021-06-09,116,https://www.humanitarianresponse.info/sites/www.humanitarianresponse.info/files/documents/files/sitrep_ndeg_116_epidemie_de_mve_2021_nzerekore_-_copie.pdf
CU de N’Zérékoré,Cas Probables,0,4,2021-06-09,Guinée : Rapport de situation n°116 sur l'épidémie de la Maladie à Virus Ebola (MVE) - 09 Juin 2021 [FR],2021-06-09,116,https://www.humanitarianresponse.info/sites/www.humanitarianresponse.info/files/documents/files/sitrep_ndeg_116_epidemie_de_mve_2021_nzerekore_-_copie.pdf
Gouécké,Cas Probables,0,0,2021-06-09,Guinée : Rapport de situation n°116 sur l'épidémie de la Maladie à Virus Ebola (MVE) - 09 Juin 2021 [FR],2021-06-09,116,https://www.humanitarianresponse.info/sites/www.humanitarianresponse.info/files/documents/files/sitrep_ndeg_116_epidemie_de_mve_2021_nzerekore_-_copie.pdf
Soulouta,Cas Probables,0,3,2021-06-09,Guinée : Rapport de situation n°116 sur l'épidémie de la Maladie à Virus Ebola (MVE) - 09 Juin 2021 [FR],2021-06-09,116,https://www.humanitarianresponse.info/sites/www.humanitarianresponse.info/files/documents/files/sitrep_ndeg_116_epidemie_de_mve_2021_nzerekore_-_copie.pdf
Total,Cas Probables,0,7,2021-06-09,Guinée : Rapport de situation n°116 sur l'épidémie de la Maladie à Virus Ebola (MVE) - 09 Juin 2021 [FR],2021-06-09,116,https://www.humanitarianresponse.info/sites/www.humanitarianresponse.info/files/documents/files/sitrep_ndeg_116_epidemie_de_mve_2021_nzerekore_-_copie.pdf
CU de N’Zérékoré,Cas Suspects,50,50,2021-06-09,Guinée : Rapport de situation n°116 sur l'épidémie de la Maladie à Virus Ebola (MVE) - 09 Juin 2021 [FR],2021-06-09,116,https://www.humanitarianresponse.info/sites/www.humanitarianresponse.info/files/documents/files/sitrep_ndeg_116_epidemie_de_mve_2021_nzerekore_-_copie.pdf
Gouécké,Cas Suspects,2,2,2021-06-09,Guinée : Rapport de situation n°116 sur l'épidémie de la Maladie à Virus Ebola (MVE) - 09 Juin 2021 [FR],2021-06-09,116,https://www.humanitarianresponse.info/sites/www.humanitarianresponse.info/files/documents/files/sitrep_ndeg_116_epidemie_de_mve_2021_nzerekore_-_copie.pdf
Soulouta,Cas Suspects,2,2,2021-06-09,Guinée : Rapport de situation n°116 sur l'épidémie de la Maladie à Virus Ebola (MVE) - 09 Juin 2021 [FR],2021-06-09,116,https://www.humanitarianresponse.info/sites/www.humanitarianresponse.info/files/documents/files/sitrep_ndeg_116_epidemie_de_mve_2021_nzerekore_-_copie.pdf
Total,Cas Suspects,54,54,2021-06-09,Guinée : Rapport de situation n°116 sur l'épidémie de la Maladie à Virus Ebola (MVE) - 09 Juin 2021 [FR],2021-06-09,116,https://www.humanitarianresponse.info/sites/www.humanitarianresponse.info/files/documents/files/sitrep_ndeg_116_epidemie_de_mve_2021_nzerekore_-_copie.pdf
CU de N’Zérékoré,Cas Confirmés,0,11,2021-06-10,Guinée : Rapport de situation n°117 sur l'épidémie de la Maladie à Virus Ebola (MVE) - 10 Juin 2021 [FR],2021-06-10,117,https://www.humanitarianresponse.info/sites/www.humanitarianresponse.info/files/documents/files/sitrep_ndeg_117_epidemie_de_mve_2021_nzerekore_-_copie.pdf
Gouécké,Cas Confirmés,0,3,2021-06-10,Guinée : Rapport de situation n°117 sur l'épidémie de la Maladie à Virus Ebola (MVE) - 10 Juin 2021 [FR],2021-06-10,117,https://www.humanitarianresponse.info/sites/www.humanitarianresponse.info/files/documents/files/sitrep_ndeg_117_epidemie_de_mve_2021_nzerekore_-_copie.pdf
Soulouta,Cas Confirmés,0,2,2021-06-10,Guinée : Rapport de situation n°117 sur l'épidémie de la Maladie à Virus Ebola (MVE) - 10 Juin 2021 [FR],2021-06-10,117,https://www.humanitarianresponse.info/sites/www.humanitarianresponse.info/files/documents/files/sitrep_ndeg_117_epidemie_de_mve_2021_nzerekore_-_copie.pdf
Total,Cas Confirmés,0,16,2021-06-10,Guinée : Rapport de situation n°117 sur l'épidémie de la Maladie à Virus Ebola (MVE) - 10 Juin 2021 [FR],2021-06-10,117,https://www.humanitarianresponse.info/sites/www.humanitarianresponse.info/files/documents/files/sitrep_ndeg_117_epidemie_de_mve_2021_nzerekore_-_copie.pdf
CU de N’Zérékoré,Cas Probables,0,4,2021-06-10,Guinée : Rapport de situation n°117 sur l'épidémie de la Maladie à Virus Ebola (MVE) - 10 Juin 2021 [FR],2021-06-10,117,https://www.humanitarianresponse.info/sites/www.humanitarianresponse.info/files/documents/files/sitrep_ndeg_117_epidemie_de_mve_2021_nzerekore_-_copie.pdf
Gouécké,Cas Probables,0,0,2021-06-10,Guinée : Rapport de situation n°117 sur l'épidémie de la Maladie à Virus Ebola (MVE) - 10 Juin 2021 [FR],2021-06-10,117,https://www.humanitarianresponse.info/sites/www.humanitarianresponse.info/files/documents/files/sitrep_ndeg_117_epidemie_de_mve_2021_nzerekore_-_copie.pdf
Soulouta,Cas Probables,0,3,2021-06-10,Guinée : Rapport de situation n°117 sur l'épidémie de la Maladie à Virus Ebola (MVE) - 10 Juin 2021 [FR],2021-06-10,117,https://www.humanitarianresponse.info/sites/www.humanitarianresponse.info/files/documents/files/sitrep_ndeg_117_epidemie_de_mve_2021_nzerekore_-_copie.pdf
Total,Cas Probables,0,7,2021-06-10,Guinée : Rapport de situation n°117 sur l'épidémie de la Maladie à Virus Ebola (MVE) - 10 Juin 2021 [FR],2021-06-10,117,https://www.humanitarianresponse.info/sites/www.humanitarianresponse.info/files/documents/files/sitrep_ndeg_117_epidemie_de_mve_2021_nzerekore_-_copie.pdf
CU de N’Zérékoré,Cas Suspects,51,51,2021-06-10,Guinée : Rapport de situation n°117 sur l'épidémie de la Maladie à Virus Ebola (MVE) - 10 Juin 2021 [FR],2021-06-10,117,https://www.humanitarianresponse.info/sites/www.humanitarianresponse.info/files/documents/files/sitrep_ndeg_117_epidemie_de_mve_2021_nzerekore_-_copie.pdf
Gouécké,Cas Suspects,2,2,2021-06-10,Guinée : Rapport de situation n°117 sur l'épidémie de la Maladie à Virus Ebola (MVE) - 10 Juin 2021 [FR],2021-06-10,117,https://www.humanitarianresponse.info/sites/www.humanitarianresponse.info/files/documents/files/sitrep_ndeg_117_epidemie_de_mve_2021_nzerekore_-_copie.pdf
Soulouta,Cas Suspects,2,2,2021-06-10,Guinée : Rapport de situation n°117 sur l'épidémie de la Maladie à Virus Ebola (MVE) - 10 Juin 2021 [FR],2021-06-10,117,https://www.humanitarianresponse.info/sites/www.humanitarianresponse.info/files/documents/files/sitrep_ndeg_117_epidemie_de_mve_2021_nzerekore_-_copie.pdf
Total,Cas Suspects,55,55,2021-06-10,Guinée : Rapport de situation n°117 sur l'épidémie de la Maladie à Virus Ebola (MVE) - 10 Juin 2021 [FR],2021-06-10,117,https://www.humanitarianresponse.info/sites/www.humanitarianresponse.info/files/documents/files/sitrep_ndeg_117_epidemie_de_mve_2021_nzerekore_-_copie.pdf
CU de N’Zérékoré,Cas Confirmés,0,11,2021-06-11,Guinée : Rapport de situation n°118 sur l'épidémie de la Maladie à Virus Ebola (MVE) - 11 Juin 2021 [FR],2021-06-11,118,https://www.humanitarianresponse.info/sites/www.humanitarianresponse.info/files/documents/files/sitrep_ndeg_118_epidemie_de_mve_2021_nzerekore_-_copie_-_copie.pdf
Gouécké,Cas Confirmés,0,3,2021-06-11,Guinée : Rapport de situation n°118 sur l'épidémie de la Maladie à Virus Ebola (MVE) - 11 Juin 2021 [FR],2021-06-11,118,https://www.humanitarianresponse.info/sites/www.humanitarianresponse.info/files/documents/files/sitrep_ndeg_118_epidemie_de_mve_2021_nzerekore_-_copie_-_copie.pdf
Soulouta,Cas Confirmés,0,2,2021-06-11,Guinée : Rapport de situation n°118 sur l'épidémie de la Maladie à Virus Ebola (MVE) - 11 Juin 2021 [FR],2021-06-11,118,https://www.humanitarianresponse.info/sites/www.humanitarianresponse.info/files/documents/files/sitrep_ndeg_118_epidemie_de_mve_2021_nzerekore_-_copie_-_copie.pdf
Total,Cas Confirmés,0,16,2021-06-11,Guinée : Rapport de situation n°118 sur l'épidémie de la Maladie à Virus Ebola (MVE) - 11 Juin 2021 [FR],2021-06-11,118,https://www.humanitarianresponse.info/sites/www.humanitarianresponse.info/files/documents/files/sitrep_ndeg_118_epidemie_de_mve_2021_nzerekore_-_copie_-_copie.pdf
CU de N’Zérékoré,Cas Probables,0,4,2021-06-11,Guinée : Rapport de situation n°118 sur l'épidémie de la Maladie à Virus Ebola (MVE) - 11 Juin 2021 [FR],2021-06-11,118,https://www.humanitarianresponse.info/sites/www.humanitarianresponse.info/files/documents/files/sitrep_ndeg_118_epidemie_de_mve_2021_nzerekore_-_copie_-_copie.pdf
Gouécké,Cas Probables,0,0,2021-06-11,Guinée : Rapport de situation n°118 sur l'épidémie de la Maladie à Virus Ebola (MVE) - 11 Juin 2021 [FR],2021-06-11,118,https://www.humanitarianresponse.info/sites/www.humanitarianresponse.info/files/documents/files/sitrep_ndeg_118_epidemie_de_mve_2021_nzerekore_-_copie_-_copie.pdf
Soulouta,Cas Probables,0,3,2021-06-11,Guinée : Rapport de situation n°118 sur l'épidémie de la Maladie à Virus Ebola (MVE) - 11 Juin 2021 [FR],2021-06-11,118,https://www.humanitarianresponse.info/sites/www.humanitarianresponse.info/files/documents/files/sitrep_ndeg_118_epidemie_de_mve_2021_nzerekore_-_copie_-_copie.pdf
Total,Cas Probables,0,7,2021-06-11,Guinée : Rapport de situation n°118 sur l'épidémie de la Maladie à Virus Ebola (MVE) - 11 Juin 2021 [FR],2021-06-11,118,https://www.humanitarianresponse.info/sites/www.humanitarianresponse.info/files/documents/files/sitrep_ndeg_118_epidemie_de_mve_2021_nzerekore_-_copie_-_copie.pdf
CU de N’Zérékoré,Cas Suspects,47,47,2021-06-11,Guinée : Rapport de situation n°118 sur l'épidémie de la Maladie à Virus Ebola (MVE) - 11 Juin 2021 [FR],2021-06-11,118,https://www.humanitarianresponse.info/sites/www.humanitarianresponse.info/files/documents/files/sitrep_ndeg_118_epidemie_de_mve_2021_nzerekore_-_copie_-_copie.pdf
Gouécké,Cas Suspects,3,3,2021-06-11,Guinée : Rapport de situation n°118 sur l'épidémie de la Maladie à Virus Ebola (MVE) - 11 Juin 2021 [FR],2021-06-11,118,https://www.humanitarianresponse.info/sites/www.humanitarianresponse.info/files/documents/files/sitrep_ndeg_118_epidemie_de_mve_2021_nzerekore_-_copie_-_copie.pdf
Soulouta,Cas Suspects,2,2,2021-06-11,Guinée : Rapport de situation n°118 sur l'épidémie de la Maladie à Virus Ebola (MVE) - 11 Juin 2021 [FR],2021-06-11,118,https://www.humanitarianresponse.info/sites/www.humanitarianresponse.info/files/documents/files/sitrep_ndeg_118_epidemie_de_mve_2021_nzerekore_-_copie_-_copie.pdf
Total,Cas Suspects,52,52,2021-06-11,Guinée : Rapport de situation n°118 sur l'épidémie de la Maladie à Virus Ebola (MVE) - 11 Juin 2021 [FR],2021-06-11,118,https://www.humanitarianresponse.info/sites/www.humanitarianresponse.info/files/documents/files/sitrep_ndeg_118_epidemie_de_mve_2021_nzerekore_-_copie_-_copie.pdf
CU de N’Zérékoré,Cas Confirmés,0,11,2021-06-12,Guinée : Rapport de situation n°119 sur l'épidémie de la Maladie à Virus Ebola (MVE) - 12 Juin 2021 [FR],2021-06-12,119,https://www.humanitarianresponse.info/sites/www.humanitarianresponse.info/files/documents/files/sitrep_ndeg_119_epidemie_de_mve_2021_nzerekore_-_copie_-_copie.pdf
Gouécké,Cas Confirmés,0,3,2021-06-12,Guinée : Rapport de situation n°119 sur l'épidémie de la Maladie à Virus Ebola (MVE) - 12 Juin 2021 [FR],2021-06-12,119,https://www.humanitarianresponse.info/sites/www.humanitarianresponse.info/files/documents/files/sitrep_ndeg_119_epidemie_de_mve_2021_nzerekore_-_copie_-_copie.pdf
Soulouta,Cas Confirmés,0,2,2021-06-12,Guinée : Rapport de situation n°119 sur l'épidémie de la Maladie à Virus Ebola (MVE) - 12 Juin 2021 [FR],2021-06-12,119,https://www.humanitarianresponse.info/sites/www.humanitarianresponse.info/files/documents/files/sitrep_ndeg_119_epidemie_de_mve_2021_nzerekore_-_copie_-_copie.pdf
Total,Cas Confirmés,0,16,2021-06-12,Guinée : Rapport de situation n°119 sur l'épidémie de la Maladie à Virus Ebola (MVE) - 12 Juin 2021 [FR],2021-06-12,119,https://www.humanitarianresponse.info/sites/www.humanitarianresponse.info/files/documents/files/sitrep_ndeg_119_epidemie_de_mve_2021_nzerekore_-_copie_-_copie.pdf
CU de N’Zérékoré,Cas Probables,0,4,2021-06-12,Guinée : Rapport de situation n°119 sur l'épidémie de la Maladie à Virus Ebola (MVE) - 12 Juin 2021 [FR],2021-06-12,119,https://www.humanitarianresponse.info/sites/www.humanitarianresponse.info/files/documents/files/sitrep_ndeg_119_epidemie_de_mve_2021_nzerekore_-_copie_-_copie.pdf
Gouécké,Cas Probables,0,0,2021-06-12,Guinée : Rapport de situation n°119 sur l'épidémie de la Maladie à Virus Ebola (MVE) - 12 Juin 2021 [FR],2021-06-12,119,https://www.humanitarianresponse.info/sites/www.humanitarianresponse.info/files/documents/files/sitrep_ndeg_119_epidemie_de_mve_2021_nzerekore_-_copie_-_copie.pdf
Soulouta,Cas Probables,0,3,2021-06-12,Guinée : Rapport de situation n°119 sur l'épidémie de la Maladie à Virus Ebola (MVE) - 12 Juin 2021 [FR],2021-06-12,119,https://www.humanitarianresponse.info/sites/www.humanitarianresponse.info/files/documents/files/sitrep_ndeg_119_epidemie_de_mve_2021_nzerekore_-_copie_-_copie.pdf
Total,Cas Probables,0,7,2021-06-12,Guinée : Rapport de situation n°119 sur l'épidémie de la Maladie à Virus Ebola (MVE) - 12 Juin 2021 [FR],2021-06-12,119,https://www.humanitarianresponse.info/sites/www.humanitarianresponse.info/files/documents/files/sitrep_ndeg_119_epidemie_de_mve_2021_nzerekore_-_copie_-_copie.pdf
CU de N’Zérékoré,Cas Suspects,42,42,2021-06-12,Guinée : Rapport de situation n°119 sur l'épidémie de la Maladie à Virus Ebola (MVE) - 12 Juin 2021 [FR],2021-06-12,119,https://www.humanitarianresponse.info/sites/www.humanitarianresponse.info/files/documents/files/sitrep_ndeg_119_epidemie_de_mve_2021_nzerekore_-_copie_-_copie.pdf
Gouécké,Cas Suspects,4,4,2021-06-12,Guinée : Rapport de situation n°119 sur l'épidémie de la Maladie à Virus Ebola (MVE) - 12 Juin 2021 [FR],2021-06-12,119,https://www.humanitarianresponse.info/sites/www.humanitarianresponse.info/files/documents/files/sitrep_ndeg_119_epidemie_de_mve_2021_nzerekore_-_copie_-_copie.pdf
Soulouta,Cas Suspects,0,0,2021-06-12,Guinée : Rapport de situation n°119 sur l'épidémie de la Maladie à Virus Ebola (MVE) - 12 Juin 2021 [FR],2021-06-12,119,https://www.humanitarianresponse.info/sites/www.humanitarianresponse.info/files/documents/files/sitrep_ndeg_119_epidemie_de_mve_2021_nzerekore_-_copie_-_copie.pdf
Total,Cas Suspects,46,46,2021-06-12,Guinée : Rapport de situation n°119 sur l'épidémie de la Maladie à Virus Ebola (MVE) - 12 Juin 2021 [FR],2021-06-12,119,https://www.humanitarianresponse.info/sites/www.humanitarianresponse.info/files/documents/files/sitrep_ndeg_119_epidemie_de_mve_2021_nzerekore_-_copie_-_copie.pdf
CU de N’Zérékoré,Cas Confirmés,0,11,2021-06-13,Guinée : Rapport de situation n°120 sur l'épidémie de la Maladie à Virus Ebola (MVE) - 13 Juin 2021 [FR],2021-06-13,120,https://www.humanitarianresponse.info/sites/www.humanitarianresponse.info/files/documents/files/sitrep_ndeg_120_epidemie_de_mve_2021_nzerekore_-_copie_-_copie.pdf
Gouécké,Cas Confirmés,0,3,2021-06-13,Guinée : Rapport de situation n°120 sur l'épidémie de la Maladie à Virus Ebola (MVE) - 13 Juin 2021 [FR],2021-06-13,120,https://www.humanitarianresponse.info/sites/www.humanitarianresponse.info/files/documents/files/sitrep_ndeg_120_epidemie_de_mve_2021_nzerekore_-_copie_-_copie.pdf
Soulouta,Cas Confirmés,0,2,2021-06-13,Guinée : Rapport de situation n°120 sur l'épidémie de la Maladie à Virus Ebola (MVE) - 13 Juin 2021 [FR],2021-06-13,120,https://www.humanitarianresponse.info/sites/www.humanitarianresponse.info/files/documents/files/sitrep_ndeg_120_epidemie_de_mve_2021_nzerekore_-_copie_-_copie.pdf
Total,Cas Confirmés,0,16,2021-06-13,Guinée : Rapport de situation n°120 sur l'épidémie de la Maladie à Virus Ebola (MVE) - 13 Juin 2021 [FR],2021-06-13,120,https://www.humanitarianresponse.info/sites/www.humanitarianresponse.info/files/documents/files/sitrep_ndeg_120_epidemie_de_mve_2021_nzerekore_-_copie_-_copie.pdf
CU de N’Zérékoré,Cas Probables,0,4,2021-06-13,Guinée : Rapport de situation n°120 sur l'épidémie de la Maladie à Virus Ebola (MVE) - 13 Juin 2021 [FR],2021-06-13,120,https://www.humanitarianresponse.info/sites/www.humanitarianresponse.info/files/documents/files/sitrep_ndeg_120_epidemie_de_mve_2021_nzerekore_-_copie_-_copie.pdf
Gouécké,Cas Probables,0,0,2021-06-13,Guinée : Rapport de situation n°120 sur l'épidémie de la Maladie à Virus Ebola (MVE) - 13 Juin 2021 [FR],2021-06-13,120,https://www.humanitarianresponse.info/sites/www.humanitarianresponse.info/files/documents/files/sitrep_ndeg_120_epidemie_de_mve_2021_nzerekore_-_copie_-_copie.pdf
Soulouta,Cas Probables,0,3,2021-06-13,Guinée : Rapport de situation n°120 sur l'épidémie de la Maladie à Virus Ebola (MVE) - 13 Juin 2021 [FR],2021-06-13,120,https://www.humanitarianresponse.info/sites/www.humanitarianresponse.info/files/documents/files/sitrep_ndeg_120_epidemie_de_mve_2021_nzerekore_-_copie_-_copie.pdf
Total,Cas Probables,0,7,2021-06-13,Guinée : Rapport de situation n°120 sur l'épidémie de la Maladie à Virus Ebola (MVE) - 13 Juin 2021 [FR],2021-06-13,120,https://www.humanitarianresponse.info/sites/www.humanitarianresponse.info/files/documents/files/sitrep_ndeg_120_epidemie_de_mve_2021_nzerekore_-_copie_-_copie.pdf
CU de N’Zérékoré,Cas Suspects,14,14,2021-06-13,Guinée : Rapport de situation n°120 sur l'épidémie de la Maladie à Virus Ebola (MVE) - 13 Juin 2021 [FR],2021-06-13,120,https://www.humanitarianresponse.info/sites/www.humanitarianresponse.info/files/documents/files/sitrep_ndeg_120_epidemie_de_mve_2021_nzerekore_-_copie_-_copie.pdf
Gouécké,Cas Suspects,0,0,2021-06-13,Guinée : Rapport de situation n°120 sur l'épidémie de la Maladie à Virus Ebola (MVE) - 13 Juin 2021 [FR],2021-06-13,120,https://www.humanitarianresponse.info/sites/www.humanitarianresponse.info/files/documents/files/sitrep_ndeg_120_epidemie_de_mve_2021_nzerekore_-_copie_-_copie.pdf
Soulouta,Cas Suspects,3,3,2021-06-13,Guinée : Rapport de situation n°120 sur l'épidémie de la Maladie à Virus Ebola (MVE) - 13 Juin 2021 [FR],2021-06-13,120,https://www.humanitarianresponse.info/sites/www.humanitarianresponse.info/files/documents/files/sitrep_ndeg_120_epidemie_de_mve_2021_nzerekore_-_copie_-_copie.pdf
Total,Cas Suspects,17,17,2021-06-13,Guinée : Rapport de situation n°120 sur l'épidémie de la Maladie à Virus Ebola (MVE) - 13 Juin 2021 [FR],2021-06-13,120,https://www.humanitarianresponse.info/sites/www.humanitarianresponse.info/files/documents/files/sitrep_ndeg_120_epidemie_de_mve_2021_nzerekore_-_copie_-_copie.pdf
CU de N’Zérékoré,Cas Confirmés,0,11,2021-06-14,Guinée : Rapport de situation n°121 sur l'épidémie de la Maladie à Virus Ebola (MVE) - 14 Juin 2021 [FR],2021-06-14,121,https://www.humanitarianresponse.info/sites/www.humanitarianresponse.info/files/documents/files/sitrep_ndeg_121_epidemie_de_mve_2021_nzerekore.pdf
Gouécké,Cas Confirmés,0,3,2021-06-14,Guinée : Rapport de situation n°121 sur l'épidémie de la Maladie à Virus Ebola (MVE) - 14 Juin 2021 [FR],2021-06-14,121,https://www.humanitarianresponse.info/sites/www.humanitarianresponse.info/files/documents/files/sitrep_ndeg_121_epidemie_de_mve_2021_nzerekore.pdf
Soulouta,Cas Confirmés,0,2,2021-06-14,Guinée : Rapport de situation n°121 sur l'épidémie de la Maladie à Virus Ebola (MVE) - 14 Juin 2021 [FR],2021-06-14,121,https://www.humanitarianresponse.info/sites/www.humanitarianresponse.info/files/documents/files/sitrep_ndeg_121_epidemie_de_mve_2021_nzerekore.pdf
Total,Cas Confirmés,0,16,2021-06-14,Guinée : Rapport de situation n°121 sur l'épidémie de la Maladie à Virus Ebola (MVE) - 14 Juin 2021 [FR],2021-06-14,121,https://www.humanitarianresponse.info/sites/www.humanitarianresponse.info/files/documents/files/sitrep_ndeg_121_epidemie_de_mve_2021_nzerekore.pdf
CU de N’Zérékoré,Cas Probables,0,4,2021-06-14,Guinée : Rapport de situation n°121 sur l'épidémie de la Maladie à Virus Ebola (MVE) - 14 Juin 2021 [FR],2021-06-14,121,https://www.humanitarianresponse.info/sites/www.humanitarianresponse.info/files/documents/files/sitrep_ndeg_121_epidemie_de_mve_2021_nzerekore.pdf
Gouécké,Cas Probables,0,0,2021-06-14,Guinée : Rapport de situation n°121 sur l'épidémie de la Maladie à Virus Ebola (MVE) - 14 Juin 2021 [FR],2021-06-14,121,https://www.humanitarianresponse.info/sites/www.humanitarianresponse.info/files/documents/files/sitrep_ndeg_121_epidemie_de_mve_2021_nzerekore.pdf
Soulouta,Cas Probables,0,3,2021-06-14,Guinée : Rapport de situation n°121 sur l'épidémie de la Maladie à Virus Ebola (MVE) - 14 Juin 2021 [FR],2021-06-14,121,https://www.humanitarianresponse.info/sites/www.humanitarianresponse.info/files/documents/files/sitrep_ndeg_121_epidemie_de_mve_2021_nzerekore.pdf
Total,Cas Probables,0,7,2021-06-14,Guinée : Rapport de situation n°121 sur l'épidémie de la Maladie à Virus Ebola (MVE) - 14 Juin 2021 [FR],2021-06-14,121,https://www.humanitarianresponse.info/sites/www.humanitarianresponse.info/files/documents/files/sitrep_ndeg_121_epidemie_de_mve_2021_nzerekore.pdf
CU de N’Zérékoré,Cas Suspects,49,49,2021-06-14,Guinée : Rapport de situation n°121 sur l'épidémie de la Maladie à Virus Ebola (MVE) - 14 Juin 2021 [FR],2021-06-14,121,https://www.humanitarianresponse.info/sites/www.humanitarianresponse.info/files/documents/files/sitrep_ndeg_121_epidemie_de_mve_2021_nzerekore.pdf
Gouécké,Cas Suspects,8,8,2021-06-14,Guinée : Rapport de situation n°121 sur l'épidémie de la Maladie à Virus Ebola (MVE) - 14 Juin 2021 [FR],2021-06-14,121,https://www.humanitarianresponse.info/sites/www.humanitarianresponse.info/files/documents/files/sitrep_ndeg_121_epidemie_de_mve_2021_nzerekore.pdf
Soulouta,Cas Suspects,2,2,2021-06-14,Guinée : Rapport de situation n°121 sur l'épidémie de la Maladie à Virus Ebola (MVE) - 14 Juin 2021 [FR],2021-06-14,121,https://www.humanitarianresponse.info/sites/www.humanitarianresponse.info/files/documents/files/sitrep_ndeg_121_epidemie_de_mve_2021_nzerekore.pdf
Total,Cas Suspects,59,59,2021-06-14,Guinée : Rapport de situation n°121 sur l'épidémie de la Maladie à Virus Ebola (MVE) - 14 Juin 2021 [FR],2021-06-14,121,https://www.humanitarianresponse.info/sites/www.humanitarianresponse.info/files/documents/files/sitrep_ndeg_121_epidemie_de_mve_2021_nzerekore.pdf
CU de N’Zérékoré,Cas Confirmés,0,11,2021-06-16,Guinée : Rapport de situation n°123 sur l'épidémie de la Maladie à Virus Ebola (MVE) - 16 Juin 2021 [FR],2021-06-16,123,https://www.humanitarianresponse.info/sites/www.humanitarianresponse.info/files/documents/files/sitrep_ndeg_123_epidemie_de_mve_2021_nzerekore_-_copie_-_copie.pdf
Gouécké,Cas Confirmés,0,3,2021-06-16,Guinée : Rapport de situation n°123 sur l'épidémie de la Maladie à Virus Ebola (MVE) - 16 Juin 2021 [FR],2021-06-16,123,https://www.humanitarianresponse.info/sites/www.humanitarianresponse.info/files/documents/files/sitrep_ndeg_123_epidemie_de_mve_2021_nzerekore_-_copie_-_copie.pdf
Soulouta,Cas Confirmés,0,2,2021-06-16,Guinée : Rapport de situation n°123 sur l'épidémie de la Maladie à Virus Ebola (MVE) - 16 Juin 2021 [FR],2021-06-16,123,https://www.humanitarianresponse.info/sites/www.humanitarianresponse.info/files/documents/files/sitrep_ndeg_123_epidemie_de_mve_2021_nzerekore_-_copie_-_copie.pdf
Total,Cas Confirmés,0,16,2021-06-16,Guinée : Rapport de situation n°123 sur l'épidémie de la Maladie à Virus Ebola (MVE) - 16 Juin 2021 [FR],2021-06-16,123,https://www.humanitarianresponse.info/sites/www.humanitarianresponse.info/files/documents/files/sitrep_ndeg_123_epidemie_de_mve_2021_nzerekore_-_copie_-_copie.pdf
CU de N’Zérékoré,Cas Probables,0,4,2021-06-16,Guinée : Rapport de situation n°123 sur l'épidémie de la Maladie à Virus Ebola (MVE) - 16 Juin 2021 [FR],2021-06-16,123,https://www.humanitarianresponse.info/sites/www.humanitarianresponse.info/files/documents/files/sitrep_ndeg_123_epidemie_de_mve_2021_nzerekore_-_copie_-_copie.pdf
Gouécké,Cas Probables,0,0,2021-06-16,Guinée : Rapport de situation n°123 sur l'épidémie de la Maladie à Virus Ebola (MVE) - 16 Juin 2021 [FR],2021-06-16,123,https://www.humanitarianresponse.info/sites/www.humanitarianresponse.info/files/documents/files/sitrep_ndeg_123_epidemie_de_mve_2021_nzerekore_-_copie_-_copie.pdf
Soulouta,Cas Probables,0,3,2021-06-16,Guinée : Rapport de situation n°123 sur l'épidémie de la Maladie à Virus Ebola (MVE) - 16 Juin 2021 [FR],2021-06-16,123,https://www.humanitarianresponse.info/sites/www.humanitarianresponse.info/files/documents/files/sitrep_ndeg_123_epidemie_de_mve_2021_nzerekore_-_copie_-_copie.pdf
Total,Cas Probables,0,7,2021-06-16,Guinée : Rapport de situation n°123 sur l'épidémie de la Maladie à Virus Ebola (MVE) - 16 Juin 2021 [FR],2021-06-16,123,https://www.humanitarianresponse.info/sites/www.humanitarianresponse.info/files/documents/files/sitrep_ndeg_123_epidemie_de_mve_2021_nzerekore_-_copie_-_copie.pdf
CU de N’Zérékoré,Cas Suspects,35,35,2021-06-16,Guinée : Rapport de situation n°123 sur l'épidémie de la Maladie à Virus Ebola (MVE) - 16 Juin 2021 [FR],2021-06-16,123,https://www.humanitarianresponse.info/sites/www.humanitarianresponse.info/files/documents/files/sitrep_ndeg_123_epidemie_de_mve_2021_nzerekore_-_copie_-_copie.pdf
Gouécké,Cas Suspects,1,1,2021-06-16,Guinée : Rapport de situation n°123 sur l'épidémie de la Maladie à Virus Ebola (MVE) - 16 Juin 2021 [FR],2021-06-16,123,https://www.humanitarianresponse.info/sites/www.humanitarianresponse.info/files/documents/files/sitrep_ndeg_123_epidemie_de_mve_2021_nzerekore_-_copie_-_copie.pdf
Soulouta,Cas Suspects,1,1,2021-06-16,Guinée : Rapport de situation n°123 sur l'épidémie de la Maladie à Virus Ebola (MVE) - 16 Juin 2021 [FR],2021-06-16,123,https://www.humanitarianresponse.info/sites/www.humanitarianresponse.info/files/documents/files/sitrep_ndeg_123_epidemie_de_mve_2021_nzerekore_-_copie_-_copie.pdf
Total,Cas Suspects,37,37,2021-06-16,Guinée : Rapport de situation n°123 sur l'épidémie de la Maladie à Virus Ebola (MVE) - 16 Juin 2021 [FR],2021-06-16,123,https://www.humanitarianresponse.info/sites/www.humanitarianresponse.info/files/documents/files/sitrep_ndeg_123_epidemie_de_mve_2021_nzerekore_-_copie_-_copie.pdf
CU de N’Zérékoré,Cas Confirmés,0,11,2021-06-18,Guinée : Rapport de situation n°125 sur l'épidémie de la Maladie à Virus Ebola (MVE) - 18 Juin 2021 [FR],2021-06-18,125,https://www.humanitarianresponse.info/sites/www.humanitarianresponse.info/files/documents/files/sitrep_ndeg_125_epidemie_de_mve_2021_nzerekore_-_copie_-_copie.pdf
Gouécké,Cas Confirmés,0,3,2021-06-18,Guinée : Rapport de situation n°125 sur l'épidémie de la Maladie à Virus Ebola (MVE) - 18 Juin 2021 [FR],2021-06-18,125,https://www.humanitarianresponse.info/sites/www.humanitarianresponse.info/files/documents/files/sitrep_ndeg_125_epidemie_de_mve_2021_nzerekore_-_copie_-_copie.pdf
Soulouta,Cas Confirmés,0,2,2021-06-18,Guinée : Rapport de situation n°125 sur l'épidémie de la Maladie à Virus Ebola (MVE) - 18 Juin 2021 [FR],2021-06-18,125,https://www.humanitarianresponse.info/sites/www.humanitarianresponse.info/files/documents/files/sitrep_ndeg_125_epidemie_de_mve_2021_nzerekore_-_copie_-_copie.pdf
Total,Cas Confirmés,0,16,2021-06-18,Guinée : Rapport de situation n°125 sur l'épidémie de la Maladie à Virus Ebola (MVE) - 18 Juin 2021 [FR],2021-06-18,125,https://www.humanitarianresponse.info/sites/www.humanitarianresponse.info/files/documents/files/sitrep_ndeg_125_epidemie_de_mve_2021_nzerekore_-_copie_-_copie.pdf
CU de N’Zérékoré,Cas Probables,0,4,2021-06-18,Guinée : Rapport de situation n°125 sur l'épidémie de la Maladie à Virus Ebola (MVE) - 18 Juin 2021 [FR],2021-06-18,125,https://www.humanitarianresponse.info/sites/www.humanitarianresponse.info/files/documents/files/sitrep_ndeg_125_epidemie_de_mve_2021_nzerekore_-_copie_-_copie.pdf
Gouécké,Cas Probables,0,0,2021-06-18,Guinée : Rapport de situation n°125 sur l'épidémie de la Maladie à Virus Ebola (MVE) - 18 Juin 2021 [FR],2021-06-18,125,https://www.humanitarianresponse.info/sites/www.humanitarianresponse.info/files/documents/files/sitrep_ndeg_125_epidemie_de_mve_2021_nzerekore_-_copie_-_copie.pdf
Soulouta,Cas Probables,0,3,2021-06-18,Guinée : Rapport de situation n°125 sur l'épidémie de la Maladie à Virus Ebola (MVE) - 18 Juin 2021 [FR],2021-06-18,125,https://www.humanitarianresponse.info/sites/www.humanitarianresponse.info/files/documents/files/sitrep_ndeg_125_epidemie_de_mve_2021_nzerekore_-_copie_-_copie.pdf
Total,Cas Probables,0,7,2021-06-18,Guinée : Rapport de situation n°125 sur l'épidémie de la Maladie à Virus Ebola (MVE) - 18 Juin 2021 [FR],2021-06-18,125,https://www.humanitarianresponse.info/sites/www.humanitarianresponse.info/files/documents/files/sitrep_ndeg_125_epidemie_de_mve_2021_nzerekore_-_copie_-_copie.pdf
CU de N’Zérékoré,Cas Suspects,37,37,2021-06-18,Guinée : Rapport de situation n°125 sur l'épidémie de la Maladie à Virus Ebola (MVE) - 18 Juin 2021 [FR],2021-06-18,125,https://www.humanitarianresponse.info/sites/www.humanitarianresponse.info/files/documents/files/sitrep_ndeg_125_epidemie_de_mve_2021_nzerekore_-_copie_-_copie.pdf
Gouécké,Cas Suspects,8,8,2021-06-18,Guinée : Rapport de situation n°125 sur l'épidémie de la Maladie à Virus Ebola (MVE) - 18 Juin 2021 [FR],2021-06-18,125,https://www.humanitarianresponse.info/sites/www.humanitarianresponse.info/files/documents/files/sitrep_ndeg_125_epidemie_de_mve_2021_nzerekore_-_copie_-_copie.pdf
Soulouta,Cas Suspects,0,0,2021-06-18,Guinée : Rapport de situation n°125 sur l'épidémie de la Maladie à Virus Ebola (MVE) - 18 Juin 2021 [FR],2021-06-18,125,https://www.humanitarianresponse.info/sites/www.humanitarianresponse.info/files/documents/files/sitrep_ndeg_125_epidemie_de_mve_2021_nzerekore_-_copie_-_copie.pdf
Total,Cas Suspects,45,45,2021-06-18,Guinée : Rapport de situation n°125 sur l'épidémie de la Maladie à Virus Ebola (MVE) - 18 Juin 2021 [FR],2021-06-18,125,https://www.humanitarianresponse.info/sites/www.humanitarianresponse.info/files/documents/files/sitrep_ndeg_125_epidemie_de_mve_2021_nzerekore_-_copie_-_copie.pdf
CU de N’Zérékoré,Cas Confirmés,0,11,2021-06-19,Guinée : Rapport de situation n°126 sur l'épidémie de la Maladie à Virus Ebola (MVE) - 19 Juin 2021 [FR],2021-06-19,126,https://www.humanitarianresponse.info/sites/www.humanitarianresponse.info/files/documents/files/sitrep_ndeg_126_epidemie_de_mve_2021_nzerekore_-_copie_-_copie.pdf
Gouécké,Cas Confirmés,0,3,2021-06-19,Guinée : Rapport de situation n°126 sur l'épidémie de la Maladie à Virus Ebola (MVE) - 19 Juin 2021 [FR],2021-06-19,126,https://www.humanitarianresponse.info/sites/www.humanitarianresponse.info/files/documents/files/sitrep_ndeg_126_epidemie_de_mve_2021_nzerekore_-_copie_-_copie.pdf
Soulouta,Cas Confirmés,0,2,2021-06-19,Guinée : Rapport de situation n°126 sur l'épidémie de la Maladie à Virus Ebola (MVE) - 19 Juin 2021 [FR],2021-06-19,126,https://www.humanitarianresponse.info/sites/www.humanitarianresponse.info/files/documents/files/sitrep_ndeg_126_epidemie_de_mve_2021_nzerekore_-_copie_-_copie.pdf
Total,Cas Confirmés,0,16,2021-06-19,Guinée : Rapport de situation n°126 sur l'épidémie de la Maladie à Virus Ebola (MVE) - 19 Juin 2021 [FR],2021-06-19,126,https://www.humanitarianresponse.info/sites/www.humanitarianresponse.info/files/documents/files/sitrep_ndeg_126_epidemie_de_mve_2021_nzerekore_-_copie_-_copie.pdf
CU de N’Zérékoré,Cas Probables,0,4,2021-06-19,Guinée : Rapport de situation n°126 sur l'épidémie de la Maladie à Virus Ebola (MVE) - 19 Juin 2021 [FR],2021-06-19,126,https://www.humanitarianresponse.info/sites/www.humanitarianresponse.info/files/documents/files/sitrep_ndeg_126_epidemie_de_mve_2021_nzerekore_-_copie_-_copie.pdf
Gouécké,Cas Probables,0,0,2021-06-19,Guinée : Rapport de situation n°126 sur l'épidémie de la Maladie à Virus Ebola (MVE) - 19 Juin 2021 [FR],2021-06-19,126,https://www.humanitarianresponse.info/sites/www.humanitarianresponse.info/files/documents/files/sitrep_ndeg_126_epidemie_de_mve_2021_nzerekore_-_copie_-_copie.pdf
Soulouta,Cas Probables,0,3,2021-06-19,Guinée : Rapport de situation n°126 sur l'épidémie de la Maladie à Virus Ebola (MVE) - 19 Juin 2021 [FR],2021-06-19,126,https://www.humanitarianresponse.info/sites/www.humanitarianresponse.info/files/documents/files/sitrep_ndeg_126_epidemie_de_mve_2021_nzerekore_-_copie_-_copie.pdf
Total,Cas Probables,0,7,2021-06-19,Guinée : Rapport de situation n°126 sur l'épidémie de la Maladie à Virus Ebola (MVE) - 19 Juin 2021 [FR],2021-06-19,126,https://www.humanitarianresponse.info/sites/www.humanitarianresponse.info/files/documents/files/sitrep_ndeg_126_epidemie_de_mve_2021_nzerekore_-_copie_-_copie.pdf
CU de N’Zérékoré,Cas Suspects,30,30,2021-06-19,Guinée : Rapport de situation n°126 sur l'épidémie de la Maladie à Virus Ebola (MVE) - 19 Juin 2021 [FR],2021-06-19,126,https://www.humanitarianresponse.info/sites/www.humanitarianresponse.info/files/documents/files/sitrep_ndeg_126_epidemie_de_mve_2021_nzerekore_-_copie_-_copie.pdf
Gouécké,Cas Suspects,8,8,2021-06-19,Guinée : Rapport de situation n°126 sur l'épidémie de la Maladie à Virus Ebola (MVE) - 19 Juin 2021 [FR],2021-06-19,126,https://www.humanitarianresponse.info/sites/www.humanitarianresponse.info/files/documents/files/sitrep_ndeg_126_epidemie_de_mve_2021_nzerekore_-_copie_-_copie.pdf
Soulouta,Cas Suspects,1,1,2021-06-19,Guinée : Rapport de situation n°126 sur l'épidémie de la Maladie à Virus Ebola (MVE) - 19 Juin 2021 [FR],2021-06-19,126,https://www.humanitarianresponse.info/sites/www.humanitarianresponse.info/files/documents/files/sitrep_ndeg_126_epidemie_de_mve_2021_nzerekore_-_copie_-_copie.pdf
Total,Cas Suspects,39,39,2021-06-19,Guinée : Rapport de situation n°126 sur l'épidémie de la Maladie à Virus Ebola (MVE) - 19 Juin 2021 [FR],2021-06-19,126,https://www.humanitarianresponse.info/sites/www.humanitarianresponse.info/files/documents/files/sitrep_ndeg_126_epidemie_de_mve_2021_nzerekore_-_copie_-_copie.pdf