date,naive,naive_lower,naive_upper,resolved,resolved_lower,resolved_upper,delay_adjusted,delay_adjusted_lower,delay_adjusted_upper
2018-08-03,0.23076923076923078,0.05038107349115153,0.5381315392340409,1.0,0.2924017738212866,1.0,,,
2018-08-04,0.23076923076923078,0.05038107349115153,0.5381315392340409,1.0,0.2924017738212866,1.0,,,
2018-08-05,0.4375,0.19753414053266785,0.7012231009168222,1.0,0.5903836027749966,1.0,,,
2018-08-06,0.5625,0.2987768990831778,0.8024658594673321,1.0,0.6637328831200572,1.0,,,
2018-08-07,0.5294117647058824,0.27811830033110657,0.7701673127340096,1.0,0.6637328831200572,1.0,,,
2018-08-08,0.5882352941176471,0.32924715394675735,0.8155630382160532,1.0,0.6915028921812392,1.0,,,
2018-08-09,0.5238095238095238,0.2978068387836441,0.7428693735935925,1.0,0.7150858470818455,1.0,,,
2018-08-10,0.5,0.2822105209380929,0.717789479061907,1.0,0.7150858470818455,1.0,,,
2018-08-11,0.48,0.27796800966994656,0.6869429555429676,1.0,0.7353515306029488,1.0,,,
2018-08-12,0.4666666666666667,0.283418079183537,0.6567447618392659,1.0,0.7683642383498834,1.0,,,
2018-08-13,0.38461538461538464,0.23363932506581991,0.5538094317780062,1.0,0.7819806390894659,1.0,,,
2018-08-14,0.34782608695652173,0.21354355425150529,0.5024900506729636,1.0,0.7940927857921772,1.0,,,
2018-08-15,0.3333333333333333,0.20758333491373637,0.4792125542306298,1.0,0.8049356770309067,1.0,0.9999,0.8932,0.9999
2018-08-16,0.3333333333333333,0.2168694454311702,0.4668726747428306,1.0,0.8315665290169146,1.0,0.9999,0.9084000000000001,0.9999
2018-08-17,0.3492063492063492,0.23337058136700747,0.47973382291133454,1.0,0.8456274871844254,1.0,0.9167000000000001,0.7643000000000001,0.9856
2018-08-18,0.359375,0.24319029103121265,0.48903740183877037,1.0,0.8518148710847756,1.0,0.8214,0.6548,0.9319000000000001
2018-08-19,0.4057971014492754,0.28913136174810206,0.5308149938747545,1.0,0.8765638814997362,1.0,0.875,0.7332000000000001,0.9594
2018-08-20,0.4266666666666667,0.31307000275294916,0.5462352897760328,1.0,0.8911188393206471,1.0,0.8889,0.7605000000000001,0.9640000000000001
2018-08-21,0.4473684210526316,0.3331131078209215,0.5658511778841637,1.0,0.8971820757409874,1.0,0.8293,0.6960000000000001,0.9227000000000001
2018-08-22,0.47368421052631576,0.3579182134918078,0.5915633489250534,1.0,0.902606244085508,1.0,0.8,0.6684,0.8984000000000001
2018-08-23,0.5064935064935064,0.39004936781928307,0.6224231284406125,1.0,0.9097488990396657,1.0,0.7959,0.6697000000000001,0.892
2018-08-24,0.5316455696202531,0.41595218009029994,0.6448955462285565,1.0,0.9159161450596448,1.0,0.7925000000000001,0.671,0.8863000000000001
2018-08-25,0.5301204819277109,0.41737291788217007,0.640656030823614,1.0,0.9195800602364241,1.0,0.7719,0.6526000000000001,0.8674000000000001
2018-08-26,0.5662650602409639,0.4529202919793483,0.6747412198752745,1.0,0.9245142663089414,1.0,0.7833,0.6686000000000001,0.8744000000000001
2018-08-27,0.5595238095238095,0.44695232812528873,0.6677752525491807,1.0,0.9245142663089414,1.0,0.7344,0.6184000000000001,0.8319000000000001
2018-08-28,0.5529411764705883,0.4411432887573018,0.6609429796143388,1.0,0.9245142663089414,1.0,0.7015,0.5858,0.802
2018-08-29,0.5465116279069767,0.43548671342932455,0.6542410824501448,1.0,0.9245142663089414,1.0,0.6812,0.5661,0.783
2018-08-30,0.5340909090909091,0.42460688331780166,0.6412154866902768,1.0,0.9245142663089414,1.0,0.6528,0.5389,0.7559
2018-08-31,0.5333333333333333,0.42512734474491604,0.6392843213872084,1.0,0.9260272146527198,1.0,0.6486000000000001,0.5362,0.751
2018-09-01,0.5555555555555556,0.44699601446489684,0.6603558436839541,1.0,0.9288782635358024,1.0,0.6579,0.5473,0.758
2018-09-02,0.5604395604395604,0.45245208311217805,0.6643826134329157,1.0,0.9302229692504613,1.0,0.6538,0.5446,0.7532
2018-09-03,0.5806451612903226,0.4737801521284474,0.6822295268377766,1.0,0.9339684857555782,1.0,0.675,0.5681,0.7709
2018-09-04,0.5833333333333334,0.4782321506818341,0.6831505934662929,1.0,0.9362499033376378,1.0,0.6829000000000001,0.5777,0.7769
2018-09-05,0.5918367346938775,0.48789250553843155,0.6900774264736517,1.0,0.9383789910960801,1.0,0.6988000000000001,0.5952000000000001,0.7903
2018-09-06,0.5918367346938775,0.48789250553843155,0.6900774264736517,0.6373626373626373,0.5299040991145949,0.7356111038014221,0.6824,0.5791000000000001,0.7748
2018-09-07,0.59,0.4871442037667708,0.6873800234324292,0.6276595744680851,0.5218364622257492,0.7252033877984465,0.6782,0.5759000000000001,0.7701
2018-09-08,0.59,0.4871442037667708,0.6873800234324292,0.6276595744680851,0.5218364622257492,0.7252033877984465,0.6705,0.5684,0.7627
2018-09-09,0.594059405940594,0.49176157227715805,0.6906914843099456,0.625,0.5203043261600218,0.7217610373158772,0.6667000000000001,0.5656,0.7583000000000001
2018-09-10,0.6039603960396039,0.5017440784925651,0.6999130474667576,0.6224489795918368,0.518847402903182,0.7184395323399458,0.6703,0.5700000000000001,0.7612
2018-09-11,0.5980392156862745,0.4962982695083862,0.6939329074875555,0.6224489795918368,0.518847402903182,0.7184395323399458,0.6559,0.5561,0.7472000000000001
2018-09-12,0.5754716981132075,0.47567787252691884,0.6709386808755595,0.6224489795918368,0.518847402903182,0.7184395323399458,0.6489,0.5494,0.7404000000000001
2018-09-13,0.5779816513761468,0.47963363112764223,0.6719836285718968,0.63,0.527648359448317,0.7244334203854486,0.6632,0.5647,0.7529
2018-09-14,0.5871559633027523,0.48883366267844314,0.6806200570205938,0.6336633663366337,0.5319312344022624,0.7273350024676148,0.6598,0.5623,0.749
2018-09-15,0.5945945945945946,0.4972508443404706,0.6867611238464743,0.6346153846153846,0.5344772795898101,0.7268731284326717,0.6735,0.5771000000000001,0.7609
2018-09-16,0.5945945945945946,0.4972508443404706,0.6867611238464743,0.6346153846153846,0.5344772795898101,0.7268731284326717,0.6667000000000001,0.5705,0.7544000000000001
2018-09-17,0.5945945945945946,0.4972508443404706,0.6867611238464743,0.6346153846153846,0.5344772795898101,0.7268731284326717,0.6535000000000001,0.5577,0.7415
2018-09-18,0.5945945945945946,0.4972508443404706,0.6867611238464743,0.6346153846153846,0.5344772795898101,0.7268731284326717,0.6471,0.5516,0.7353000000000001
2018-09-19,0.5892857142857143,0.4923637786258751,0.6813658420480369,0.6285714285714286,0.5288100886678,0.7208805337157675,0.6346,0.5397000000000001,0.7230000000000001
2018-09-20,0.5862068965517241,0.49103456983132643,0.6768682933558479,0.6355140186915887,0.5369006449232065,0.7264200736992814,0.6476000000000001,0.5535,0.7346
2018-09-21,0.5862068965517241,0.49103456983132643,0.6768682933558479,0.6296296296296297,0.5313715401957813,0.7205858482501717,0.6415000000000001,0.5477000000000001,0.7286
2018-09-22,0.5847457627118644,0.4904143757093934,0.6747191072560652,0.6330275229357798,0.535323533222705,0.7233072398485569,0.6449,0.5516,0.7313000000000001
2018-09-23,0.5798319327731093,0.4858974571681559,0.6696964588361524,0.6272727272727273,0.5299182750178799,0.7175909843333207,0.6389,0.5459,0.7254
2018-09-24,0.5833333333333334,0.48982155420229756,0.6726323299967214,0.6306306306306306,0.5338130140999677,0.7202917292057056,0.6364000000000001,0.5441,0.7223
2018-09-25,0.5833333333333334,0.48982155420229756,0.6726323299967214,0.6306306306306306,0.5338130140999677,0.7202917292057056,0.6306,0.5387000000000001,0.7166
2018-09-26,0.5691056910569106,0.4767649009823487,0.6580402768198034,0.6194690265486725,0.523346484478334,0.7091663790724446,0.625,0.5333,0.7110000000000001
2018-09-27,0.5725806451612904,0.48062923635409677,0.6609836674971652,0.6120689655172413,0.5171501164889389,0.7011200979118315,0.6283000000000001,0.5371,0.7137
2018-09-28,0.5634920634920635,0.47230955936586083,0.6516209428646156,0.6120689655172413,0.5171501164889389,0.7011200979118315,0.6228,0.5319,0.7083
2018-09-29,0.5669291338582677,0.4761156873430643,0.6545492268743713,0.6153846153846154,0.5209456697978256,0.7038341481278694,0.6207,0.5305,0.7056
2018-09-30,0.5658914728682171,0.475814334630428,0.6528742935174913,0.6186440677966102,0.5246829991255604,0.7064989861463197,0.6239,0.5342,0.7083
2018-10-01,0.5736434108527132,0.4835689208811402,0.6602591412276471,0.6218487394957983,0.5283634017895849,0.7091159500689059,0.6271,0.5379,0.7109000000000001
2018-10-02,0.5692307692307692,0.47951366175846405,0.6557219755274316,0.6166666666666667,0.5235027938116095,0.7039281144182734,0.6167,0.528,0.7005
2018-10-03,0.556390977443609,0.4677545281417318,0.6424604180131348,0.6115702479338843,0.5187335123879719,0.6988105358601779,0.6116,0.5231,0.6953
2018-10-04,0.5481481481481482,0.46023678073517416,0.6339008897028215,0.6065573770491803,0.5140528947638145,0.6937620244431064,0.6066,0.5184,0.6903
2018-10-05,0.5428571428571428,0.45662075188577195,0.6272418544881402,0.608,0.5166901304289993,0.6940690026253837,0.6129,0.5256000000000001,0.6956
2018-10-06,0.5492957746478874,0.4636483724467638,0.6328436323035083,0.609375,0.519217331483456,0.6943512185474237,0.624,0.5373,0.7057
2018-10-07,0.547945205479452,0.4635273638430918,0.6303778314764101,0.6153846153846154,0.5260529998447472,0.6993346640254837,0.6299,0.544,0.7106
2018-10-08,0.5424836601307189,0.4601167726760824,0.623173221065648,0.6194029850746269,0.5315573148127495,0.701847905427521,0.6484,0.5634,0.7276
2018-10-09,0.5471698113207547,0.4663985635025944,0.6261499549512748,0.6214285714285714,0.5356270919720187,0.7019764023318473,0.6641,0.5807,0.7412000000000001
2018-10-10,0.5454545454545454,0.4662224080957143,0.6230244209324713,0.6293706293706294,0.5446859869461134,0.7085760528111356,0.6767000000000001,0.5944,0.7522000000000001
2018-10-11,0.5588235294117647,0.4807741517263242,0.6347856688168714,0.6375838926174496,0.5549102000915636,0.7146674365084452,0.6985,0.6183000000000001,0.7714000000000001
2018-10-12,0.5523255813953488,0.4747546399669639,0.6280618869076322,0.6375838926174496,0.5549102000915636,0.7146674365084452,0.6835,0.6033000000000001,0.7569
2018-10-13,0.5681818181818182,0.4915363554480025,0.6424914070117623,0.6451612903225806,0.5643942646596952,0.7202608147706785,0.6993,0.6211,0.7704000000000001
2018-10-14,0.5810055865921788,0.5050928342231775,0.654189838063006,0.6540880503144654,0.5746618709249104,0.7276502003198559,0.7123,0.6357,0.7816000000000001
2018-10-15,0.574585635359116,0.4990723495864107,0.6476150692872251,0.6459627329192547,0.5668269253600282,0.7196152937150609,0.6933,0.6168,0.7634000000000001
2018-10-16,0.5783783783783784,0.5037394991282055,0.650464229938372,0.6524390243902439,0.5742585268917648,0.7249982059595943,0.6948000000000001,0.6193000000000001,0.7638
2018-10-17,0.5797872340425532,0.5057792271808867,0.6512383542698906,0.6566265060240963,0.5790743121566468,0.7284728494311856,0.6899000000000001,0.6152000000000001,0.7585000000000001
2018-10-18,0.5833333333333334,0.5101572565229615,0.6538951988637054,0.6588235294117647,0.582314422881105,0.7296846043057466,0.6957,0.6219,0.7632
2018-10-19,0.585,0.5133753143831974,0.6540663318192197,0.6573033707865169,0.5825919617158447,0.7266763956226873,0.7091000000000001,0.637,0.7747
2018-10-20,0.5841584158415841,0.5128964176003044,0.6529128703373261,0.6519337016574586,0.5777207854305471,0.7210781454798127,0.6982,0.6265000000000001,0.764
2018-10-21,0.5911330049261084,0.5201189815341571,0.6594449476792635,0.6557377049180327,0.5820679645468414,0.7242691107452266,0.6936,0.6225,0.7591
2018-10-22,0.583732057416268,0.5137177270703756,0.6513363287820877,0.6594594594594595,0.5863273825823023,0.7273875354586763,0.6932,0.6227,0.7581
2018-10-23,0.5849056603773585,0.5154181273646328,0.6519843973520889,0.656084656084656,0.5836735977808383,0.7235118839190358,0.6889000000000001,0.619,0.7535000000000001
2018-10-24,0.5879629629629629,0.5191754554517559,0.6543017059239297,0.654639175257732,0.583179231922315,0.7212908829119051,0.6902,0.6212,0.754
2018-10-25,0.581081081081081,0.5132064478504355,0.6467606323354407,0.6581632653061225,0.5871959001957642,0.7242632315162543,0.6862,0.6177,0.7496
2018-10-26,0.5757575757575758,0.5092300915864997,0.6403152737818916,0.6551724137931034,0.5854215615328899,0.7203155210491717,0.6927,0.6253000000000001,0.7551
2018-10-27,0.5818965517241379,0.5155630675134242,0.6461097657924937,0.6585365853658537,0.589246861760987,0.723164809482779,0.6923,0.6254000000000001,0.7542
2018-10-28,0.5815899581589958,0.5162692626029796,0.6448610682116496,0.6556603773584906,0.5875046500025787,0.719392982456929,0.6950000000000001,0.6291,0.756
2018-10-29,0.5809128630705395,0.5158684361862917,0.6439418387926971,0.6542056074766355,0.5863449132191563,0.7177262828527966,0.6863,0.6206,0.7473000000000001
2018-10-30,0.5901639344262295,0.5256210389010945,0.6524886565206667,0.64,0.5735366853499688,0.702720059385867,0.6923,0.6276,0.7523000000000001
2018-10-31,0.58,0.5161731583629781,0.6419068865351483,0.6415929203539823,0.5753233645250486,0.7040934746599379,0.6808000000000001,0.6163000000000001,0.7409
2018-11-01,0.5793650793650794,0.5157963238351471,0.641044461902359,0.6431718061674009,0.5770952701402337,0.7054541937214127,0.6728000000000001,0.6087,0.7329
2018-11-02,0.5697674418604651,0.5069057182339456,0.631007621339384,0.6447368421052632,0.5788525824207618,0.7068023928736513,0.6652,0.6014,0.7252000000000001
2018-11-03,0.5741444866920152,0.511929806375496,0.6346690198968776,0.6508620689655172,0.5857394034626897,0.7120734035011811,0.6681,0.6052000000000001,0.7273000000000001
2018-11-04,0.569811320754717,0.507813896967837,0.6302296275091839,0.6317991631799164,0.5672238753552687,0.693060525702931,0.6565000000000001,0.5937,0.7159
2018-11-05,0.5703703703703704,0.5089722166902697,0.630206632539847,0.6363636363636364,0.5723107725347365,0.6970305615938734,0.6581,0.5959,0.7169
2018-11-06,0.5714285714285714,0.5103862732350406,0.630903133123327,0.631578947368421,0.5681036662284997,0.6918545500098536,0.6555000000000001,0.5937,0.7139
2018-11-07,0.5631768953068592,0.5025503012235095,0.6224372766374084,0.631578947368421,0.5681036662284997,0.6918545500098536,0.642,0.5805,0.7005
2018-11-08,0.573943661971831,0.5141510084779017,0.6321770374608924,0.6269230769230769,0.5650341100297116,0.6858823832522545,0.6599,0.5995,0.7171000000000001
2018-11-09,0.570446735395189,0.5113797557738398,0.6280644479110904,0.6287878787878788,0.5674287004110374,0.6872199152518519,0.6614,0.6014,0.7180000000000001
2018-11-10,0.5782312925170068,0.5195296909927549,0.6353399834931699,0.6343283582089553,0.5735668344913419,0.6920826570340869,0.6667000000000001,0.6074,0.7226
2018-11-11,0.5796610169491525,0.5210737494100398,0.6366318076416386,0.6356877323420075,0.5750744765880389,0.6932746900380398,0.6577000000000001,0.5987,0.7136
2018-11-12,0.5681063122923588,0.5100475253507954,0.6248111787936219,0.6356877323420075,0.5750744765880389,0.6932746900380398,0.6477,0.5889,0.7037
2018-11-13,0.5841584158415841,0.5264152538488693,0.640239437299154,0.6436363636363637,0.5839028747690089,0.7002365661177472,0.6604,0.6025,0.7154
2018-11-14,0.5328947368421053,0.47508012048390774,0.5900621292954434,0.6230769230769231,0.5611129270417321,0.6822002676484111,0.5934,0.5345,0.6505000000000001
2018-11-15,0.5344262295081967,0.4767053887104551,0.5914719585507358,0.6245210727969349,0.5627089388825186,0.6834703058604272,0.5884,0.5299,0.6453
2018-11-16,0.5337620578778135,0.4766165130164548,0.5902584582883632,0.6287878787878788,0.5674287004110374,0.6872199152518519,0.5907,0.5327000000000001,0.6472
2018-11-17,0.5235109717868338,0.4671368879452814,0.5794445110886004,0.630188679245283,0.5689795954009738,0.6884500179678212,0.5860000000000001,0.5283,0.6421
2018-11-18,0.5184049079754601,0.4626773885760828,0.5737950650161076,0.6329588014981273,0.5720485483567627,0.6908812750583088,0.5868,0.5294,0.6427
2018-11-19,0.5214723926380368,0.46572994532854767,0.576821247170547,0.6343283582089553,0.5735668344913419,0.6920826570340869,0.5822,0.5251,0.6378
2018-11-20,0.5073746312684366,0.4528173066577997,0.5618020306908398,0.6370370370370371,0.576571584887472,0.6944574834346664,0.5811000000000001,0.5244,0.6363
2018-11-21,0.5057803468208093,0.45180063785708174,0.5596603050084376,0.6410256410256411,0.5810007871752396,0.6979514941531816,0.5833,0.5271,0.6382
2018-11-22,0.5142045454545454,0.4606421947875456,0.5675259982293823,0.6487455197132617,0.5895890088834876,0.7047040655178539,0.5934,0.5378000000000001,0.6476000000000001
2018-11-23,0.5168539325842697,0.46358608442396615,0.5698392018591599,0.6524822695035462,0.593753410732758,0.7079678843889055,0.5935,0.5383,0.6472
2018-11-24,0.5178082191780822,0.46521106259945366,0.5701142503187089,0.6585365853658537,0.6005107126090559,0.7132494852245276,0.6,0.5453,0.6531
2018-11-25,0.5188172043010753,0.4667236768906251,0.5706089713087115,0.6632302405498282,0.6057579178725065,0.717338622631166,0.6031000000000001,0.5489,0.6557000000000001
2018-11-26,0.5187165775401069,0.4667659886316064,0.5703686448837357,0.6643835616438356,0.6070483959453971,0.7183426760000691,0.5951000000000001,0.5413,0.6474000000000001
2018-11-27,0.52,0.4681150262091634,0.571566842392795,0.6655290102389079,0.6083305090783924,0.7193395932208475,0.5891000000000001,0.5356000000000001,0.6412
2018-11-28,0.5224274406332454,0.4708142110780098,0.5736877359454979,0.668918918918919,0.6121274573784857,0.7222882842404306,0.5875,0.5345,0.6392
2018-11-29,0.5263157894736842,0.47476046760611945,0.5774580855067841,0.6711409395973155,0.6146183780672656,0.7242197652945823,0.5831000000000001,0.5305,0.6344000000000001
2018-11-30,0.5284974093264249,0.47734850597729905,0.5792060808952799,0.6754966887417219,0.6195060368334397,0.7280029392600418,0.5862,0.534,0.6371
2018-12-01,0.5280612244897959,0.4773151804410417,0.5783804921439152,0.6786885245901639,0.623091667901223,0.7307726551264345,0.5864,0.5346000000000001,0.637
2018-12-02,0.5353535353535354,0.4848607535259669,0.5853141156996537,0.6838709677419355,0.6289207100932795,0.7352651652051582,0.5938,0.5424,0.6439
2018-12-03,0.5432098765432098,0.49329677335084077,0.5924871164286687,0.6918238993710691,0.6378831770652633,0.7421484521732125,0.6077,0.5569000000000001,0.6571
2018-12-04,0.5439024390243903,0.4943029918114033,0.5928638033246812,0.6947040498442367,0.6411340632044784,0.7446380067128078,0.6076,0.5571,0.6566000000000001
2018-12-05,0.5319148936170213,0.4831005410125747,0.5802798429101023,0.6965944272445821,0.6432692496237558,0.7462710913343537,0.6048,0.5546,0.6536000000000001
2018-12-06,0.5291375291375291,0.48067683027416913,0.5771937447224025,0.6984615384615385,0.6453793042453737,0.7478833580056587,0.6021000000000001,0.5522,0.6507000000000001
2018-12-07,0.5260770975056689,0.4782999040686965,0.5735022620759271,0.703030303030303,0.6505473410848921,0.7518255262850653,0.6073000000000001,0.5578000000000001,0.6554
2018-12-08,0.5269058295964125,0.47940152986603407,0.5740510319647278,0.7057057057057057,0.6535768223476847,0.7541320346089964,0.6057,0.5565,0.6534
2018-12-09,0.5266666666666666,0.47937895474219944,0.573601674324137,0.7074626865671642,0.655567596146146,0.7556459687899194,0.6015,0.5527000000000001,0.649
2018-12-10,0.5331858407079646,0.48599803819356413,0.5799366684638427,0.7109144542772862,0.659481584698234,0.7586184346076629,0.601,0.5526,0.6481
2018-12-11,0.5470459518599562,0.500134277046592,0.5933449649356093,0.7183908045977011,0.6679722602217992,0.7650484558211629,0.6143000000000001,0.5664,0.6607000000000001
2018-12-12,0.5460385438972163,0.4996420077747365,0.5918485280454571,0.7223796033994334,0.672509569079724,0.768474463954001,0.6174000000000001,0.5700000000000001,0.6634
2018-12-13,0.5454545454545454,0.49935916020647375,0.5909782522379394,0.7247191011235955,0.6751731456790492,0.7704824114160047,0.6143000000000001,0.5672,0.66
2018-12-14,0.5467775467775468,0.5010789490762404,0.5918977202681572,0.7285318559556787,0.6795178041635421,0.7737525190626664,0.6174000000000001,0.5707,0.6627000000000001
2018-12-15,0.5486542443064182,0.5030570278188478,0.5936523441462294,0.7300275482093664,0.6812234188779599,0.7750345592622611,0.6134000000000001,0.5670000000000001,0.6585000000000001
2018-12-16,0.5437881873727087,0.4985626312418416,0.5884834461697994,0.7315068493150685,0.6829110411212866,0.7763021192911529,0.6096,0.5634,0.6545000000000001
2018-12-17,0.548582995951417,0.5035083389836548,0.5930728869748727,0.7344173441734417,0.6862334301321811,0.7787947716040753,0.609,0.5632,0.6535000000000001
2018-12-18,0.5548902195608783,0.5101588243399784,0.5989702439841471,0.7393617021276596,0.6918836594881339,0.7830255246112021,0.6164000000000001,0.5710000000000001,0.6605000000000001
2018-12-19,0.5625,0.518296900685216,0.6059775019177097,0.7461139896373057,0.6996123689128326,0.7887956510881589,0.6302,0.5854,0.6736000000000001
2018-12-20,0.5728155339805825,0.5288061841642882,0.6159844400910333,0.7506361323155216,0.7047964395076791,0.7926551347818549,0.6371,0.5927,0.68
2018-12-21,0.5761078998073218,0.5322966232665665,0.6190475542737495,0.7531486146095718,0.7076794485127346,0.7947977630587695,0.6375000000000001,0.5934,0.6801
2018-12-22,0.5684410646387833,0.524878310423091,0.6112305990254067,0.7531486146095718,0.7076794485127346,0.7947977630587695,0.6295000000000001,0.5855,0.6721
2018-12-23,0.5725047080979284,0.5291791094296938,0.6150189508087003,0.7562189054726368,0.7112052004448557,0.7974144611095202,0.632,0.5884,0.6743
2018-12-24,0.5719626168224299,0.5287999240481753,0.614326111974792,0.7574257425742574,0.7125918684871541,0.7984425166677713,0.6283000000000001,0.5849,0.6704
2018-12-25,0.5735567970204841,0.5304875948052681,0.6158121629877769,0.7586206896551724,0.7139653207025236,0.7994601728321682,0.6247,0.5815,0.6667000000000001
2018-12-26,0.569060773480663,0.5262068730543361,0.6111591466898856,0.7592137592137592,0.7146471495797438,0.7999651504231375,0.6192000000000001,0.5762,0.6611
2018-12-27,0.5706422018348624,0.527879060807136,0.6126353729234936,0.7603911980440098,0.7160011283524472,0.8009675014468285,0.6171,0.5742,0.6588
2018-12-28,0.5724770642201835,0.5297260914117488,0.6144380561481289,0.7609756097560976,0.7166733237902083,0.8014649130251191,0.6118,0.5690000000000001,0.6534
2018-12-29,0.5711678832116789,0.5285284278738822,0.6130359295557525,0.7615571776155717,0.717342353268859,0.8019598404259529,0.6078,0.5652,0.6493
2018-12-30,0.5727272727272728,0.5301778725189453,0.6144912498958798,0.7627118644067796,0.718671003111742,0.8029423169023994,0.6069,0.5645,0.6483
2018-12-31,0.5740072202166066,0.5316246059361895,0.6155964150605707,0.7644230769230769,0.7206407825656852,0.8043978592578146,0.6069,0.5647,0.648
2019-01-01,0.5714285714285714,0.5292620141366133,0.612837665910694,0.7655502392344498,0.7219387553431104,0.8053563144163651,0.6061000000000001,0.5640000000000001,0.6471
2019-01-02,0.5739750445632799,0.531864402157397,0.61530261778754,0.7666666666666667,0.7232247531891891,0.8063054075611271,0.6053000000000001,0.5634,0.6462
2019-01-03,0.5716814159292035,0.5297083434978721,0.6129011438579441,0.7672209026128266,0.7238633130238061,0.8067764862153064,0.6037,0.5619000000000001,0.6446000000000001
2019-01-04,0.5759717314487632,0.5340667253002571,0.6170797016641276,0.7688679245283019,0.7257614789353859,0.8081760521296828,0.6048,0.5632,0.6455000000000001
2019-01-05,0.5669565217391305,0.525330002201978,0.60789175030699,0.7688679245283019,0.7257614789353859,0.8081760521296828,0.6004,0.5588000000000001,0.641
2019-01-06,0.5701906412478336,0.5286578627040313,0.6110012600546925,0.7704918032786885,0.7276337906685534,0.8095554581629265,0.6026,0.5612,0.643
2019-01-07,0.5768566493955095,0.535443663670736,0.6174816106558931,0.7731481481481481,0.7306982710268171,0.8118108394734063,0.6073000000000001,0.5661,0.6475000000000001
2019-01-08,0.5775862068965517,0.5362153795866119,0.6181629111369281,0.7736720554272517,0.7313029301842413,0.8122555110405325,0.6058,0.5647,0.6459
2019-01-09,0.5790378006872853,0.5377512026168743,0.6195182184526572,0.774712643678161,0.7325041581151401,0.8131385703569944,0.605,0.5641,0.645
2019-01-10,0.5787671232876712,0.5375510377913607,0.6191825728135939,0.7752293577981652,0.7331007627921089,0.8135769876843477,0.6036,0.5627,0.6435000000000001
2019-01-11,0.5767918088737202,0.5356329093672545,0.6171728569573054,0.7752293577981652,0.7331007627921089,0.8135769876843477,0.6004,0.5596,0.6402
2019-01-12,0.5764705882352941,0.5356298848110301,0.6165485394812691,0.7777777777777778,0.7360443972252588,0.8157385301664256,0.606,0.5654,0.6457
2019-01-13,0.5783333333333334,0.5376815982623275,0.6182103057663343,0.7797752808988764,0.7383530664498692,0.8174319558311839,0.6098,0.5694,0.6493
2019-01-14,0.5796387520525451,0.5393064814624705,0.6191951055802236,0.7827050997782705,0.7417414893855403,0.819914448528063,0.6171,0.5769000000000001,0.6563
2019-01-15,0.5830618892508144,0.5429263660563592,0.6223947807272429,0.7850877192982456,0.7444989889407745,0.8219321316608441,0.6215,0.5815,0.6605000000000001
2019-01-16,0.5831987075928917,0.5432310459893424,0.622368978043236,0.7864923747276689,0.7461254614563417,0.823121156713879,0.6235,0.5836,0.6623
2019-01-17,0.5784469096671949,0.5388329596677043,0.6173234907195821,0.7883369330453563,0.7482622149929476,0.824682009627173,0.625,0.5853,0.6636000000000001
2019-01-18,0.5770440251572327,0.5375795225922677,0.6157901072293399,0.789247311827957,0.7493171869106042,0.8254521383905568,0.6241,0.5846,0.6626000000000001
2019-01-19,0.5817610062893082,0.5423332283382283,0.620426348593875,0.7905982905982906,0.7508832013934821,0.8265947128643742,0.6239,0.5845,0.6623
2019-01-20,0.5828125,0.5435199779191167,0.6213376517098862,0.7919320594479831,0.7524298090938222,0.8277224082129931,0.6237,0.5845,0.6619
2019-01-21,0.5907692307692308,0.5518590316051883,0.6288513453206557,0.7966804979253111,0.7579403562966716,0.8317345852442748,0.6368,0.598,0.6745
2019-01-22,0.5873493975903614,0.548830909825756,0.6250880019706084,0.7991803278688525,0.7608441348054202,0.8338451791013145,0.6414000000000001,0.6028,0.6789000000000001
2019-01-23,0.5915915915915916,0.553171973891488,0.6291958993351051,0.8008130081300813,0.7627416564416385,0.835223038436389,0.6417,0.6033000000000001,0.6789000000000001
2019-01-24,0.5907738095238095,0.5525228418270944,0.6282240429765745,0.802020202020202,0.7641451879602178,0.8362415128341241,0.6414000000000001,0.6031000000000001,0.6784
2019-01-25,0.5955555555555555,0.5574390739297401,0.6328328685564717,0.804,0.7664479273429295,0.8379112479437328,0.6432,0.6052000000000001,0.6801
2019-01-26,0.5964653902798233,0.5584737414572314,0.633614915335575,0.805168986083499,0.767808148805794,0.8388968273450135,0.6418,0.604,0.6786
2019-01-27,0.593841642228739,0.5559092858929531,0.6309584419856189,0.805168986083499,0.767808148805794,0.8388968273450135,0.6358,0.598,0.6725
2019-01-28,0.590711175616836,0.5529468739711909,0.6276952424722829,0.805940594059406,0.7687062092122223,0.839547241661539,0.633,0.5953,0.6696000000000001
2019-01-29,0.5888252148997135,0.5512940936603532,0.6256022886456805,0.8074656188605108,0.7704816822566122,0.840832425367388,0.6333000000000001,0.5958,0.6697000000000001
2019-01-30,0.5872340425531914,0.5498802661330412,0.6238547178129548,0.80859375,0.7717955294355161,0.8417828695871002,0.633,0.5957,0.6693
2019-01-31,0.5881523272214386,0.5509149119603374,0.6246531404804678,0.8097087378640777,0.7730944436128669,0.8427220192293642,0.6318,0.5946,0.668
2019-02-01,0.5888111888111888,0.5517402482438689,0.6251463085741955,0.8111753371868978,0.7748035360231738,0.8439569950140378,0.6321,0.5951000000000001,0.6681
2019-02-02,0.5930555555555556,0.5561565037891054,0.6291889997080498,0.8133333333333334,0.7773195106075171,0.8457734834538592,0.6364000000000001,0.5996,0.6721
2019-02-03,0.5882352941176471,0.5515774591214829,0.6241782456528406,0.8143939393939394,0.778556563759831,0.8466659455701188,0.6352,0.5985,0.6708000000000001
2019-02-04,0.5885558583106267,0.551977758877027,0.6244194371912368,0.8150943396226416,0.7793736693293692,0.8472551988778368,0.6325000000000001,0.596,0.6681
2019-02-05,0.5904761904761905,0.5539410434977355,0.6262823132890967,0.8157894736842105,0.7801847756272654,0.8478399364824004,0.6299,0.5935,0.6654
2019-02-06,0.5943012211668928,0.5578533028175664,0.6299913506984949,0.8171641791044776,0.7817892523406371,0.8489960708389643,0.6302,0.5940000000000001,0.6655
2019-02-07,0.5967523680649527,0.5603795283277606,0.632349829219575,0.8181818181818182,0.7829773436961199,0.8498516971637821,0.6291,0.5930000000000001,0.6643
2019-02-08,0.5959731543624162,0.5597430486968744,0.6314403886614497,0.8191881918819188,0.784152585249997,0.8506976733091048,0.6289,0.5929,0.664
2019-02-09,0.5986666666666667,0.562588140627155,0.6339661719072605,0.8208409506398537,0.7860833263390785,0.8520866284085042,0.6315000000000001,0.5957,0.6664
2019-02-10,0.5986754966887418,0.5627198533222098,0.6338572608484039,0.8218181818181818,0.7872253019248489,0.8529076553496264,0.6313000000000001,0.5956,0.6661
2019-02-11,0.600263852242744,0.5643979574448343,0.6353465419630928,0.8227848101265823,0.788355165519569,0.8537196104487781,0.6311,0.5955,0.6657000000000001
2019-02-12,0.5984251968503937,0.5626368059068534,0.6334488355095986,0.8231046931407943,0.7887291283609488,0.8539882721469214,0.629,0.5934,0.6636000000000001
2019-02-13,0.5989583333333334,0.5633191544946659,0.6338346804380302,0.8243727598566308,0.7902118739928953,0.8550531143098798,0.6301,0.5948,0.6646000000000001
2019-02-14,0.6038961038961039,0.5683574545537482,0.6386359195180742,0.8259325044404974,0.7920363296203592,0.8563625058442423,0.6335000000000001,0.5983,0.6678000000000001
2019-02-15,0.6062176165803109,0.5707524207085979,0.6408682463155071,0.8268551236749117,0.7931158689310189,0.8571368376747336,0.6333000000000001,0.5982000000000001,0.6675
2019-02-16,0.6067270375161707,0.5712912518780577,0.6413454153635065,0.8271604938271605,0.79347323213179,0.8573930948989936,0.6312,0.5962000000000001,0.6654
2019-02-17,0.6090322580645161,0.5736703822482863,0.643561226645298,0.8280701754385965,0.794537961404404,0.8581563759674422,0.6319,0.5969,0.6659
2019-02-18,0.5943517329910141,0.5589255790832468,0.6290609689526037,0.8253119429590018,0.791310363815814,0.8558416006653081,0.6165,0.5814,0.6508
2019-02-19,0.5925925925925926,0.5572426095992583,0.6272426651161696,0.8256227758007118,0.79167397837136,0.8561025250474359,0.6146,0.5796,0.6488
2019-02-20,0.5913705583756346,0.5561243812662885,0.6259304955439171,0.8262411347517731,0.7923974241257208,0.856621548169353,0.6148,0.5798,0.6489
2019-02-21,0.593198992443325,0.5581065255278541,0.6275968170418693,0.827768014059754,0.7941842720499549,0.8579028591306626,0.6181,0.5833,0.6521
2019-02-22,0.5944931163954944,0.5595256534395847,0.628760733863082,0.8289703315881326,0.7955917819679096,0.8589115236033182,0.6209,0.5862,0.6548
2019-02-23,0.5982587064676617,0.5634399591045366,0.6323542639314875,0.8307426597582038,0.7976673598717073,0.8603979335263041,0.6255000000000001,0.5910000000000001,0.6592
2019-02-24,0.5985130111524164,0.5637632622017716,0.6325404185868084,0.8313253012048193,0.7983498947725012,0.8608864627883728,0.6256,0.5912000000000001,0.6593
2019-02-25,0.6,0.5653315342927936,0.6339379528384332,0.8321917808219178,0.7993651164667178,0.8616128745407867,0.6263000000000001,0.5919,0.6598
2019-02-26,0.5995085995085995,0.5649225265137134,0.6333713598217017,0.8327645051194539,0.8000362773022134,0.8620929460211435,0.6256,0.5914,0.6591
2019-02-27,0.5975609756097561,0.5630851984547218,0.6313328494900234,0.8333333333333334,0.8007029678856279,0.8625696958304174,0.625,0.5908,0.6584
2019-02-28,0.5978128797083839,0.563404083063304,0.6315185514578183,0.8338983050847457,0.8013652326731261,0.8630431583509608,0.6244000000000001,0.5902000000000001,0.6577000000000001
2019-03-01,0.5987878787878788,0.5644316614467306,0.6324356942764362,0.8344594594594594,0.8020231155341775,0.8635133674918458,0.6237,0.5897,0.657
2019-03-02,0.5983112183353438,0.5640352705720468,0.6318856201110195,0.835016835016835,0.8026766597611874,0.8639803566969866,0.6231,0.5892000000000001,0.6563
2019-03-03,0.5985576923076923,0.5643476195052362,0.6320670192088644,0.8355704697986577,0.8033259080789384,0.8644441589530967,0.6225,0.5886,0.6556000000000001
2019-03-04,0.5988023952095808,0.5646578353746315,0.6322470160314507,0.8361204013377926,0.8039709026538493,0.8649048067974808,0.6219,0.5881000000000001,0.6549
2019-03-05,0.5980975029726516,0.5640709491679954,0.6314341217254488,0.8369384359400999,0.8049305096378649,0.8655899341320894,0.6225,0.5888,0.6555000000000001
2019-03-06,0.6002358490566038,0.5663750873247109,0.633397497697386,0.8385502471169687,0.8068218414566029,0.8669395367100458,0.6268,0.5933,0.6596000000000001
2019-03-07,0.6014067995310668,0.567659972269784,0.6344505245168085,0.839607201309329,0.8080625060144021,0.8678243049755132,0.6287,0.5952000000000001,0.6613
2019-03-08,0.6007025761124122,0.566968731521797,0.6337390312772391,0.839607201309329,0.8080625060144021,0.8678243049755132,0.6256,0.5922000000000001,0.6582
2019-03-09,0.6039719626168224,0.5703128915783398,0.6369126787464321,0.8406504065040651,0.8092873524676486,0.8686973770074161,0.6274000000000001,0.5941000000000001,0.66
2019-03-10,0.6025641025641025,0.5689303095577215,0.635490945116852,0.8406504065040651,0.8092873524676486,0.8686973770074161,0.6244000000000001,0.5911000000000001,0.6569
2019-03-11,0.6034883720930233,0.5699044835641759,0.6363606078122093,0.8411669367909238,0.8098939380328529,0.8691295992251257,0.6238,0.5906,0.6562
2019-03-12,0.6020881670533643,0.568529475690289,0.6349464882462257,0.8411669367909238,0.8098939380328529,0.8691295992251257,0.6208,0.5876,0.6532
2019-03-13,0.6020761245674741,0.5686166380198784,0.6348394007820917,0.8419354838709677,0.8107966230262875,0.8697726198942071,0.6222,0.5891000000000001,0.6545000000000001
2019-03-14,0.6039035591274398,0.5705421732626164,0.6365595437840946,0.842948717948718,0.811986965092502,0.8706202092451041,0.624,0.5910000000000001,0.6562
2019-03-15,0.60250569476082,0.5692661691239196,0.6350549195914008,0.8437001594896332,0.8128699482973161,0.8712486914257184,0.6253000000000001,0.5924,0.6574
2019-03-16,0.6015801354401806,0.5684851708494673,0.6339972732666492,0.8446909667194928,0.8140344506508983,0.8720772248975539,0.6278,0.595,0.6598
2019-03-17,0.6011173184357542,0.5681885497629555,0.6333782005252735,0.8459119496855346,0.8154698739274302,0.8730980068673291,0.6307,0.598,0.6626000000000001
2019-03-18,0.5991140642303433,0.5663149943312864,0.6312643453799809,0.8466353677621283,0.8163205503750778,0.8737026889514756,0.6313000000000001,0.5987,0.6631
2019-03-19,0.5956284153005464,0.5630168795466493,0.6276222839627432,0.8475894245723172,0.817442670918927,0.87450001906051,0.633,0.6005,0.6647000000000001
2019-03-20,0.5928725701943844,0.560434716198503,0.6247177629179508,0.848531684698609,0.818551176810191,0.8752873392047114,0.6339,0.6016,0.6655
2019-03-21,0.5991379310344828,0.5667945548246073,0.6308500058144564,0.8501529051987767,0.8204590385741353,0.8766416241428052,0.6376000000000001,0.6054,0.669
2019-03-22,0.5995717344753747,0.5673391498688305,0.6311743637375057,0.851063829787234,0.8215313551987152,0.8774023694678261,0.6378,0.6057,0.6691
2019-03-23,0.597457627118644,0.5653798893574848,0.6289253878989212,0.851963746223565,0.8225909499843713,0.8781537841700274,0.638,0.606,0.6692
2019-03-24,0.5983175604626709,0.5663690877248203,0.6296552404867324,0.8530734632683659,0.8238978954175064,0.8790801910371479,0.6386000000000001,0.6068,0.6697000000000001
2019-03-25,0.599791013584117,0.5679594784066422,0.6310065167603995,0.8541666666666666,0.8251857415494165,0.8799926096068377,0.6399,0.6082000000000001,0.6708000000000001
2019-03-26,0.5985477178423236,0.5668226723988221,0.6296688709912706,0.8548148148148148,0.8259494548098725,0.880533477645104,0.6383,0.6066,0.6691
2019-03-27,0.5991820040899796,0.567696248050328,0.6300687569405743,0.8567251461988304,0.8282011070420683,0.8821272050868533,0.6432,0.6118,0.6739
2019-03-28,0.5981873111782477,0.5669363549831691,0.6288543150297712,0.8583815028901735,0.8301542615226463,0.8835085549728767,0.6471,0.6158,0.6775
2019-03-29,0.5972083748753739,0.5661080404434199,0.6277363996442269,0.8593974175035868,0.8313526073991454,0.8843555691650973,0.6469,0.6158,0.6772
2019-03-30,0.6003937007874016,0.5695276495964312,0.6306763033884306,0.8615819209039548,0.8339303991432585,0.8861763055500562,0.6531,0.6222,0.6831
2019-03-31,0.5992179863147605,0.5684489160171294,0.629414427464787,0.8621659634317862,0.8346198234159516,0.8866629576402772,0.6507000000000001,0.62,0.6807000000000001
2019-04-01,0.601364522417154,0.5706621457959096,0.6314835963536849,0.862937062937063,0.835530206961675,0.8873053875665522,0.6488,0.6181,0.6786
2019-04-02,0.6034816247582205,0.5729218870597337,0.6334505141296416,0.8642659279778393,0.8370995075851697,0.8884122794428481,0.65,0.6195,0.6797000000000001
2019-04-03,0.6042267050912584,0.5737797506874867,0.6340825902973908,0.8651994497936726,0.8382022384660617,0.8891896907080428,0.6491,0.6188,0.6787000000000001
2019-04-04,0.6051379638439581,0.5748487785304639,0.6348366306752978,0.8664850136239782,0.8397212325774032,0.8902600362805968,0.6503,0.6201,0.6797000000000001
2019-04-05,0.6090225563909775,0.578963546198141,0.6384767558313058,0.868632707774799,0.8422599610449459,0.8920475710571373,0.6565000000000001,0.6266,0.6857000000000001
2019-04-06,0.6064814814814815,0.57662477857704,0.63575631202895,0.8698539176626826,0.8437041095482776,0.8930636490650524,0.6576000000000001,0.6278,0.6866
2019-04-07,0.6112132352941176,0.5815187613358508,0.640304461381946,0.8715596330275229,0.8457219289176214,0.8944824361861706,0.6617000000000001,0.6321,0.6904
2019-04-08,0.6125226860254084,0.5830360688541923,0.6414067666337087,0.8732212160413971,0.8476883426999967,0.8958640538872669,0.6657000000000001,0.6363,0.6942
2019-04-09,0.6116071428571429,0.5823541094728928,0.6402722352465542,0.8748403575989783,0.8496052893261608,0.897209944514841,0.6696000000000001,0.6404000000000001,0.6979000000000001
2019-04-10,0.612280701754386,0.5832985864348055,0.6406817902366374,0.8768844221105527,0.852026384882916,0.8989084324953646,0.6757000000000001,0.6468,0.7037
2019-04-11,0.6117850953206239,0.5829780940454229,0.6400207148418224,0.8781094527363185,0.8534779465541031,0.8999260272446284,0.6762,0.6475000000000001,0.7041000000000001
2019-04-12,0.6183986371379898,0.5899163545934145,0.6462860932099554,0.8810679611650486,0.8569853044127301,0.9023825565059137,0.6875,0.6592,0.7149
2019-04-13,0.6219409282700422,0.5936352566779506,0.6496396909353251,0.8826347305389222,0.8588437443304053,0.9036829091390947,0.6901,0.662,0.7173
2019-04-14,0.6243739565943238,0.596254869199299,0.6518807847079715,0.8841607565011821,0.860654527780043,0.904949062411293,0.6920000000000001,0.6641,0.7189
2019-04-15,0.6255178127589064,0.5975200797199507,0.6529022947190595,0.8851113716295428,0.8617828631549743,0.9057376024272414,0.6901,0.6624,0.7170000000000001
2019-04-16,0.6266339869281046,0.5988495704350882,0.65380835733603,0.8867052023121387,0.8636752413358515,0.9070593639460887,0.6929000000000001,0.6653,0.7195
2019-04-17,0.6286407766990292,0.6010194663254291,0.6556484277480601,0.888,0.8652131043579702,0.9081328347979137,0.6931,0.6658000000000001,0.7196
2019-04-18,0.6306954436450839,0.6032698546109423,0.6575050965230305,0.8895152198421646,0.8670133721644675,0.9093887054230346,0.6958000000000001,0.6686000000000001,0.7220000000000001
2019-04-19,0.6288659793814433,0.6015291636144564,0.6556003488475126,0.8900112233445566,0.8676028268315803,0.909799730995493,0.6908000000000001,0.6637000000000001,0.7170000000000001
2019-04-20,0.6330708661417322,0.605886256728766,0.6596377890776581,0.8913525498891353,0.8691972195104851,0.9109110555415427,0.6919000000000001,0.665,0.7180000000000001
2019-04-21,0.6342229199372057,0.6070968934472436,0.6607278770232345,0.891832229580574,0.8697675233543357,0.9113084124315176,0.6877,0.6608,0.7137
2019-04-22,0.6324786324786325,0.6054709478123663,0.6588795735600481,0.8925438596491229,0.8706137190984238,0.9118978439966829,0.6852,0.6585000000000001,0.7111000000000001
2019-04-23,0.6295157571099155,0.6026203495457865,0.6558244449726458,0.8931297709923665,0.8713105308870459,0.9123830835899762,0.6819000000000001,0.6553,0.7078
2019-04-24,0.630451415455241,0.6036307818882114,0.6566838201862918,0.8937093275488069,0.8719998805826565,0.9128630059389607,0.6793,0.6527000000000001,0.7051000000000001
2019-04-25,0.6270676691729323,0.6004445343595526,0.6531278417960181,0.8948497854077253,0.873356667874003,0.9138072448067945,0.6808000000000001,0.6544,0.7065
2019-04-26,0.6276831976313841,0.6012798304940903,0.6535297362837585,0.8964059196617337,0.8752085724886065,0.915095304846709,0.6861,0.6599,0.7115
2019-04-27,0.6300072833211945,0.6038488762385428,0.6556078710920605,0.8982346832814122,0.8773857980046937,0.9166085323508427,0.6926,0.6666000000000001,0.7177
2019-04-28,0.6364285714285715,0.6106086983263697,0.6616744145222858,0.9009100101112234,0.8805725936432226,0.9188212926003632,0.7066,0.6811,0.7312000000000001
2019-04-29,0.6393210749646393,0.6136694669948146,0.6643923148120991,0.9021956087824351,0.8821046899023814,0.9198842035393789,0.7090000000000001,0.6837000000000001,0.7335
2019-04-30,0.642407277816655,0.616934354553141,0.6672932334467234,0.9035433070866141,0.8837112917405121,0.9209981746291307,0.7116,0.6866,0.7359
2019-05-01,0.6426592797783933,0.6173254891230499,0.6674112191544684,0.9044834307992202,0.8848323229507462,0.9217750843945942,0.7111000000000001,0.6862,0.7352000000000001
2019-05-02,0.6438824333561176,0.6187338186863273,0.6684518816379987,0.9057692307692308,0.8863659506619579,0.9228374304397753,0.7131000000000001,0.6884,0.737
2019-05-03,0.6443542934415145,0.619351576241483,0.6687822774381772,0.9067554709800191,0.8875425953381142,0.9236520981084686,0.7128,0.6882,0.7366
2019-05-04,0.6471774193548387,0.6222902585118525,0.671482160515168,0.9076343072573044,0.8885913304777104,0.9243779165310613,0.7118,0.6873,0.7354
2019-05-05,0.650066401062417,0.6253716347525811,0.6741744491778952,0.9090064995357474,0.8902292314214046,0.9255109460234097,0.7146,0.6904,0.738
2019-05-06,0.6510862409479921,0.6265140891707763,0.6750727752837726,0.9098436062557498,0.8912286929486637,0.9262020050148981,0.7136,0.6894,0.7369
2019-05-07,0.6538461538461539,0.629436147067177,0.6776657028934313,0.9109900090826522,0.8925977561386697,0.9271482183626369,0.7154,0.6915,0.7386
2019-05-08,0.6553966189856957,0.6310413226294023,0.6791570591671179,0.9113924050632911,0.8930783947816838,0.9274802971249044,0.7109000000000001,0.687,0.734
2019-05-09,0.6515054452274183,0.6272797809914739,0.6751597863937406,0.9121076233183857,0.8939327932739765,0.9280704705518892,0.7092,0.6854,0.7323000000000001
2019-05-10,0.650571791613723,0.626435899616328,0.6741446131988695,0.9126559714795008,0.8945879459172047,0.9285228938993477,0.7067,0.683,0.7297
2019-05-11,0.6463567839195979,0.6223044508391367,0.6698680699895148,0.9130434782608695,0.8950509799989776,0.9288425839357145,0.7029000000000001,0.6792,0.7259
2019-05-12,0.6406926406926406,0.6167589481443381,0.6641143584126705,0.9135802469135802,0.8956924372740694,0.929285374759713,0.7005,0.6769000000000001,0.7234
2019-05-13,0.6421568627450981,0.6183541349966095,0.6654470701377458,0.9144851657940664,0.8967740291532691,0.9300317571186526,0.7015,0.678,0.7243
2019-05-14,0.6414294367050273,0.6177580588712468,0.6645968326748702,0.9152981849611063,0.8977459741723609,0.9307022302000623,0.7018,0.6784,0.7245
2019-05-15,0.6417464114832536,0.6182313635117141,0.6647627379133227,0.9163108454312553,0.89895684360054,0.9315371963346258,0.7036,0.6804,0.7261000000000001
2019-05-16,0.6447602131438721,0.6214040710639607,0.6676121786969593,0.9174389216512215,0.9003060560086856,0.9324671363278887,0.7067,0.6837000000000001,0.729
2019-05-17,0.647985989492119,0.6248388174315123,0.6706250074319609,0.9188741721854304,0.9020231706933701,0.9336500098455005,0.7125,0.6897,0.7345
2019-05-18,0.6487268518518519,0.6256921817446295,0.6712552858123393,0.9196062346185397,0.9028992214528246,0.9342532208618713,0.7117,0.6891,0.7337
2019-05-19,0.6501726121979287,0.6272245926091595,0.6726124294402885,0.9201954397394136,0.9036044248684338,0.9347386581898173,0.7094,0.6868000000000001,0.7312000000000001
2019-05-20,0.6452529846503695,0.6223826696709274,0.6676376828400259,0.9205190592051906,0.9039917972221366,0.9350052603512612,0.7050000000000001,0.6824,0.7269
2019-05-21,0.6484814398200225,0.6257770157179925,0.6706947804578707,0.9216626698641087,0.9053609320736877,0.9359472514116179,0.7082,0.6859000000000001,0.7299
2019-05-22,0.6484069312465064,0.6257730027378534,0.6705530631548675,0.9220985691573926,0.905882888037641,0.936306247500431,0.7052,0.6829000000000001,0.7268
2019-05-23,0.6477777777777778,0.6252066606816189,0.669866159392128,0.9224683544303798,0.906325718947264,0.9366107704366133,0.7011000000000001,0.6789000000000001,0.7228
2019-05-24,0.6500829187396352,0.6275985897331358,0.6720794272054287,0.9230769230769231,0.9070545841094102,0.9371118881189713,0.7000000000000001,0.6778000000000001,0.7215
2019-05-25,0.6507150715071507,0.6282958172797681,0.6726468899409395,0.9234972677595629,0.9075580789301199,0.9374579815884158,0.6971,0.675,0.7186
2019-05-26,0.6500547645125958,0.6276772818345132,0.6719490919380797,0.9237354085603113,0.907843349137896,0.9376540441127947,0.6929000000000001,0.6709,0.7144
2019-05-27,0.6512008733624454,0.6288755826684986,0.6730409185953089,0.9240898528272656,0.9082679690907505,0.9379458435072207,0.6904,0.6684,0.7118
2019-05-28,0.6526202052944354,0.6304306361155441,0.6743250305006547,0.9249617151607963,0.9093125980707562,0.9386635286830813,0.6935,0.6716000000000001,0.7148
2019-05-29,0.6548387096774193,0.6327330886857113,0.6764549253971748,0.925531914893617,0.9099959016534719,0.9391328322628124,0.6936,0.6718000000000001,0.7148
2019-05-30,0.6537234042553192,0.6317236915008537,0.67524244877799,0.9261492087415222,0.9107357425493083,0.9396408397147538,0.6947,0.6731,0.7159
2019-05-31,0.6537234042553192,0.6317236915008537,0.67524244877799,0.9261492087415222,0.9107357425493083,0.9396408397147538,0.6897,0.668,0.7108
2019-06-01,0.6552631578947369,0.6334021489417963,0.6766438228733895,0.9270290394638868,0.9117904225940757,0.9403648018721344,0.6936,0.6721,0.7146
2019-06-02,0.6541274817136886,0.6323335385915376,0.6754481128101899,0.9274074074074075,0.9122440498325874,0.9406761021510084,0.6929000000000001,0.6714,0.7138
2019-06-03,0.6542056074766355,0.6324821508481833,0.6754584832164828,0.9278350515463918,0.9127568023155567,0.9410279174172476,0.6927,0.6713,0.7136
2019-06-04,0.6540652511651994,0.6323687359835981,0.6752928405133771,0.9279941219691403,0.9129475433465036,0.9411587745991172,0.6894,0.668,0.7103
2019-06-05,0.6572018585441404,0.6355806251886924,0.6783460956541034,0.9285193289569658,0.9135773677945092,0.9415908013194797,0.6903,0.669,0.7111000000000001
2019-06-06,0.6575835475578407,0.6360128396850582,0.6786780796973899,0.9288307915758897,0.9139509076205299,0.9418469851991647,0.6891,0.6679,0.7098
2019-06-07,0.6589861751152074,0.6374792785188368,0.6800146320600498,0.9292418772563177,0.9144439673769196,0.9421850879098518,0.6890000000000001,0.6678000000000001,0.7096
2019-06-08,0.6574923547400612,0.6360161439262857,0.6784968184762131,0.9293948126801153,0.9146274114017219,0.9423108649361466,0.6865,0.6654,0.7072
2019-06-09,0.6585365853658537,0.6371076371166154,0.6794921112867635,0.9296987087517934,0.9149919499496267,0.9425607841438502,0.6861,0.665,0.7067
2019-06-10,0.6585735963581184,0.637195035397482,0.6794807951708824,0.93,0.9153533891159257,0.9428085470698958,0.6853,0.6642,0.7058
2019-06-11,0.6587939698492462,0.637489785241881,0.6796292413203036,0.9304471256210078,0.9158898224282079,0.9431762090902194,0.6867000000000001,0.6658000000000001,0.7072
2019-06-12,0.653922542204568,0.6326855943980889,0.6747104396615099,0.9307420494699646,0.9162436838635329,0.9434187018540032,0.6863,0.6654,0.7067
2019-06-13,0.6544916090819348,0.6333261798289372,0.6752090132554558,0.9311797752808989,0.916768929162441,0.9437785846762456,0.6874,0.6665,0.7078
2019-06-14,0.6534313725490196,0.6323268922422189,0.674093982087252,0.9315164220824598,0.9171729216270017,0.9440553437258774,0.6875,0.6667000000000001,0.7078
2019-06-15,0.6553067185978578,0.6342994049000121,0.675869821650802,0.9321329639889196,0.9179128830149241,0.9445621605558482,0.6903,0.6695,0.7105
2019-06-16,0.6533269045323047,0.6323984601312693,0.6738210679997427,0.9325533379215416,0.9184174677286033,0.9449076874782716,0.6910000000000001,0.6703,0.7111000000000001
2019-06-17,0.654048873981792,0.6331960496773091,0.6744681057799617,0.9330143540669856,0.9189708923883866,0.9452865889554547,0.6918000000000001,0.6713,0.7119000000000001
2019-06-18,0.6564885496183206,0.6357121333717105,0.6768263996834403,0.9335142469470827,0.9195710527931062,0.9456974055088604,0.6932,0.6727000000000001,0.7132000000000001
2019-06-19,0.6563981042654028,0.6356910355491684,0.6766697888279828,0.9339177343223196,0.9200555212040868,0.946028967022795,0.6932,0.6728000000000001,0.7131000000000001
2019-06-20,0.6589513462446859,0.6383118092911682,0.6791498525378339,0.9343603482920295,0.92058702072905,0.9463926515359652,0.6937,0.6734,0.7135
2019-06-21,0.6580675422138836,0.637490969298341,0.6782086475115643,0.9347101932045303,0.9210071596200525,0.9466800887383781,0.6932,0.6729,0.7130000000000001
2019-06-22,0.6582750582750583,0.6377648833141658,0.6783518536194532,0.9350993377483444,0.9214745342618343,0.9469997928867551,0.6932,0.673,0.7129000000000001
2019-06-23,0.6576869484440316,0.6372082538599428,0.6777354916457853,0.9352708058124174,0.9216804859772003,0.9471406561517302,0.6911,0.6709,0.7108
2019-06-24,0.6577614002763703,0.637370488149249,0.6777255498393145,0.9357798165137615,0.9222919107377067,0.9475587884618583,0.6925,0.6724,0.7121000000000001
2019-06-25,0.6582684379294549,0.6379412070250743,0.6781699017788205,0.9361563517915309,0.9227442517195692,0.9478680717551478,0.6925,0.6725,0.7121000000000001
2019-06-26,0.6602739726027397,0.640005429777055,0.680112731550929,0.9365284974093264,0.9231913577141894,0.9481737279849319,0.6929000000000001,0.6729,0.7124
2019-06-27,0.6622787108488425,0.6420971274148105,0.6820277105342951,0.9370584457289659,0.9238281181239785,0.9486089563474519,0.6948000000000001,0.6749,0.7142000000000001
2019-06-28,0.6605049594229035,0.6403703755608634,0.680214608799484,0.9373000639795266,0.9241184606856515,0.9488073747956078,0.6937,0.6738000000000001,0.7130000000000001
2019-06-29,0.6584491259524877,0.6383485452946251,0.6781326846160491,0.9374601148691768,0.9243107960148375,0.9489388046679398,0.6913,0.6715,0.7106
2019-06-30,0.6581996434937611,0.6381554549750588,0.6778298958934323,0.9377777777777778,0.9246925567578128,0.9491996500161854,0.6912,0.6714,0.7105
2019-07-01,0.6601769911504425,0.6402301123542334,0.6797077383787704,0.9383647798742139,0.9253980769441982,0.9496816194567625,0.6940000000000001,0.6743,0.7131000000000001
2019-07-02,0.6610989010989011,0.6412308909255489,0.6805511584715878,0.9388264669163545,0.9259530471404476,0.950060659388482,0.6957,0.6761,0.7148
2019-07-03,0.6608391608391608,0.6410255568521726,0.6802400575275649,0.9391304347826087,0.9263184632886303,0.9503101957766786,0.6952,0.6757000000000001,0.7142000000000001
2019-07-04,0.6618736383442266,0.6421039840208733,0.6812292017508284,0.9393939393939394,0.9266352569622677,0.9505265031924026,0.6942,0.6748000000000001,0.7133
2019-07-05,0.6614583333333334,0.6417228671678024,0.6807823968385631,0.9395807644882861,0.9268598756473798,0.9506798589671108,0.6924,0.673,0.7114
2019-07-06,0.6616248919619706,0.6419350936499331,0.680904653973998,0.939840392879067,0.927172041248851,0.950892966598161,0.6915,0.6721,0.7105
2019-07-07,0.6609294320137694,0.6412741650691722,0.6801781982956019,0.9400244798041616,0.9273933903997688,0.9510440621827817,0.6900000000000001,0.6707000000000001,0.7090000000000001
2019-07-08,0.6628106255355612,0.6432220846189718,0.6819896795447968,0.9404255319148936,0.927875654350101,0.9513732213220287,0.6912,0.6719,0.7101000000000001
2019-07-09,0.6623986342296202,0.6428433096954724,0.6815470890835167,0.9406060606060606,0.9280927539982025,0.9515213802325957,0.6898000000000001,0.6705,0.7086
2019-07-10,0.6588884174798473,0.6393487947100785,0.6780323592016921,0.9406420351302242,0.9281360172040944,0.951550903731673,0.6866,0.6673,0.7054
2019-07-11,0.65625,0.6367247522149118,0.675387966722655,0.940677966101695,0.9281792283885759,0.9515803912902058,0.6837000000000001,0.6644,0.7025
2019-07-12,0.6550566512798993,0.6355799650658642,0.6741514535818017,0.9409282700421941,0.9284802579280944,0.9517858033545296,0.6832,0.6639,0.7020000000000001
2019-07-13,0.6559498956158664,0.6365336231793659,0.6749840177526897,0.9412822049131216,0.9289059492384839,0.9520762438296034,0.6842,0.6651,0.7030000000000001
2019-07-14,0.6539260490236809,0.6345353393524302,0.6729414677451915,0.9413875598086124,0.9290326703445893,0.9521626948066474,0.6823,0.6631,0.7010000000000001
2019-07-15,0.6542597187758478,0.6349179251542332,0.6732271287207847,0.9416666666666667,0.9293683954556301,0.9523917130750036,0.6822,0.6631,0.7009000000000001
2019-07-16,0.6606260296540363,0.6414011038584072,0.6794627124877115,0.9424206815511164,0.9302754731848895,0.9530103526812799,0.6884,0.6695,0.7069000000000001
2019-07-17,0.6607875307629204,0.6416048392964908,0.6795831926262791,0.9426565242832066,0.9305592233906035,0.9532038345380669,0.6879000000000001,0.669,0.7064
2019-07-18,0.6610929853181077,0.641969966682254,0.6798304661386882,0.9429901105293775,0.9309605981531034,0.9534774892014962,0.6889000000000001,0.6701,0.7073
2019-07-19,0.6615384615384615,0.6424920874917445,0.6802010653193362,0.9434180138568129,0.9314755010564617,0.9538284911996344,0.6909000000000001,0.6721,0.7093
2019-07-20,0.6614331723027376,0.6424403268771879,0.6800446733838663,0.9437105112004595,0.931827496715856,0.9540684058280763,0.6912,0.6725,0.7095
2019-07-21,0.6601281024819856,0.6411737816983196,0.6787063002089215,0.9439038351459645,0.9320601585269014,0.9542269684499904,0.6905,0.6719,0.7088
2019-07-22,0.6600079904115062,0.6410715356745154,0.6785693602377603,0.944,0.9321758949812027,0.9543058399040493,0.6880000000000001,0.6694,0.7063
2019-07-23,0.6600476568705321,0.6411692731380622,0.6785531117360841,0.9443181818181818,0.9325588516885368,0.9545667927812906,0.6888000000000001,0.6702,0.7070000000000001
2019-07-24,0.6603325415676959,0.6414880837224698,0.6788045963880849,0.9445073612684032,0.9327865571296536,0.9547219386425658,0.6878000000000001,0.6693,0.7060000000000001
2019-07-25,0.6603325415676959,0.6414880837224698,0.6788045963880849,0.9445073612684032,0.9327865571296536,0.9547219386425658,0.6842,0.6656000000000001,0.7024
2019-07-26,0.6603325415676959,0.6414880837224698,0.6788045963880849,0.9445073612684032,0.9327865571296536,0.9547219386425658,0.6808000000000001,0.6622,0.6990000000000001
2019-07-27,0.6580896686159844,0.6393652602175641,0.6764525095428872,0.9451287793952967,0.9335345948569292,0.9552315245622861,0.6859000000000001,0.6674,0.7040000000000001
2019-07-28,0.6581296080714009,0.6394501540109689,0.6764490978481056,0.9453734671125975,0.9338291690013248,0.9554321614146698,0.6861,0.6677000000000001,0.7041000000000001
2019-07-29,0.6590821442344774,0.6404726890799121,0.6773317119793139,0.9457664637520753,0.9343023233616156,0.9557543881998573,0.6883,0.6699,0.7062
2019-07-30,0.6593785960874569,0.6408236223275027,0.6775749591172296,0.9460649422124381,0.9346617094098489,0.9559991016831814,0.6890000000000001,0.6707000000000001,0.7069000000000001
2019-07-31,0.6601756395570828,0.64167342995112,0.6783191039186813,0.946360153256705,0.9350171853251033,0.9562411229653498,0.6897,0.6714,0.7075
2019-08-01,0.6612167300380228,0.6427663260684565,0.6793075730152895,0.9466521502449646,0.9353688145694611,0.9564804962332686,0.6904,0.6722,0.7082
2019-08-02,0.6588590857574613,0.6404414675840456,0.676924698807956,0.9467969598262758,0.9355432061474847,0.9565992034065878,0.6888000000000001,0.6706000000000001,0.7066
2019-08-03,0.6577660774727341,0.6393782097104515,0.6758059530872697,0.9469409853817,0.9357166592391988,0.9567172647120618,0.6872,0.6691,0.7050000000000001
2019-08-04,0.6575496440614462,0.6391944198892545,0.6755586642845197,0.9471127900701565,0.9359235747785309,0.9568580931311024,0.6861,0.668,0.7038
2019-08-05,0.6575496440614462,0.6391944198892545,0.6755586642845197,0.9471127900701565,0.9359235747785309,0.9568580931311024,0.6823,0.6642,0.7001000000000001
2019-08-06,0.6594715295868999,0.6412012142662832,0.6773937733722116,0.9475935828877006,0.9365026677773431,0.9572521754644406,0.6855,0.6675,0.7031000000000001
2019-08-07,0.6587448941700705,0.6404869183909838,0.6766571635287808,0.9476495726495726,0.9365701090073781,0.9572980652457742,0.6831,0.6651,0.7008
2019-08-08,0.6591330122267507,0.6409002072007639,0.6770200394850316,0.9477890250399574,0.9367380870356353,0.9574123597789254,0.6819000000000001,0.6639,0.6995
2019-08-09,0.6594015515330625,0.6411993218406458,0.6772584489748279,0.9479553903345725,0.9369384900982067,0.957548708136452,0.681,0.6631,0.6986
2019-08-10,0.6590742101396032,0.6409193747654651,0.676886334238799,0.9482029598308668,0.9372367255004401,0.9577516014058519,0.6816,0.6637000000000001,0.6992
2019-08-11,0.6569236390208257,0.638795053418014,0.6747160174742501,0.9483122362869199,0.9373683710810281,0.9578411549422354,0.6803,0.6624,0.6978000000000001
2019-08-12,0.6576740794750273,0.6395741962680621,0.6754368888239055,0.9484752891692955,0.9375648073187661,0.9579747756152326,0.6797000000000001,0.6619,0.6972
2019-08-13,0.6590247452692868,0.6409570449759396,0.6767531023235809,0.9486642221058146,0.9377924313851129,0.9581295997564364,0.6795,0.6617000000000001,0.6970000000000001
2019-08-14,0.6595358955765047,0.6415074540037988,0.6772251434188947,0.9488784559207094,0.9380505494635022,0.9583051505509083,0.68,0.6622,0.6974
2019-08-15,0.6602818937477413,0.642291926872431,0.6779321935990509,0.9490909090909091,0.9383065345559221,0.9584792353388716,0.6802,0.6624,0.6976
2019-08-16,0.6604181687094448,0.642452911224086,0.6780443330253374,0.9492227979274611,0.9384654537983537,0.9585873020137994,0.6795,0.6618,0.6969000000000001
2019-08-17,0.6611570247933884,0.6432299186248371,0.6787445819693108,0.9494324045407637,0.938718028749426,0.9587590434120166,0.6802,0.6625,0.6976
2019-08-18,0.6599856836077308,0.6420810800560297,0.6775545449875491,0.9495365602471678,0.9388435403427687,0.9588443810191144,0.6792,0.6615,0.6965
2019-08-19,0.6590584878744651,0.6411758633936673,0.6766085165025442,0.9496402877697842,0.9389685389094872,0.9589293661673859,0.6784,0.6608,0.6957
2019-08-20,0.6576895818568391,0.6398497104548087,0.6752018398510331,0.9498464687819856,0.939217009492683,0.9590982877862991,0.6789000000000001,0.6612,0.6961
2019-08-21,0.6574761399787911,0.6396563713209749,0.6749695537319597,0.9499489274770173,0.9393404877103592,0.9591822285617273,0.6781,0.6605000000000001,0.6953
2019-08-22,0.6577370461755375,0.6399457971390821,0.6752023261820808,0.9501018329938901,0.939524767317794,0.9593074956678086,0.6778000000000001,0.6602,0.6950000000000001
2019-08-23,0.6569420035149385,0.6391673890064038,0.6743932117933489,0.9501779359430605,0.9396164879207592,0.9593698413195849,0.6764,0.6589,0.6937
2019-08-24,0.6570031435557108,0.6392861895933978,0.6743986113843609,0.9504800404244568,0.9399806051471822,0.9596173250463422,0.6783,0.6608,0.6955
2019-08-25,0.6565656565656566,0.6388690210068679,0.6739426017387149,0.9505799293998991,0.9401010037455722,0.9596991509633945,0.6773,0.6599,0.6945
2019-08-26,0.6563585823488534,0.6386815929075652,0.673717086001028,0.9506794162053347,0.9402209203118226,0.959780645931888,0.6763,0.6589,0.6935
2019-08-27,0.6545643153526971,0.6369113868322493,0.671903950980056,0.9507785032646912,0.9403403577347329,0.9598618119556823,0.6753,0.6579,0.6925
2019-08-28,0.6557433597792343,0.6381249431993041,0.6730468571131061,0.950975487743872,0.9405778065907844,0.9600231651040454,0.6758000000000001,0.6584,0.6929000000000001
2019-08-29,0.6559065934065934,0.6383300342973721,0.6731693184738772,0.951195219123506,0.9408426875170861,0.960203143665847,0.6766,0.6592,0.6936
2019-08-30,0.6576422206991089,0.6401030965709607,0.6748646684774768,0.9514129895884977,0.9411052176351017,0.960381508855584,0.6771,0.6598,0.6941
2019-08-31,0.6582365003417635,0.6407283698796966,0.6754276331995155,0.9515810276679841,0.9413078024396001,0.9605191357585717,0.6772,0.6599,0.6942
2019-09-01,0.6584783350392358,0.6409880937514127,0.6756516383677189,0.9516765285996055,0.9414229407212861,0.9605973512275516,0.6762,0.659,0.6932
2019-09-02,0.6598500340831629,0.6423841789888692,0.6769965328032458,0.951819075712881,0.9415948036800167,0.9607140950515427,0.676,0.6587000000000001,0.6929000000000001
2019-09-03,0.6602040816326531,0.6427603486458949,0.6773284069442109,0.9519372241294752,0.9417372543836414,0.9608108543982866,0.6756,0.6584,0.6925
2019-09-04,0.6597623089983022,0.6423287165933675,0.6768779198038746,0.951984321411073,0.9417940403040518,0.9608494248059778,0.6742,0.657,0.6911
2019-09-05,0.6578769438810007,0.6404615288953015,0.6749795242926797,0.952054794520548,0.941879011953886,0.9609071382648955,0.6731,0.6559,0.6900000000000001
2019-09-06,0.6576637407157326,0.6402579609463002,0.6747575333587619,0.9521016617790812,0.9419355220366519,0.9609455194614451,0.672,0.6548,0.6888000000000001
2019-09-07,0.6580188679245284,0.640634902457343,0.6750907783956961,0.9522184300341296,0.9420763176869468,0.9610411435221177,0.6718000000000001,0.6547000000000001,0.6887
2019-09-08,0.6595959595959596,0.6422353771776612,0.6766415815860974,0.9523578026251823,0.9422443738443441,0.9611552760630883,0.6723,0.6551,0.6891
2019-09-09,0.6592667339387823,0.6419114184244883,0.6763080587248322,0.9523809523809523,0.9422722884481077,0.9611742331675759,0.6708000000000001,0.6536000000000001,0.6876
2019-09-10,0.6587248322147651,0.6413842941136422,0.6757531888515027,0.9524502668607472,0.9423558706047264,0.9612309936199619,0.6702,0.6531,0.687
2019-09-11,0.6579651941097724,0.6406399629198878,0.674980576736192,0.9525193798449613,0.9424392110972204,0.9612875883472081,0.6696000000000001,0.6525000000000001,0.6864
2019-09-12,0.6575616255829447,0.6402731620668474,0.6745424830068825,0.9527027027027027,0.9426602788809944,0.9614377029066681,0.671,0.6539,0.6877
2019-09-13,0.6585690515806988,0.6413003825305412,0.6755284558421177,0.9528165623495426,0.9427975860754693,0.9615309347149239,0.6713,0.6543,0.6881
2019-09-14,0.6582614465826144,0.6410156755973915,0.6751994806615607,0.9529298751200769,0.9429342372899691,0.9616237167770838,0.6714,0.6544,0.6881
2019-09-15,0.6577203445990722,0.640480312464119,0.6746541023247699,0.9529524723955833,0.9429614892287208,0.9616422195062415,0.6704,0.6534,0.6871
2019-09-16,0.6581649552832064,0.6409326731007206,0.6750902007915089,0.9529976019184653,0.9430159151009015,0.9616791714881657,0.6695,0.6525000000000001,0.6862
2019-09-17,0.6565589980224127,0.639352747939662,0.6734628446204274,0.9531100478468899,0.9431515264826698,0.9617712406966406,0.6696000000000001,0.6526000000000001,0.6863
2019-09-18,0.6571240539651201,0.639938300308599,0.6740068134403069,0.9532219570405728,0.9432864939841916,0.961862868535645,0.6699,0.6529,0.6866
2019-09-19,0.6565988181221274,0.639427521281988,0.6734688330518286,0.9532888465204957,0.9433671673273821,0.9619176347001757,0.6693,0.6524,0.686
2019-09-20,0.6569367005575598,0.639777634194425,0.6737941328734257,0.9533555449785817,0.9434476115019375,0.9619722437908761,0.6688000000000001,0.6518,0.6854
2019-09-21,0.6564035375040943,0.6392501918021856,0.6732566714546055,0.9533777354900095,0.9434743754691111,0.9619904120325602,0.6678000000000001,0.6508,0.6844
2019-09-22,0.6565260058881256,0.6393853957258117,0.673366564319061,0.9534441805225653,0.943554515601262,0.9620448127405319,0.6672,0.6503,0.6839000000000001
2019-09-23,0.6564236678653155,0.639287664980591,0.6732600126522279,0.9534662867996201,0.9435811785083228,0.9620629117201712,0.6662,0.6493,0.6829000000000001
2019-09-24,0.6562193927522038,0.639092596294961,0.6730473160585543,0.9535104364326376,0.9436344288312906,0.9620990579432428,0.6656000000000001,0.6487,0.6822
2019-09-25,0.6568819308545336,0.6397707539070707,0.673693260761447,0.9535984848484849,0.9437406285081097,0.962171144133425,0.6656000000000001,0.6487,0.6822
2019-09-26,0.6562398175301402,0.6391302834814641,0.6730510270779493,0.9535984848484849,0.9437406285081097,0.962171144133425,0.6645,0.6476000000000001,0.6811
2019-09-27,0.6555989583333334,0.6384911079501254,0.6724100013454906,0.9535984848484849,0.9437406285081097,0.962171144133425,0.6632,0.6463,0.6798000000000001
2019-09-28,0.6554977228366948,0.6383944624013976,0.672304563371448,0.9536204448651207,0.9437671159320298,0.9621891228539471,0.6626000000000001,0.6457,0.6792
2019-09-29,0.6561585960350991,0.6390708436548873,0.6729489589278901,0.9537080774681153,0.9438728167036695,0.9622608671593692,0.6628000000000001,0.646,0.6794
2019-09-30,0.6564935064935065,0.6394177950361144,0.6732714817617753,0.9537735849056603,0.9439518318932267,0.9623144969617223,0.663,0.6461,0.6795
2019-10-01,0.6558546869931885,0.6387806313422115,0.6726325136923375,0.9537735849056603,0.9439518318932267,0.9623144969617223,0.6621,0.6452,0.6787000000000001
2019-10-02,0.6559662775616083,0.6388962240776144,0.6727399863899158,0.9537953795379538,0.94397812087789,0.9623323397052075,0.6615,0.6447,0.6781
2019-10-03,0.6559766763848397,0.6389151751939942,0.6727421028162379,0.9538389072067829,0.944030624937794,0.9623679745503779,0.6615,0.6447,0.6781
2019-10-04,0.6559870550161813,0.6389340933800064,0.6727442113013111,0.9538823529411765,0.944083030682447,0.9624035420327084,0.6613,0.6445000000000001,0.6779000000000001
2019-10-05,0.6563106796116505,0.6392611587153985,0.6730637806217048,0.9539040451552211,0.9441091967728037,0.962421300572474,0.661,0.6442,0.6776
2019-10-06,0.656098350048528,0.6390493775540658,0.672851402175077,0.9539040451552211,0.9441091967728037,0.962421300572474,0.6604,0.6435000000000001,0.6769000000000001
2019-10-07,0.6562095730918499,0.6391645882664803,0.6729585227433927,0.9539257169722614,0.9441353383877177,0.962439042343038,0.6601,0.6432,0.6766
2019-10-08,0.6563207242159715,0.639279725587282,0.6730655730755367,0.9539473684210527,0.9441614555615117,0.9624567673681426,0.6599,0.6431,0.6765
2019-10-09,0.6561085972850679,0.6390681458862895,0.6728533974739344,0.9539473684210527,0.9441614555615117,0.9624567673681426,0.6593,0.6425000000000001,0.6759000000000001
2019-10-10,0.6563307493540051,0.6392982603273688,0.673067358239892,0.9539906103286385,0.9442136167227088,0.9624921672767194,0.6595000000000001,0.6427,0.6761
2019-10-11,0.6565526145900581,0.6395280820605072,0.6732810388866481,0.9540337711069419,0.9442656805296952,0.9625275004872493,0.6597000000000001,0.6429,0.6763
2019-10-12,0.6559278350515464,0.6389134192340054,0.6726478993398848,0.9540768509840675,0.9443176472547519,0.9625627671880654,0.66,0.6432,0.6765
2019-10-13,0.6555054732775274,0.6384921669073103,0.6722254166120206,0.9540768509840675,0.9443176472547519,0.9625627671880654,0.6595000000000001,0.6427,0.6761
2019-10-14,0.6556270096463023,0.6386261211186746,0.6723346853430237,0.9541413196069256,0.9443954159068384,0.9626155429438121,0.6601,0.6433,0.6766
2019-10-15,0.6553164150337295,0.6383205892345913,0.6720198975978964,0.9541627689429373,0.9444212905431333,0.9626331018103496,0.66,0.6432,0.6765
2019-10-16,0.6563904945407836,0.6394087988915544,0.6730779176302365,0.954248366013072,0.9445245487458993,0.9627031726361277,0.6608,0.6441,0.6773
2019-10-17,0.6564003849855631,0.6394271111479835,0.6730796525074526,0.9542910447761194,0.9445760341101858,0.962738109588692,0.6609,0.6441,0.6773
2019-10-18,0.6569413273485092,0.6399793413214139,0.6736084790678882,0.9543549138332557,0.9446530832344655,0.9627903924602478,0.6614,0.6447,0.6779000000000001
2019-10-19,0.6573807236631444,0.6404344792808303,0.6740316880193933,0.9544397954439795,0.9447554828022957,0.9628598751433255,0.662,0.6453,0.6785
2019-10-20,0.6571794051806844,0.6402420452615958,0.6738222427153407,0.9544821179749187,0.9448065406370094,0.9628945192608713,0.6623,0.6455000000000001,0.6787000000000001
2019-10-21,0.6563398275311402,0.6394045645048247,0.6729825199104689,0.9544821179749187,0.9448065406370094,0.9628945192608713,0.6616000000000001,0.6449,0.6781
2019-10-22,0.6565592084264283,0.6396317691155549,0.6731938540982843,0.954524361948956,0.9448575041883952,0.9629290988040584,0.6618,0.6451,0.6783
2019-10-23,0.6562599553998089,0.639345818295148,0.672882421074599,0.9545875810936052,0.9449337733046814,0.9629808474363218,0.6622,0.6455000000000001,0.6786
2019-10-24,0.6557429207763283,0.638834288805824,0.6723612197910992,0.9546086150995832,0.9449591494838061,0.9629980648882194,0.6618,0.6452,0.6783
2019-10-25,0.6561704834605598,0.6392690908831804,0.6727808380916922,0.954650624710782,0.9450098317467427,0.9630324517879498,0.6619,0.6452,0.6783
2019-10-26,0.6557533375715194,0.6388530188752685,0.6723635823359233,0.954650624710782,0.9450098317467427,0.9630324517879498,0.6612,0.6445000000000001,0.6776
2019-10-27,0.655862726406101,0.638966290007621,0.6724689776454362,0.9546716003700277,0.9450351378950608,0.9630496212803776,0.6609,0.6442,0.6773
2019-10-28,0.6553475087273881,0.6384565797102973,0.6719495823512178,0.9546925566343042,0.9450604207641838,0.963066774830841,0.6606000000000001,0.6439,0.677
2019-10-29,0.6551395939086294,0.6382492154921493,0.6717415960868072,0.9546925566343042,0.9450604207641838,0.963066774830841,0.66,0.6433,0.6764
2019-10-30,0.6548335974643423,0.6379481962295024,0.6714314672373698,0.9547134935304991,0.9450856803862167,0.9630839124615342,0.6596000000000001,0.643,0.676
2019-10-31,0.6549429657794676,0.6380614265467881,0.6715368618761164,0.9547344110854503,0.9451109167932052,0.96310103419461,0.6593,0.6427,0.6757000000000001
2019-11-01,0.6550522648083623,0.6381745861887002,0.6716421888172334,0.9547553093259464,0.9451361300171367,0.9631181400521801,0.659,0.6424000000000001,0.6754
2019-11-02,0.6550522648083623,0.6381745861887002,0.6716421888172334,0.9547553093259464,0.9451361300171367,0.9631181400521801,0.6584,0.6417,0.6748000000000001
2019-11-03,0.6550522648083623,0.6381745861887002,0.6716421888172334,0.9547553093259464,0.9451361300171367,0.9631181400521801,0.658,0.6413,0.6744
2019-11-04,0.6542351453855879,0.6373679744226866,0.6708167170631696,0.9547970479704797,0.9451864870434824,0.9631523042290453,0.6582,0.6415000000000001,0.6746
2019-11-05,0.6545626776128829,0.6377070319145536,0.6711323894054195,0.9548595117457392,0.9452618495063776,0.9632034319784918,0.6587000000000001,0.6421,0.6751
2019-11-06,0.6546717171717171,0.6378199104798294,0.6712374788136735,0.9548802946593001,0.9452869243004135,0.9632204430450854,0.6586000000000001,0.642,0.675
2019-11-07,0.6546717171717171,0.6378199104798294,0.6712374788136735,0.9548802946593001,0.9452869243004135,0.9632204430450854,0.6582,0.6416000000000001,0.6746
2019-11-08,0.6546717171717171,0.6378199104798294,0.6712374788136735,0.9548802946593001,0.9452869243004135,0.9632204430450854,0.6576000000000001,0.6409,0.674
2019-11-09,0.6547806879141685,0.6379327188547961,0.6713425009769657,0.9549010584445468,0.9453119761336645,0.9632374383898128,0.6575000000000001,0.6409,0.6738000000000001
2019-11-10,0.6547806879141685,0.6379327188547961,0.6713425009769657,0.9549010584445468,0.9453119761336645,0.9632374383898128,0.6571,0.6404000000000001,0.6734
2019-11-11,0.6547806879141685,0.6379327188547961,0.6713425009769657,0.9549010584445468,0.9453119761336645,0.9632374383898128,0.6569,0.6402,0.6732
2019-11-12,0.6539552473999369,0.6371095320925566,0.6705166956154645,0.9549010584445468,0.9453119761336645,0.9632374383898128,0.6564,0.6398,0.6728000000000001
2019-11-13,0.6537492123503466,0.6369040707283296,0.6703105577520941,0.9549010584445468,0.9453119761336645,0.9632374383898128,0.6562,0.6396000000000001,0.6726000000000001
2019-11-14,0.6543793320730938,0.6375407024435507,0.6709330008745946,0.9549425287356322,0.9453620110438372,0.9632713820007754,0.6564,0.6398,0.6728000000000001
2019-11-15,0.6543793320730938,0.6375407024435507,0.6709330008745946,0.9549425287356322,0.9453620110438372,0.9632713820007754,0.6562,0.6396000000000001,0.6726000000000001
2019-11-16,0.6543793320730938,0.6375407024435507,0.6709330008745946,0.9549425287356322,0.9453620110438372,0.9632713820007754,0.656,0.6394000000000001,0.6724
2019-11-17,0.6538703587161737,0.6370372519534723,0.6704198048781962,0.9549632352941176,0.9453869941836279,0.9632883303104629,0.6559,0.6393,0.6723
2019-11-18,0.6541850220264317,0.6373551643743993,0.6707306382440483,0.954983922829582,0.9454119544883718,0.9633052629851891,0.656,0.6394000000000001,0.6724
2019-11-19,0.6537735849056604,0.6369448657396344,0.6703190014124578,0.954983922829582,0.9454119544883718,0.9633052629851891,0.6558,0.6392,0.6722
2019-11-20,0.6537735849056604,0.6369448657396344,0.6703190014124578,0.954983922829582,0.9454119544883718,0.9633052629851891,0.6556000000000001,0.639,0.672
2019-11-21,0.6538824269097768,0.6370575200748985,0.6704239199363408,0.9550045913682277,0.9454368919893598,0.9633221800465802,0.6557000000000001,0.6391,0.6721
2019-11-22,0.6534715677034244,0.636647810332708,0.6700128475566106,0.9550045913682277,0.9454368919893598,0.9633221800465802,0.6555000000000001,0.6389,0.6719
2019-11-23,0.6534715677034244,0.636647810332708,0.6700128475566106,0.9550045913682277,0.9454368919893598,0.9633221800465802,0.6553,0.6387,0.6717000000000001
2019-11-24,0.6533751962323391,0.6365558227553242,0.6699124480784475,0.9550252409362092,0.9454618067178258,0.9633390815162224,0.6554,0.6388,0.6718000000000001
2019-11-25,0.6531701192718142,0.6363513279941471,0.6697072555591476,0.9550252409362092,0.9454618067178258,0.9633390815162224,0.6552,0.6386000000000001,0.6716000000000001
2019-11-26,0.6531701192718142,0.6363513279941471,0.6697072555591476,0.9550252409362092,0.9454618067178258,0.9633390815162224,0.6548,0.6382,0.6712
2019-11-27,0.6527734252585397,0.6359639858528434,0.6693023827457729,0.9550664832645576,0.9455115679818427,0.9633728377664059,0.6552,0.6386000000000001,0.6716000000000001
2019-11-28,0.6527734252585397,0.6359639858528434,0.6693023827457729,0.9550664832645576,0.9455115679818427,0.9633728377664059,0.655,0.6384000000000001,0.6714
2019-11-29,0.6528822055137845,0.6360765547089289,0.6694072628676107,0.9550870760769936,0.9455364145795768,0.9633896925899211,0.6551,0.6386000000000001,0.6715
2019-11-30,0.6525821596244131,0.6357814755710267,0.6691030660615055,0.9551076500229042,0.9455612385291557,0.9634065319076354,0.6552,0.6387,0.6716000000000001
2019-12-01,0.6528951486697966,0.6360976562093059,0.6694122888846445,0.9551282051282052,0.9455860398615296,0.9634233557409368,0.6552,0.6386000000000001,0.6715
2019-12-02,0.6535211267605634,0.6367300410777963,0.670030710924196,0.9551692589204026,0.9456355747981811,0.9634569570396581,0.6556000000000001,0.639,0.6719
2019-12-03,0.6538341158059467,0.637046245317983,0.6703399101306007,0.9551897576588935,0.9456603084640776,0.963473734547658,0.6557000000000001,0.6391,0.672
2019-12-04,0.6528125,0.6360275161437401,0.6693177236532849,0.9551897576588935,0.9456603084640776,0.963473734547658,0.6553,0.6387,0.6716000000000001
2019-12-05,0.6530293566520925,0.6362519170920975,0.6695268144820703,0.9552306989492919,0.9457097083446397,0.9635072433870939,0.6557000000000001,0.6391,0.672
2019-12-06,0.6532333645735707,0.6364553449084823,0.6697309406997958,0.9552306989492919,0.9457097083446397,0.9635072433870939,0.6557000000000001,0.6391,0.672
2019-12-07,0.6530293566520925,0.6362519170920975,0.6695268144820703,0.9552306989492919,0.9457097083446397,0.9635072433870939,0.6555000000000001,0.6389,0.6718000000000001
2019-12-08,0.6522145976294448,0.6354395180304062,0.6687115374867476,0.9552306989492919,0.9457097083446397,0.9635072433870939,0.6551,0.6385000000000001,0.6714
2019-12-09,0.651307596513076,0.6345393019493002,0.6677999301358966,0.9552511415525115,0.9457343746205888,0.9635239747608763,0.6552,0.6386000000000001,0.6715
2019-12-10,0.6492861576660459,0.6325242027958979,0.6657766926408831,0.9552511415525115,0.9457343746205888,0.9635239747608763,0.6548,0.6382,0.6711
2019-12-11,0.6486821705426357,0.6319221916155984,0.6651720818806506,0.9552511415525115,0.9457343746205888,0.9635239747608763,0.6544,0.6378,0.6707000000000001
2019-12-12,0.6489922480620155,0.6322353214254859,0.6654785432131878,0.9552715654952076,0.9457590184944128,0.9635406907988676,0.6543,0.6377,0.6706000000000001
2019-12-13,0.6494110353378797,0.6326608833351268,0.6658898788585548,0.95531235750114,0.9458082391576412,0.9635740769517432,0.6543,0.6377,0.6706000000000001
2019-12-14,0.6490086741016109,0.6322598277558706,0.6654871120560448,0.95531235750114,0.9458082391576412,0.9635740769517432,0.6537000000000001,0.6371,0.67
2019-12-15,0.6486068111455109,0.6318592854439935,0.6650848265128858,0.95531235750114,0.9458082391576412,0.9635740769517432,0.6531,0.6365000000000001,0.6693
2019-12-16,0.6487155679356237,0.6319717454430351,0.665189766568389,0.9553327256153145,0.9458328160078853,0.9635907471086643,0.653,0.6364000000000001,0.6692
2019-12-17,0.6492421899164862,0.6325088175156419,0.6657051508788363,0.9553937187073281,0.9459064129970183,0.9636406661527731,0.6533,0.6368,0.6696000000000001
2019-12-18,0.6495673671199012,0.6328450930730942,0.6660188924923014,0.9554545454545454,0.9459798102779524,0.9636904484950656,0.6536000000000001,0.6371,0.6699
2019-12-19,0.6494749845583694,0.6327570492276002,0.665922506719347,0.955474784189005,0.9460042317990878,0.9637070123279964,0.6535000000000001,0.637,0.6698000000000001
2019-12-20,0.6498919419573943,0.6331807548976984,0.6663320448220366,0.9555152065365411,0.9460530086624055,0.9637400946963292,0.6535000000000001,0.637,0.6698000000000001
2019-12-21,0.65,0.6332925060771136,0.6664362982674379,0.9555353901996371,0.9460773640643356,0.9637566132730063,0.6534,0.6369,0.6697000000000001
2019-12-22,0.6498150431565968,0.6331161937079146,0.6662433676170791,0.9555757026291931,0.9461260089577032,0.9637896053142879,0.6536000000000001,0.6372,0.6699
2019-12-23,0.6499229583975347,0.6332277932480026,0.6663474873569268,0.955595831445401,0.9461502985085652,0.9638060788199423,0.6533,0.6369,0.6696000000000001
2019-12-24,0.6493226600985221,0.6326294083051489,0.6657466110094579,0.955595831445401,0.9461502985085652,0.9638060788199423,0.6529,0.6365000000000001,0.6692
2019-12-25,0.6486320319704888,0.6319450484980185,0.6650513758991485,0.9556159420289855,0.9461745661684071,0.9638225373429102,0.6528,0.6364000000000001,0.6691
2019-12-26,0.6490473263675476,0.6323670212951369,0.6654593261410882,0.9556561085972851,0.946223035933291,0.9638554095224765,0.6531,0.6366,0.6693
2019-12-27,0.6491551459293394,0.6324785050590813,0.6655633701337831,0.9556761646313885,0.946247238097331,0.9638718232198271,0.653,0.6365000000000001,0.6692
2019-12-28,0.6492628992628993,0.6325899213532284,0.6656673493274917,0.9556962025316456,0.9462714184883464,0.9638882220159957,0.6527000000000001,0.6362,0.6689
2019-12-29,0.6488643339472069,0.6321926470848717,0.6652683761692624,0.9556962025316456,0.9462714184883464,0.9638882220159957,0.6523,0.6358,0.6685
2019-12-30,0.6486652347345812,0.6319941988870879,0.6650690668024264,0.9556962025316456,0.9462714184883464,0.9638882220159957,0.6519,0.6354000000000001,0.6681
2019-12-31,0.648068669527897,0.6313996085766995,0.6644718463222787,0.9556962025316456,0.9462714184883464,0.9638882220159957,0.6515000000000001,0.635,0.6677000000000001
2020-01-01,0.647671568627451,0.6310038423899802,0.6640742879974261,0.9556962025316456,0.9462714184883464,0.9638882220159957,0.6511,0.6346,0.6673
2020-01-02,0.6470768288950107,0.6304111317163027,0.6634788314646021,0.9556962025316456,0.9462714184883464,0.9638882220159957,0.6507000000000001,0.6342,0.6669
2020-01-03,0.6471848225214198,0.6305227595704961,0.6635830782213628,0.955716222322639,0.9462955771357034,0.9639046059312661,0.6506000000000001,0.6341,0.6668000000000001
2020-01-04,0.6467889908256881,0.6301282934775676,0.6631867530234401,0.955716222322639,0.9462955771357034,0.9639046059312661,0.6502,0.6337,0.6664
2020-01-05,0.6463936430317848,0.6297343255115547,0.6627908955555719,0.955716222322639,0.9462955771357034,0.9639046059312661,0.6498,0.6333000000000001,0.666
2020-01-06,0.6465016804155209,0.6298459859482011,0.6628951968422025,0.955736224028907,0.946319714068716,0.9639209749858854,0.6497,0.6332,0.6659
2020-01-07,0.646609651802077,0.6299575791839621,0.6629994335226171,0.9557562076749435,0.9463438293166448,0.9639373292000636,0.6496000000000001,0.6331,0.6658000000000001
2020-01-08,0.646609651802077,0.6299575791839621,0.6629994335226171,0.9557562076749435,0.9463438293166448,0.9639373292000636,0.6492,0.6327,0.6654
2020-01-09,0.646412213740458,0.629760831374087,0.662801739264659,0.9557562076749435,0.9463438293166448,0.9639373292000636,0.6488,0.6324000000000001,0.665
2020-01-10,0.646412213740458,0.629760831374087,0.662801739264659,0.9557562076749435,0.9463438293166448,0.9639373292000636,0.6484,0.632,0.6646000000000001
2020-01-11,0.6460176991150443,0.6293677078349902,0.6624067002122527,0.9557562076749435,0.9463438293166448,0.9639373292000636,0.6482,0.6318,0.6644
2020-01-12,0.6454268292682926,0.6287789509390709,0.6618150137846814,0.9557562076749435,0.9463438293166448,0.9639373292000636,0.6478,0.6314000000000001,0.664
2020-01-13,0.6447488584474886,0.6281074419948596,0.6611321887317376,0.9557761732851986,0.9463679229086983,0.9639536685939744,0.6479,0.6315000000000001,0.6641
2020-01-14,0.6441605839416058,0.6275213458405251,0.6605430217456374,0.9557761732851986,0.9463679229086983,0.9639536685939744,0.6477,0.6313000000000001,0.6639
2020-01-15,0.6435733819507748,0.6269363530192702,0.6599548921726754,0.9557761732851986,0.9463679229086983,0.9639536685939744,0.6473,0.6309,0.6635
2020-01-16,0.6433778857837181,0.6267416000495544,0.6597590790550886,0.9557761732851986,0.9463679229086983,0.9639536685939744,0.6469,0.6305000000000001,0.6631
2020-01-17,0.6433778857837181,0.6267416000495544,0.6597590790550886,0.9557761732851986,0.9463679229086983,0.9639536685939744,0.6465000000000001,0.6301,0.6627000000000001
2020-01-18,0.6431825083510476,0.6265469692034109,0.6595633808092586,0.9557761732851986,0.9463679229086983,0.9639536685939744,0.6461,0.6297,0.6623
2020-01-19,0.6427921092564491,0.6261580734146466,0.6591723285377562,0.9557761732851986,0.9463679229086983,0.9639536685939744,0.6457,0.6293000000000001,0.6619
2020-01-20,0.6424021838034577,0.625769664720129,0.6587817345690239,0.9557761732851986,0.9463679229086983,0.9639536685939744,0.6453,0.6289,0.6615
2020-01-21,0.6427054898392478,0.6260757782307509,0.659081693752533,0.9557961208840776,0.9463919948740326,0.9639699931877547,0.6452,0.6288,0.6614
2020-01-22,0.6427054898392478,0.6260757782307509,0.659081693752533,0.9557961208840776,0.9463919948740326,0.9639699931877547,0.6451,0.6286,0.6612
2020-01-23,0.643312101910828,0.6266880266346562,0.6596815907249156,0.9558359621451105,0.9464400740409054,0.9640025980552901,0.6453,0.6289,0.6615
2020-01-24,0.643312101910828,0.6266880266346562,0.6596815907249156,0.9558359621451105,0.9464400740409054,0.9640025980552901,0.6449,0.6285000000000001,0.6611
2020-01-25,0.6431170406306853,0.6264937113086942,0.6594862078980248,0.9558359621451105,0.9464400740409054,0.9640025980552901,0.6447,0.6283000000000001,0.6609
2020-01-26,0.6429220976053349,0.6262995176033626,0.6592909394894984,0.9558359621451105,0.9464400740409054,0.9640025980552901,0.6445000000000001,0.6281,0.6607000000000001
2020-01-27,0.6425325658891246,0.6259114945902157,0.6589007455346472,0.9558359621451105,0.9464400740409054,0.9640025980552901,0.6443,0.6279,0.6605000000000001
2020-01-28,0.6429436705027256,0.6263289652688864,0.6593048311292663,0.9558757316524088,0.946488067049467,0.9640351439630381,0.6447,0.6283000000000001,0.6609
2020-01-29,0.6431598062953995,0.6265522185538905,0.6595136202165974,0.9559154295996402,0.9465359741310897,0.9640676310707879,0.6451,0.6287,0.6613
2020-01-30,0.6434624697336562,0.6268576985870178,0.6598129299626254,0.9559352517985612,0.9465598955213763,0.9640838526244395,0.6452,0.6288,0.6614
2020-01-31,0.6437651331719129,0.6271631857187127,0.6601122326060974,0.9559550561797753,0.946583795516318,0.9641000595377512,0.6453,0.6289,0.6615
2020-02-01,0.6435703479576399,0.626969135125895,0.6599171358678244,0.9559550561797753,0.946583795516318,0.9641000595377512,0.6451,0.6287,0.6613
2020-02-02,0.6435703479576399,0.626969135125895,0.6599171358678244,0.9559550561797753,0.946583795516318,0.9641000595377512,0.6449,0.6285000000000001,0.6611
2020-02-03,0.6435703479576399,0.626969135125895,0.6599171358678244,0.9559550561797753,0.946583795516318,0.9641000595377512,0.6447,0.6284000000000001,0.6609
2020-02-04,0.6436781609195402,0.6270805052506374,0.6600212778477131,0.9559748427672956,0.9466076741446041,0.9641162518305347,0.6448,0.6285000000000001,0.661
2020-02-05,0.6434835198064711,0.6268865996810993,0.6598263236810059,0.9559748427672956,0.9466076741446041,0.9641162518305347,0.6447,0.6283000000000001,0.6608
2020-02-06,0.6434835198064711,0.6268865996810993,0.6598263236810059,0.9559748427672956,0.9466076741446041,0.9641162518305347,0.6445000000000001,0.6281,0.6606000000000001
2020-02-07,0.6432889963724304,0.6266928151453932,0.659631483371405,0.9559748427672956,0.9466076741446041,0.9641162518305347,0.6445000000000001,0.6281,0.6606000000000001
2020-02-08,0.6432889963724304,0.6266928151453932,0.659631483371405,0.9559748427672956,0.9466076741446041,0.9641162518305347,0.6443,0.6279,0.6604
2020-02-09,0.6438935912938332,0.6273030464944827,0.6602293702671871,0.9560143626570916,0.9466553674157105,0.9641485926335854,0.6447,0.6283000000000001,0.6608
2020-02-10,0.6438935912938332,0.6273030464944827,0.6602293702671871,0.9560143626570916,0.9466553674157105,0.9641485926335854,0.6447,0.6283000000000001,0.6608
2020-02-11,0.6436990027198549,0.6271091885903535,0.6600344732343089,0.9560143626570916,0.9466553674157105,0.9641485926335854,0.6445000000000001,0.6281,0.6606000000000001
2020-02-12,0.6436990027198549,0.6271091885903535,0.6600344732343089,0.9560143626570916,0.9466553674157105,0.9641485926335854,0.6445000000000001,0.6281,0.6606000000000001
2020-02-13,0.6436990027198549,0.6271091885903535,0.6600344732343089,0.9560143626570916,0.9466553674157105,0.9641485926335854,0.6443,0.6279,0.6604
2020-02-14,0.6436990027198549,0.6271091885903535,0.6600344732343089,0.9560143626570916,0.9466553674157105,0.9641485926335854,0.6443,0.6279,0.6604
2020-02-15,0.6436990027198549,0.6271091885903535,0.6600344732343089,0.9560143626570916,0.9466553674157105,0.9641485926335854,0.6441,0.6277,0.6602
2020-02-16,0.6436990027198549,0.6271091885903535,0.6600344732343089,0.9560143626570916,0.9466553674157105,0.9641485926335854,0.6441,0.6277,0.6602
2020-02-17,0.6435045317220544,0.6269154516189531,0.6598396899545695,0.9560143626570916,0.9466553674157105,0.9641485926335854,0.6441,0.6277,0.6602
2020-02-18,0.6435045317220544,0.6269154516189531,0.6598396899545695,0.9560143626570916,0.9466553674157105,0.9641485926335854,0.6439,0.6275000000000001,0.66
2020-02-19,0.6435045317220544,0.6269154516189531,0.6598396899545695,0.9560143626570916,0.9466553674157105,0.9641485926335854,0.6439,0.6275000000000001,0.66
2020-02-20,0.6435045317220544,0.6269154516189531,0.6598396899545695,0.9560143626570916,0.9466553674157105,0.9641485926335854,0.6439,0.6275000000000001,0.66
2020-02-21,0.6435045317220544,0.6269154516189531,0.6598396899545695,0.9560143626570916,0.9466553674157105,0.9641485926335854,0.6437,0.6273000000000001,0.6598
2020-02-22,0.6435045317220544,0.6269154516189531,0.6598396899545695,0.9560143626570916,0.9466553674157105,0.9641485926335854,0.6437,0.6273000000000001,0.6598
2020-02-23,0.6435045317220544,0.6269154516189531,0.6598396899545695,0.9560143626570916,0.9466553674157105,0.9641485926335854,0.6437,0.6273000000000001,0.6598
2020-02-24,0.6435045317220544,0.6269154516189531,0.6598396899545695,0.9560143626570916,0.9466553674157105,0.9641485926335854,0.6437,0.6273000000000001,0.6598
2020-02-25,0.6435045317220544,0.6269154516189531,0.6598396899545695,0.9560143626570916,0.9466553674157105,0.9641485926335854,0.6437,0.6273000000000001,0.6598
2020-02-26,0.6435045317220544,0.6269154516189531,0.6598396899545695,0.9560143626570916,0.9466553674157105,0.9641485926335854,0.6437,0.6273000000000001,0.6598
2020-02-27,0.6435045317220544,0.6269154516189531,0.6598396899545695,0.9560143626570916,0.9466553674157105,0.9641485926335854,0.6435000000000001,0.6271,0.6597000000000001
2020-02-28,0.6435045317220544,0.6269154516189531,0.6598396899545695,0.9560143626570916,0.9466553674157105,0.9641485926335854,0.6435000000000001,0.6271,0.6597000000000001
2020-02-29,0.6435045317220544,0.6269154516189531,0.6598396899545695,0.9560143626570916,0.9466553674157105,0.9641485926335854,0.6435000000000001,0.6271,0.6597000000000001
2020-03-01,0.6435045317220544,0.6269154516189531,0.6598396899545695,0.9560143626570916,0.9466553674157105,0.9641485926335854,0.6435000000000001,0.6271,0.6597000000000001
2020-03-02,0.6435045317220544,0.6269154516189531,0.6598396899545695,0.9560143626570916,0.9466553674157105,0.9641485926335854,0.6435000000000001,0.6271,0.6597000000000001
2020-03-03,0.6435045317220544,0.6269154516189531,0.6598396899545695,0.9560143626570916,0.9466553674157105,0.9641485926335854,0.6435000000000001,0.6271,0.6597000000000001
2020-03-04,0.6435045317220544,0.6269154516189531,0.6598396899545695,0.9560143626570916,0.9466553674157105,0.9641485926335854,0.6435000000000001,0.6271,0.6597000000000001
2020-03-05,0.6435045317220544,0.6269154516189531,0.6598396899545695,0.9560143626570916,0.9466553674157105,0.9641485926335854,0.6435000000000001,0.6271,0.6597000000000001
2020-03-06,0.6435045317220544,0.6269154516189531,0.6598396899545695,0.9560143626570916,0.9466553674157105,0.9641485926335854,0.6435000000000001,0.6271,0.6597000000000001
2020-03-07,0.6435045317220544,0.6269154516189531,0.6598396899545695,0.9560143626570916,0.9466553674157105,0.9641485926335854,0.6435000000000001,0.6271,0.6597000000000001
2020-03-08,0.6435045317220544,0.6269154516189531,0.6598396899545695,0.9560143626570916,0.9466553674157105,0.9641485926335854,0.6435000000000001,0.6271,0.6597000000000001
2020-03-09,0.6435045317220544,0.6269154516189531,0.6598396899545695,0.9560143626570916,0.9466553674157105,0.9641485926335854,0.6435000000000001,0.6271,0.6597000000000001
2020-03-10,0.6435045317220544,0.6269154516189531,0.6598396899545695,0.9560143626570916,0.9466553674157105,0.9641485926335854,0.6435000000000001,0.6271,0.6597000000000001
2020-03-11,0.6435045317220544,0.6269154516189531,0.6598396899545695,0.9560143626570916,0.9466553674157105,0.9641485926335854,0.6435000000000001,0.6271,0.6597000000000001
2020-03-12,0.6435045317220544,0.6269154516189531,0.6598396899545695,0.9560143626570916,0.9466553674157105,0.9641485926335854,0.6435000000000001,0.6271,0.6597000000000001
2020-03-13,0.6435045317220544,0.6269154516189531,0.6598396899545695,0.9560143626570916,0.9466553674157105,0.9641485926335854,0.6435000000000001,0.6271,0.6597000000000001
2020-03-14,0.6435045317220544,0.6269154516189531,0.6598396899545695,0.9560143626570916,0.9466553674157105,0.9641485926335854,0.6435000000000001,0.6271,0.6597000000000001
2020-03-15,0.6435045317220544,0.6269154516189531,0.6598396899545695,0.9560143626570916,0.9466553674157105,0.9641485926335854,0.6435000000000001,0.6271,0.6597000000000001
2020-03-16,0.6435045317220544,0.6269154516189531,0.6598396899545695,0.9560143626570916,0.9466553674157105,0.9641485926335854,0.6435000000000001,0.6271,0.6597000000000001
2020-03-17,0.6435045317220544,0.6269154516189531,0.6598396899545695,0.9560143626570916,0.9466553674157105,0.9641485926335854,0.6435000000000001,0.6271,0.6597000000000001
2020-03-18,0.6435045317220544,0.6269154516189531,0.6598396899545695,0.9560143626570916,0.9466553674157105,0.9641485926335854,0.6435000000000001,0.6271,0.6597000000000001
2020-03-19,0.6435045317220544,0.6269154516189531,0.6598396899545695,0.9560143626570916,0.9466553674157105,0.9641485926335854,0.6435000000000001,0.6271,0.6597000000000001
2020-03-20,0.6435045317220544,0.6269154516189531,0.6598396899545695,0.9560143626570916,0.9466553674157105,0.9641485926335854,0.6435000000000001,0.6271,0.6597000000000001
2020-03-21,0.6435045317220544,0.6269154516189531,0.6598396899545695,0.9560143626570916,0.9466553674157105,0.9641485926335854,0.6435000000000001,0.6271,0.6597000000000001
2020-03-22,0.6435045317220544,0.6269154516189531,0.6598396899545695,0.9560143626570916,0.9466553674157105,0.9641485926335854,0.6435000000000001,0.6271,0.6597000000000001
2020-03-23,0.6435045317220544,0.6269154516189531,0.6598396899545695,0.9560143626570916,0.9466553674157105,0.9641485926335854,0.6435000000000001,0.6271,0.6597000000000001
2020-03-24,0.6435045317220544,0.6269154516189531,0.6598396899545695,0.9560143626570916,0.9466553674157105,0.9641485926335854,0.6435000000000001,0.6271,0.6597000000000001
2020-03-25,0.6435045317220544,0.6269154516189531,0.6598396899545695,0.9560143626570916,0.9466553674157105,0.9641485926335854,0.6435000000000001,0.6271,0.6597000000000001
2020-03-26,0.6435045317220544,0.6269154516189531,0.6598396899545695,0.9560143626570916,0.9466553674157105,0.9641485926335854,0.6435000000000001,0.6271,0.6597000000000001
2020-03-27,0.6435045317220544,0.6269154516189531,0.6598396899545695,0.9560143626570916,0.9466553674157105,0.9641485926335854,0.6435000000000001,0.6271,0.6597000000000001
2020-03-28,0.6435045317220544,0.6269154516189531,0.6598396899545695,0.9560143626570916,0.9466553674157105,0.9641485926335854,0.6435000000000001,0.6271,0.6597000000000001
2020-03-29,0.6435045317220544,0.6269154516189531,0.6598396899545695,0.9560143626570916,0.9466553674157105,0.9641485926335854,0.6435000000000001,0.6271,0.6597000000000001
2020-03-30,0.6435045317220544,0.6269154516189531,0.6598396899545695,0.9560143626570916,0.9466553674157105,0.9641485926335854,0.6435000000000001,0.6271,0.6597000000000001
2020-03-31,0.6435045317220544,0.6269154516189531,0.6598396899545695,0.9560143626570916,0.9466553674157105,0.9641485926335854,0.6435000000000001,0.6271,0.6597000000000001
2020-04-01,0.6435045317220544,0.6269154516189531,0.6598396899545695,0.9560143626570916,0.9466553674157105,0.9641485926335854,0.6435000000000001,0.6271,0.6597000000000001
2020-04-02,0.6435045317220544,0.6269154516189531,0.6598396899545695,0.9560143626570916,0.9466553674157105,0.9641485926335854,0.6435000000000001,0.6271,0.6597000000000001
2020-04-03,0.6435045317220544,0.6269154516189531,0.6598396899545695,0.9560143626570916,0.9466553674157105,0.9641485926335854,0.6435000000000001,0.6271,0.6597000000000001
2020-04-04,0.6435045317220544,0.6269154516189531,0.6598396899545695,0.9560143626570916,0.9466553674157105,0.9641485926335854,0.6435000000000001,0.6271,0.6597000000000001
2020-04-05,0.6435045317220544,0.6269154516189531,0.6598396899545695,0.9560143626570916,0.9466553674157105,0.9641485926335854,0.6435000000000001,0.6271,0.6597000000000001
2020-04-06,0.6435045317220544,0.6269154516189531,0.6598396899545695,0.9560143626570916,0.9466553674157105,0.9641485926335854,0.6435000000000001,0.6271,0.6597000000000001
2020-04-07,0.6435045317220544,0.6269154516189531,0.6598396899545695,0.9560143626570916,0.9466553674157105,0.9641485926335854,0.6435000000000001,0.6271,0.6597000000000001
2020-04-08,0.6435045317220544,0.6269154516189531,0.6598396899545695,0.9560143626570916,0.9466553674157105,0.9641485926335854,0.6435000000000001,0.6271,0.6597000000000001
2020-04-09,0.6435045317220544,0.6269154516189531,0.6598396899545695,0.9560143626570916,0.9466553674157105,0.9641485926335854,0.6435000000000001,0.6271,0.6597000000000001
2020-04-10,0.6435045317220544,0.6269154516189531,0.6598396899545695,0.9560143626570916,0.9466553674157105,0.9641485926335854,0.6435000000000001,0.6271,0.6597000000000001
2020-04-11,0.6435045317220544,0.6269154516189531,0.6598396899545695,0.9560143626570916,0.9466553674157105,0.9641485926335854,0.6435000000000001,0.6271,0.6597000000000001
2020-04-12,0.6435045317220544,0.6269154516189531,0.6598396899545695,0.9560143626570916,0.9466553674157105,0.9641485926335854,0.6435000000000001,0.6271,0.6597000000000001
2020-04-13,0.6435045317220544,0.6269154516189531,0.6598396899545695,0.9560143626570916,0.9466553674157105,0.9641485926335854,0.6435000000000001,0.6271,0.6597000000000001
2020-04-14,0.6435045317220544,0.6269154516189531,0.6598396899545695,0.9560143626570916,0.9466553674157105,0.9641485926335854,0.6435000000000001,0.6271,0.6597000000000001
2020-04-15,0.6435045317220544,0.6269154516189531,0.6598396899545695,0.9560143626570916,0.9466553674157105,0.9641485926335854,0.6435000000000001,0.6271,0.6597000000000001
2020-04-16,0.6435045317220544,0.6269154516189531,0.6598396899545695,0.9560143626570916,0.9466553674157105,0.9641485926335854,0.6435000000000001,0.6271,0.6597000000000001
2020-04-17,0.6435045317220544,0.6269154516189531,0.6598396899545695,0.9560143626570916,0.9466553674157105,0.9641485926335854,0.6435000000000001,0.6271,0.6597000000000001
2020-04-18,0.6435045317220544,0.6269154516189531,0.6598396899545695,0.9560143626570916,0.9466553674157105,0.9641485926335854,0.6435000000000001,0.6271,0.6597000000000001
2020-04-19,0.6435045317220544,0.6269154516189531,0.6598396899545695,0.9560143626570916,0.9466553674157105,0.9641485926335854,0.6435000000000001,0.6271,0.6597000000000001
2020-04-20,0.6435045317220544,0.6269154516189531,0.6598396899545695,0.9560143626570916,0.9466553674157105,0.9641485926335854,0.6435000000000001,0.6271,0.6597000000000001
2020-04-21,0.6435045317220544,0.6269154516189531,0.6598396899545695,0.9560143626570916,0.9466553674157105,0.9641485926335854,0.6435000000000001,0.6271,0.6597000000000001
2020-04-22,0.6435045317220544,0.6269154516189531,0.6598396899545695,0.9560143626570916,0.9466553674157105,0.9641485926335854,0.6435000000000001,0.6271,0.6597000000000001
2020-04-23,0.6435045317220544,0.6269154516189531,0.6598396899545695,0.9560143626570916,0.9466553674157105,0.9641485926335854,0.6435000000000001,0.6271,0.6597000000000001
2020-04-24,0.6435045317220544,0.6269154516189531,0.6598396899545695,0.9560143626570916,0.9466553674157105,0.9641485926335854,0.6435000000000001,0.6271,0.6597000000000001
2020-04-25,0.6435045317220544,0.6269154516189531,0.6598396899545695,0.9560143626570916,0.9466553674157105,0.9641485926335854,0.6435000000000001,0.6271,0.6597000000000001
2020-04-26,0.6435045317220544,0.6269154516189531,0.6598396899545695,0.9560143626570916,0.9466553674157105,0.9641485926335854,0.6435000000000001,0.6271,0.6597000000000001
2020-04-27,0.6435045317220544,0.6269154516189531,0.6598396899545695,0.9560143626570916,0.9466553674157105,0.9641485926335854,0.6435000000000001,0.6271,0.6597000000000001
2020-04-28,0.6435045317220544,0.6269154516189531,0.6598396899545695,0.9560143626570916,0.9466553674157105,0.9641485926335854,0.6435000000000001,0.6271,0.6597000000000001
2020-04-29,0.6435045317220544,0.6269154516189531,0.6598396899545695,0.9560143626570916,0.9466553674157105,0.9641485926335854,0.6435000000000001,0.6271,0.6597000000000001
2020-04-30,0.6435045317220544,0.6269154516189531,0.6598396899545695,0.9560143626570916,0.9466553674157105,0.9641485926335854,0.6435000000000001,0.6271,0.6597000000000001
2020-05-01,0.6435045317220544,0.6269154516189531,0.6598396899545695,0.9560143626570916,0.9466553674157105,0.9641485926335854,0.6435000000000001,0.6271,0.6597000000000001
2020-05-02,0.6435045317220544,0.6269154516189531,0.6598396899545695,0.9560143626570916,0.9466553674157105,0.9641485926335854,0.6435000000000001,0.6271,0.6597000000000001
2020-05-03,0.6435045317220544,0.6269154516189531,0.6598396899545695,0.9560143626570916,0.9466553674157105,0.9641485926335854,0.6435000000000001,0.6271,0.6597000000000001
2020-05-04,0.6435045317220544,0.6269154516189531,0.6598396899545695,0.9560143626570916,0.9466553674157105,0.9641485926335854,0.6435000000000001,0.6271,0.6597000000000001
2020-05-05,0.6435045317220544,0.6269154516189531,0.6598396899545695,0.9560143626570916,0.9466553674157105,0.9641485926335854,0.6435000000000001,0.6271,0.6597000000000001
2020-05-06,0.6435045317220544,0.6269154516189531,0.6598396899545695,0.9560143626570916,0.9466553674157105,0.9641485926335854,0.6435000000000001,0.6271,0.6597000000000001
2020-05-07,0.6435045317220544,0.6269154516189531,0.6598396899545695,0.9560143626570916,0.9466553674157105,0.9641485926335854,0.6435000000000001,0.6271,0.6597000000000001
2020-05-08,0.6435045317220544,0.6269154516189531,0.6598396899545695,0.9560143626570916,0.9466553674157105,0.9641485926335854,0.6435000000000001,0.6271,0.6597000000000001
2020-05-09,0.6435045317220544,0.6269154516189531,0.6598396899545695,0.9560143626570916,0.9466553674157105,0.9641485926335854,0.6435000000000001,0.6271,0.6597000000000001
2020-05-10,0.6435045317220544,0.6269154516189531,0.6598396899545695,0.9560143626570916,0.9466553674157105,0.9641485926335854,0.6435000000000001,0.6271,0.6597000000000001
2020-05-11,0.6435045317220544,0.6269154516189531,0.6598396899545695,0.9560143626570916,0.9466553674157105,0.9641485926335854,0.6435000000000001,0.6271,0.6597000000000001
2020-05-12,0.6435045317220544,0.6269154516189531,0.6598396899545695,0.9560143626570916,0.9466553674157105,0.9641485926335854,0.6435000000000001,0.6271,0.6597000000000001
2020-05-13,0.6435045317220544,0.6269154516189531,0.6598396899545695,0.9560143626570916,0.9466553674157105,0.9641485926335854,0.6435000000000001,0.6271,0.6597000000000001
2020-05-14,0.6435045317220544,0.6269154516189531,0.6598396899545695,0.9560143626570916,0.9466553674157105,0.9641485926335854,0.6435000000000001,0.6271,0.6597000000000001
2020-05-15,0.6435045317220544,0.6269154516189531,0.6598396899545695,0.9560143626570916,0.9466553674157105,0.9641485926335854,0.6435000000000001,0.6271,0.6597000000000001
2020-05-16,0.6435045317220544,0.6269154516189531,0.6598396899545695,0.9560143626570916,0.9466553674157105,0.9641485926335854,0.6435000000000001,0.6271,0.6597000000000001
2020-05-17,0.6435045317220544,0.6269154516189531,0.6598396899545695,0.9560143626570916,0.9466553674157105,0.9641485926335854,0.6435000000000001,0.6271,0.6597000000000001
2020-05-18,0.6435045317220544,0.6269154516189531,0.6598396899545695,0.9560143626570916,0.9466553674157105,0.9641485926335854,0.6435000000000001,0.6271,0.6597000000000001
2020-05-19,0.6435045317220544,0.6269154516189531,0.6598396899545695,0.9560143626570916,0.9466553674157105,0.9641485926335854,0.6435000000000001,0.6271,0.6597000000000001
2020-05-20,0.6435045317220544,0.6269154516189531,0.6598396899545695,0.9560143626570916,0.9466553674157105,0.9641485926335854,0.6435000000000001,0.6271,0.6597000000000001
2020-05-21,0.6435045317220544,0.6269154516189531,0.6598396899545695,0.9560143626570916,0.9466553674157105,0.9641485926335854,0.6435000000000001,0.6271,0.6597000000000001
2020-05-22,0.6435045317220544,0.6269154516189531,0.6598396899545695,0.9560143626570916,0.9466553674157105,0.9641485926335854,0.6435000000000001,0.6271,0.6597000000000001
2020-05-23,0.6435045317220544,0.6269154516189531,0.6598396899545695,0.9560143626570916,0.9466553674157105,0.9641485926335854,0.6435000000000001,0.6271,0.6597000000000001
2020-05-24,0.6435045317220544,0.6269154516189531,0.6598396899545695,0.9560143626570916,0.9466553674157105,0.9641485926335854,0.6435000000000001,0.6271,0.6597000000000001
2020-05-25,0.6435045317220544,0.6269154516189531,0.6598396899545695,0.9560143626570916,0.9466553674157105,0.9641485926335854,0.6435000000000001,0.6271,0.6597000000000001
2020-05-26,0.6435045317220544,0.6269154516189531,0.6598396899545695,0.9560143626570916,0.9466553674157105,0.9641485926335854,0.6435000000000001,0.6271,0.6597000000000001
2020-05-27,0.6435045317220544,0.6269154516189531,0.6598396899545695,0.9560143626570916,0.9466553674157105,0.9641485926335854,0.6435000000000001,0.6271,0.6597000000000001
2020-05-28,0.6435045317220544,0.6269154516189531,0.6598396899545695,0.9560143626570916,0.9466553674157105,0.9641485926335854,0.6435000000000001,0.6271,0.6597000000000001
2020-05-29,0.6435045317220544,0.6269154516189531,0.6598396899545695,0.9560143626570916,0.9466553674157105,0.9641485926335854,0.6435000000000001,0.6271,0.6597000000000001
2020-05-30,0.6435045317220544,0.6269154516189531,0.6598396899545695,0.9560143626570916,0.9466553674157105,0.9641485926335854,0.6435000000000001,0.6271,0.6597000000000001
2020-05-31,0.6435045317220544,0.6269154516189531,0.6598396899545695,0.9560143626570916,0.9466553674157105,0.9641485926335854,0.6435000000000001,0.6271,0.6597000000000001
2020-06-01,0.6435045317220544,0.6269154516189531,0.6598396899545695,0.9560143626570916,0.9466553674157105,0.9641485926335854,0.6435000000000001,0.6271,0.6597000000000001
2020-06-02,0.6435045317220544,0.6269154516189531,0.6598396899545695,0.9560143626570916,0.9466553674157105,0.9641485926335854,0.6435000000000001,0.6271,0.6597000000000001
2020-06-03,0.6435045317220544,0.6269154516189531,0.6598396899545695,0.9560143626570916,0.9466553674157105,0.9641485926335854,0.6435000000000001,0.6271,0.6597000000000001
2020-06-04,0.6435045317220544,0.6269154516189531,0.6598396899545695,0.9560143626570916,0.9466553674157105,0.9641485926335854,0.6435000000000001,0.6271,0.6597000000000001
2020-06-05,0.6435045317220544,0.6269154516189531,0.6598396899545695,0.9560143626570916,0.9466553674157105,0.9641485926335854,0.6435000000000001,0.6271,0.6597000000000001
2020-06-06,0.6435045317220544,0.6269154516189531,0.6598396899545695,0.9560143626570916,0.9466553674157105,0.9641485926335854,0.6435000000000001,0.6271,0.6597000000000001
2020-06-07,0.6435045317220544,0.6269154516189531,0.6598396899545695,0.9560143626570916,0.9466553674157105,0.9641485926335854,0.6435000000000001,0.6271,0.6597000000000001
2020-06-08,0.6435045317220544,0.6269154516189531,0.6598396899545695,0.9560143626570916,0.9466553674157105,0.9641485926335854,0.6435000000000001,0.6271,0.6597000000000001
2020-06-09,0.6435045317220544,0.6269154516189531,0.6598396899545695,0.9560143626570916,0.9466553674157105,0.9641485926335854,0.6435000000000001,0.6271,0.6597000000000001
2020-06-10,0.6433524268917696,0.6267797282781014,0.6596720113341226,0.9560931899641577,0.9467504988147116,0.9642130996611106,0.6447,0.6284000000000001,0.6608
2020-06-11,0.6433524268917696,0.6267797282781014,0.6596720113341226,0.9560931899641577,0.9467504988147116,0.9642130996611106,0.6447,0.6284000000000001,0.6608
2020-06-12,0.6433524268917696,0.6267797282781014,0.6596720113341226,0.9560931899641577,0.9467504988147116,0.9642130996611106,0.6447,0.6284000000000001,0.6608
2020-06-13,0.6433524268917696,0.6267797282781014,0.6596720113341226,0.9560931899641577,0.9467504988147116,0.9642130996611106,0.6445000000000001,0.6282,0.6607000000000001
2020-06-14,0.6433524268917696,0.6267797282781014,0.6596720113341226,0.9560931899641577,0.9467504988147116,0.9642130996611106,0.6443,0.628,0.6605000000000001
2020-06-15,0.6433524268917696,0.6267797282781014,0.6596720113341226,0.9560931899641577,0.9467504988147116,0.9642130996611106,0.6443,0.628,0.6605000000000001
2020-06-16,0.6433524268917696,0.6267797282781014,0.6596720113341226,0.9560931899641577,0.9467504988147116,0.9642130996611106,0.6441,0.6278,0.6603
